jurisdiction,jur_clean,year,geographic_level,value,metric,source,source_release,source_year,download_date,unit_of_measurement,limitations
Carlsbad,carlsbad,2020,Jurisdiction,47734.0,total_housing_units,California Department of Finance E-5,2026 E-5 release,2020,2026-10-07,Housing units (count),"January 1 annual estimate from the official 2026 E-5 workbook. Historical sheets in that release may contain revised estimates. This is housing stock, not annual production."
Chula Vista,chula vista,2020,Jurisdiction,87284.0,total_housing_units,California Department of Finance E-5,2026 E-5 release,2020,2026-10-07,Housing units (count),"January 1 annual estimate from the official 2026 E-5 workbook. Historical sheets in that release may contain revised estimates. This is housing stock, not annual production."
Coronado,coronado,2020,Jurisdiction,9573.0,total_housing_units,California Department of Finance E-5,2026 E-5 release,2020,2026-10-07,Housing units (count),"January 1 annual estimate from the official 2026 E-5 workbook. Historical sheets in that release may contain revised estimates. This is housing stock, not annual production."
Del Mar,del mar,2020,Jurisdiction,2574.0,total_housing_units,California Department of Finance E-5,2026 E-5 release,2020,2026-10-07,Housing units (count),"January 1 annual estimate from the official 2026 E-5 workbook. Historical sheets in that release may contain revised estimates. This is housing stock, not annual production."
El Cajon,el cajon,2020,Jurisdiction,36749.0,total_housing_units,California Department of Finance E-5,2026 E-5 release,2020,2026-10-07,Housing units (count),"January 1 annual estimate from the official 2026 E-5 workbook. Historical sheets in that release may contain revised estimates. This is housing stock, not annual production."
Encinitas,encinitas,2020,Jurisdiction,26408.0,total_housing_units,California Department of Finance E-5,2026 E-5 release,2020,2026-10-07,Housing units (count),"January 1 annual estimate from the official 2026 E-5 workbook. Historical sheets in that release may contain revised estimates. This is housing stock, not annual production."
Escondido,escondido,2020,Jurisdiction,49998.0,total_housing_units,California Department of Finance E-5,2026 E-5 release,2020,2026-10-07,Housing units (count),"January 1 annual estimate from the official 2026 E-5 workbook. Historical sheets in that release may contain revised estimates. This is housing stock, not annual production."
Imperial Beach,imperial beach,2020,Jurisdiction,10105.0,total_housing_units,California Department of Finance E-5,2026 E-5 release,2020,2026-10-07,Housing units (count),"January 1 annual estimate from the official 2026 E-5 workbook. Historical sheets in that release may contain revised estimates. This is housing stock, not annual production."
La Mesa,la mesa,2020,Jurisdiction,26063.0,total_housing_units,California Department of Finance E-5,2026 E-5 release,2020,2026-10-07,Housing units (count),"January 1 annual estimate from the official 2026 E-5 workbook. Historical sheets in that release may contain revised estimates. This is housing stock, not annual production."
Lemon Grove,lemon grove,2020,Jurisdiction,9345.0,total_housing_units,California Department of Finance E-5,2026 E-5 release,2020,2026-10-07,Housing units (count),"January 1 annual estimate from the official 2026 E-5 workbook. Historical sheets in that release may contain revised estimates. This is housing stock, not annual production."
National City,national city,2020,Jurisdiction,17689.0,total_housing_units,California Department of Finance E-5,2026 E-5 release,2020,2026-10-07,Housing units (count),"January 1 annual estimate from the official 2026 E-5 workbook. Historical sheets in that release may contain revised estimates. This is housing stock, not annual production."
Oceanside,oceanside,2020,Jurisdiction,67371.0,total_housing_units,California Department of Finance E-5,2026 E-5 release,2020,2026-10-07,Housing units (count),"January 1 annual estimate from the official 2026 E-5 workbook. Historical sheets in that release may contain revised estimates. This is housing stock, not annual production."
Poway,poway,2020,Jurisdiction,16877.0,total_housing_units,California Department of Finance E-5,2026 E-5 release,2020,2026-10-07,Housing units (count),"January 1 annual estimate from the official 2026 E-5 workbook. Historical sheets in that release may contain revised estimates. This is housing stock, not annual production."
San Diego,san diego,2020,Jurisdiction,548934.0,total_housing_units,California Department of Finance E-5,2026 E-5 release,2020,2026-10-07,Housing units (count),"January 1 annual estimate from the official 2026 E-5 workbook. Historical sheets in that release may contain revised estimates. This is housing stock, not annual production."
San Marcos,san marcos,2020,Jurisdiction,31724.0,total_housing_units,California Department of Finance E-5,2026 E-5 release,2020,2026-10-07,Housing units (count),"January 1 annual estimate from the official 2026 E-5 workbook. Historical sheets in that release may contain revised estimates. This is housing stock, not annual production."
Santee,santee,2020,Jurisdiction,21848.0,total_housing_units,California Department of Finance E-5,2026 E-5 release,2020,2026-10-07,Housing units (count),"January 1 annual estimate from the official 2026 E-5 workbook. Historical sheets in that release may contain revised estimates. This is housing stock, not annual production."
Solana Beach,solana beach,2020,Jurisdiction,6574.0,total_housing_units,California Department of Finance E-5,2026 E-5 release,2020,2026-10-07,Housing units (count),"January 1 annual estimate from the official 2026 E-5 workbook. Historical sheets in that release may contain revised estimates. This is housing stock, not annual production."
Vista,vista,2020,Jurisdiction,32815.0,total_housing_units,California Department of Finance E-5,2026 E-5 release,2020,2026-10-07,Housing units (count),"January 1 annual estimate from the official 2026 E-5 workbook. Historical sheets in that release may contain revised estimates. This is housing stock, not annual production."
Unincorporated San Diego County,unincorporated san diego county,2020,Jurisdiction,178840.0,total_housing_units,California Department of Finance E-5,2026 E-5 release,2020,2026-10-07,Housing units (count),"January 1 annual estimate from the official 2026 E-5 workbook. Historical sheets in that release may contain revised estimates. This is housing stock, not annual production."
San Diego County (Countywide),san diego county countywide,2020,Countywide,1228505.0,total_housing_units,California Department of Finance E-5,2026 E-5 release,2020,2026-10-07,Housing units (count),"January 1 annual estimate from the official 2026 E-5 workbook. Historical sheets in that release may contain revised estimates. This is housing stock, not annual production."
Carlsbad,carlsbad,2021,Jurisdiction,47981.0,total_housing_units,California Department of Finance E-5,2026 E-5 release,2021,2026-10-07,Housing units (count),"January 1 annual estimate from the official 2026 E-5 workbook. Historical sheets in that release may contain revised estimates. This is housing stock, not annual production."
Chula Vista,chula vista,2021,Jurisdiction,87838.0,total_housing_units,California Department of Finance E-5,2026 E-5 release,2021,2026-10-07,Housing units (count),"January 1 annual estimate from the official 2026 E-5 workbook. Historical sheets in that release may contain revised estimates. This is housing stock, not annual production."
Coronado,coronado,2021,Jurisdiction,9579.0,total_housing_units,California Department of Finance E-5,2026 E-5 release,2021,2026-10-07,Housing units (count),"January 1 annual estimate from the official 2026 E-5 workbook. Historical sheets in that release may contain revised estimates. This is housing stock, not annual production."
Del Mar,del mar,2021,Jurisdiction,2576.0,total_housing_units,California Department of Finance E-5,2026 E-5 release,2021,2026-10-07,Housing units (count),"January 1 annual estimate from the official 2026 E-5 workbook. Historical sheets in that release may contain revised estimates. This is housing stock, not annual production."
El Cajon,el cajon,2021,Jurisdiction,36786.0,total_housing_units,California Department of Finance E-5,2026 E-5 release,2021,2026-10-07,Housing units (count),"January 1 annual estimate from the official 2026 E-5 workbook. Historical sheets in that release may contain revised estimates. This is housing stock, not annual production."
Encinitas,encinitas,2021,Jurisdiction,26516.0,total_housing_units,California Department of Finance E-5,2026 E-5 release,2021,2026-10-07,Housing units (count),"January 1 annual estimate from the official 2026 E-5 workbook. Historical sheets in that release may contain revised estimates. This is housing stock, not annual production."
Escondido,escondido,2021,Jurisdiction,50160.0,total_housing_units,California Department of Finance E-5,2026 E-5 release,2021,2026-10-07,Housing units (count),"January 1 annual estimate from the official 2026 E-5 workbook. Historical sheets in that release may contain revised estimates. This is housing stock, not annual production."
Imperial Beach,imperial beach,2021,Jurisdiction,10118.0,total_housing_units,California Department of Finance E-5,2026 E-5 release,2021,2026-10-07,Housing units (count),"January 1 annual estimate from the official 2026 E-5 workbook. Historical sheets in that release may contain revised estimates. This is housing stock, not annual production."
La Mesa,la mesa,2021,Jurisdiction,26137.0,total_housing_units,California Department of Finance E-5,2026 E-5 release,2021,2026-10-07,Housing units (count),"January 1 annual estimate from the official 2026 E-5 workbook. Historical sheets in that release may contain revised estimates. This is housing stock, not annual production."
Lemon Grove,lemon grove,2021,Jurisdiction,9351.0,total_housing_units,California Department of Finance E-5,2026 E-5 release,2021,2026-10-07,Housing units (count),"January 1 annual estimate from the official 2026 E-5 workbook. Historical sheets in that release may contain revised estimates. This is housing stock, not annual production."
National City,national city,2021,Jurisdiction,17847.0,total_housing_units,California Department of Finance E-5,2026 E-5 release,2021,2026-10-07,Housing units (count),"January 1 annual estimate from the official 2026 E-5 workbook. Historical sheets in that release may contain revised estimates. This is housing stock, not annual production."
Oceanside,oceanside,2021,Jurisdiction,67576.0,total_housing_units,California Department of Finance E-5,2026 E-5 release,2021,2026-10-07,Housing units (count),"January 1 annual estimate from the official 2026 E-5 workbook. Historical sheets in that release may contain revised estimates. This is housing stock, not annual production."
Poway,poway,2021,Jurisdiction,16889.0,total_housing_units,California Department of Finance E-5,2026 E-5 release,2021,2026-10-07,Housing units (count),"January 1 annual estimate from the official 2026 E-5 workbook. Historical sheets in that release may contain revised estimates. This is housing stock, not annual production."
San Diego,san diego,2021,Jurisdiction,552410.0,total_housing_units,California Department of Finance E-5,2026 E-5 release,2021,2026-10-07,Housing units (count),"January 1 annual estimate from the official 2026 E-5 workbook. Historical sheets in that release may contain revised estimates. This is housing stock, not annual production."
San Marcos,san marcos,2021,Jurisdiction,31908.0,total_housing_units,California Department of Finance E-5,2026 E-5 release,2021,2026-10-07,Housing units (count),"January 1 annual estimate from the official 2026 E-5 workbook. Historical sheets in that release may contain revised estimates. This is housing stock, not annual production."
Santee,santee,2021,Jurisdiction,21849.0,total_housing_units,California Department of Finance E-5,2026 E-5 release,2021,2026-10-07,Housing units (count),"January 1 annual estimate from the official 2026 E-5 workbook. Historical sheets in that release may contain revised estimates. This is housing stock, not annual production."
Solana Beach,solana beach,2021,Jurisdiction,6581.0,total_housing_units,California Department of Finance E-5,2026 E-5 release,2021,2026-10-07,Housing units (count),"January 1 annual estimate from the official 2026 E-5 workbook. Historical sheets in that release may contain revised estimates. This is housing stock, not annual production."
Vista,vista,2021,Jurisdiction,33215.0,total_housing_units,California Department of Finance E-5,2026 E-5 release,2021,2026-10-07,Housing units (count),"January 1 annual estimate from the official 2026 E-5 workbook. Historical sheets in that release may contain revised estimates. This is housing stock, not annual production."
Unincorporated San Diego County,unincorporated san diego county,2021,Jurisdiction,178926.0,total_housing_units,California Department of Finance E-5,2026 E-5 release,2021,2026-10-07,Housing units (count),"January 1 annual estimate from the official 2026 E-5 workbook. Historical sheets in that release may contain revised estimates. This is housing stock, not annual production."
San Diego County (Countywide),san diego county countywide,2021,Countywide,1234243.0,total_housing_units,California Department of Finance E-5,2026 E-5 release,2021,2026-10-07,Housing units (count),"January 1 annual estimate from the official 2026 E-5 workbook. Historical sheets in that release may contain revised estimates. This is housing stock, not annual production."
Carlsbad,carlsbad,2022,Jurisdiction,48385.0,total_housing_units,California Department of Finance E-5,2026 E-5 release,2022,2026-10-07,Housing units (count),"January 1 annual estimate from the official 2026 E-5 workbook. Historical sheets in that release may contain revised estimates. This is housing stock, not annual production."
Chula Vista,chula vista,2022,Jurisdiction,88625.0,total_housing_units,California Department of Finance E-5,2026 E-5 release,2022,2026-10-07,Housing units (count),"January 1 annual estimate from the official 2026 E-5 workbook. Historical sheets in that release may contain revised estimates. This is housing stock, not annual production."
Coronado,coronado,2022,Jurisdiction,9591.0,total_housing_units,California Department of Finance E-5,2026 E-5 release,2022,2026-10-07,Housing units (count),"January 1 annual estimate from the official 2026 E-5 workbook. Historical sheets in that release may contain revised estimates. This is housing stock, not annual production."
Del Mar,del mar,2022,Jurisdiction,2582.0,total_housing_units,California Department of Finance E-5,2026 E-5 release,2022,2026-10-07,Housing units (count),"January 1 annual estimate from the official 2026 E-5 workbook. Historical sheets in that release may contain revised estimates. This is housing stock, not annual production."
El Cajon,el cajon,2022,Jurisdiction,36837.0,total_housing_units,California Department of Finance E-5,2026 E-5 release,2022,2026-10-07,Housing units (count),"January 1 annual estimate from the official 2026 E-5 workbook. Historical sheets in that release may contain revised estimates. This is housing stock, not annual production."
Encinitas,encinitas,2022,Jurisdiction,26670.0,total_housing_units,California Department of Finance E-5,2026 E-5 release,2022,2026-10-07,Housing units (count),"January 1 annual estimate from the official 2026 E-5 workbook. Historical sheets in that release may contain revised estimates. This is housing stock, not annual production."
Escondido,escondido,2022,Jurisdiction,50383.0,total_housing_units,California Department of Finance E-5,2026 E-5 release,2022,2026-10-07,Housing units (count),"January 1 annual estimate from the official 2026 E-5 workbook. Historical sheets in that release may contain revised estimates. This is housing stock, not annual production."
Imperial Beach,imperial beach,2022,Jurisdiction,10159.0,total_housing_units,California Department of Finance E-5,2026 E-5 release,2022,2026-10-07,Housing units (count),"January 1 annual estimate from the official 2026 E-5 workbook. Historical sheets in that release may contain revised estimates. This is housing stock, not annual production."
La Mesa,la mesa,2022,Jurisdiction,26319.0,total_housing_units,California Department of Finance E-5,2026 E-5 release,2022,2026-10-07,Housing units (count),"January 1 annual estimate from the official 2026 E-5 workbook. Historical sheets in that release may contain revised estimates. This is housing stock, not annual production."
Lemon Grove,lemon grove,2022,Jurisdiction,9375.0,total_housing_units,California Department of Finance E-5,2026 E-5 release,2022,2026-10-07,Housing units (count),"January 1 annual estimate from the official 2026 E-5 workbook. Historical sheets in that release may contain revised estimates. This is housing stock, not annual production."
National City,national city,2022,Jurisdiction,17860.0,total_housing_units,California Department of Finance E-5,2026 E-5 release,2022,2026-10-07,Housing units (count),"January 1 annual estimate from the official 2026 E-5 workbook. Historical sheets in that release may contain revised estimates. This is housing stock, not annual production."
Oceanside,oceanside,2022,Jurisdiction,67853.0,total_housing_units,California Department of Finance E-5,2026 E-5 release,2022,2026-10-07,Housing units (count),"January 1 annual estimate from the official 2026 E-5 workbook. Historical sheets in that release may contain revised estimates. This is housing stock, not annual production."
Poway,poway,2022,Jurisdiction,17013.0,total_housing_units,California Department of Finance E-5,2026 E-5 release,2022,2026-10-07,Housing units (count),"January 1 annual estimate from the official 2026 E-5 workbook. Historical sheets in that release may contain revised estimates. This is housing stock, not annual production."
San Diego,san diego,2022,Jurisdiction,558788.0,total_housing_units,California Department of Finance E-5,2026 E-5 release,2022,2026-10-07,Housing units (count),"January 1 annual estimate from the official 2026 E-5 workbook. Historical sheets in that release may contain revised estimates. This is housing stock, not annual production."
San Marcos,san marcos,2022,Jurisdiction,32000.0,total_housing_units,California Department of Finance E-5,2026 E-5 release,2022,2026-10-07,Housing units (count),"January 1 annual estimate from the official 2026 E-5 workbook. Historical sheets in that release may contain revised estimates. This is housing stock, not annual production."
Santee,santee,2022,Jurisdiction,22019.0,total_housing_units,California Department of Finance E-5,2026 E-5 release,2022,2026-10-07,Housing units (count),"January 1 annual estimate from the official 2026 E-5 workbook. Historical sheets in that release may contain revised estimates. This is housing stock, not annual production."
Solana Beach,solana beach,2022,Jurisdiction,6592.0,total_housing_units,California Department of Finance E-5,2026 E-5 release,2022,2026-10-07,Housing units (count),"January 1 annual estimate from the official 2026 E-5 workbook. Historical sheets in that release may contain revised estimates. This is housing stock, not annual production."
Vista,vista,2022,Jurisdiction,33762.0,total_housing_units,California Department of Finance E-5,2026 E-5 release,2022,2026-10-07,Housing units (count),"January 1 annual estimate from the official 2026 E-5 workbook. Historical sheets in that release may contain revised estimates. This is housing stock, not annual production."
Unincorporated San Diego County,unincorporated san diego county,2022,Jurisdiction,179981.0,total_housing_units,California Department of Finance E-5,2026 E-5 release,2022,2026-10-07,Housing units (count),"January 1 annual estimate from the official 2026 E-5 workbook. Historical sheets in that release may contain revised estimates. This is housing stock, not annual production."
San Diego County (Countywide),san diego county countywide,2022,Countywide,1244794.0,total_housing_units,California Department of Finance E-5,2026 E-5 release,2022,2026-10-07,Housing units (count),"January 1 annual estimate from the official 2026 E-5 workbook. Historical sheets in that release may contain revised estimates. This is housing stock, not annual production."
Carlsbad,carlsbad,2023,Jurisdiction,48601.0,total_housing_units,California Department of Finance E-5,2026 E-5 release,2023,2026-10-07,Housing units (count),"January 1 annual estimate from the official 2026 E-5 workbook. Historical sheets in that release may contain revised estimates. This is housing stock, not annual production."
Chula Vista,chula vista,2023,Jurisdiction,89482.0,total_housing_units,California Department of Finance E-5,2026 E-5 release,2023,2026-10-07,Housing units (count),"January 1 annual estimate from the official 2026 E-5 workbook. Historical sheets in that release may contain revised estimates. This is housing stock, not annual production."
Coronado,coronado,2023,Jurisdiction,9601.0,total_housing_units,California Department of Finance E-5,2026 E-5 release,2023,2026-10-07,Housing units (count),"January 1 annual estimate from the official 2026 E-5 workbook. Historical sheets in that release may contain revised estimates. This is housing stock, not annual production."
Del Mar,del mar,2023,Jurisdiction,2601.0,total_housing_units,California Department of Finance E-5,2026 E-5 release,2023,2026-10-07,Housing units (count),"January 1 annual estimate from the official 2026 E-5 workbook. Historical sheets in that release may contain revised estimates. This is housing stock, not annual production."
El Cajon,el cajon,2023,Jurisdiction,36871.0,total_housing_units,California Department of Finance E-5,2026 E-5 release,2023,2026-10-07,Housing units (count),"January 1 annual estimate from the official 2026 E-5 workbook. Historical sheets in that release may contain revised estimates. This is housing stock, not annual production."
Encinitas,encinitas,2023,Jurisdiction,26776.0,total_housing_units,California Department of Finance E-5,2026 E-5 release,2023,2026-10-07,Housing units (count),"January 1 annual estimate from the official 2026 E-5 workbook. Historical sheets in that release may contain revised estimates. This is housing stock, not annual production."
Escondido,escondido,2023,Jurisdiction,50655.0,total_housing_units,California Department of Finance E-5,2026 E-5 release,2023,2026-10-07,Housing units (count),"January 1 annual estimate from the official 2026 E-5 workbook. Historical sheets in that release may contain revised estimates. This is housing stock, not annual production."
Imperial Beach,imperial beach,2023,Jurisdiction,10188.0,total_housing_units,California Department of Finance E-5,2026 E-5 release,2023,2026-10-07,Housing units (count),"January 1 annual estimate from the official 2026 E-5 workbook. Historical sheets in that release may contain revised estimates. This is housing stock, not annual production."
La Mesa,la mesa,2023,Jurisdiction,26589.0,total_housing_units,California Department of Finance E-5,2026 E-5 release,2023,2026-10-07,Housing units (count),"January 1 annual estimate from the official 2026 E-5 workbook. Historical sheets in that release may contain revised estimates. This is housing stock, not annual production."
Lemon Grove,lemon grove,2023,Jurisdiction,9560.0,total_housing_units,California Department of Finance E-5,2026 E-5 release,2023,2026-10-07,Housing units (count),"January 1 annual estimate from the official 2026 E-5 workbook. Historical sheets in that release may contain revised estimates. This is housing stock, not annual production."
National City,national city,2023,Jurisdiction,17964.0,total_housing_units,California Department of Finance E-5,2026 E-5 release,2023,2026-10-07,Housing units (count),"January 1 annual estimate from the official 2026 E-5 workbook. Historical sheets in that release may contain revised estimates. This is housing stock, not annual production."
Oceanside,oceanside,2023,Jurisdiction,68064.0,total_housing_units,California Department of Finance E-5,2026 E-5 release,2023,2026-10-07,Housing units (count),"January 1 annual estimate from the official 2026 E-5 workbook. Historical sheets in that release may contain revised estimates. This is housing stock, not annual production."
Poway,poway,2023,Jurisdiction,17129.0,total_housing_units,California Department of Finance E-5,2026 E-5 release,2023,2026-10-07,Housing units (count),"January 1 annual estimate from the official 2026 E-5 workbook. Historical sheets in that release may contain revised estimates. This is housing stock, not annual production."
San Diego,san diego,2023,Jurisdiction,565822.0,total_housing_units,California Department of Finance E-5,2026 E-5 release,2023,2026-10-07,Housing units (count),"January 1 annual estimate from the official 2026 E-5 workbook. Historical sheets in that release may contain revised estimates. This is housing stock, not annual production."
San Marcos,san marcos,2023,Jurisdiction,32339.0,total_housing_units,California Department of Finance E-5,2026 E-5 release,2023,2026-10-07,Housing units (count),"January 1 annual estimate from the official 2026 E-5 workbook. Historical sheets in that release may contain revised estimates. This is housing stock, not annual production."
Santee,santee,2023,Jurisdiction,22369.0,total_housing_units,California Department of Finance E-5,2026 E-5 release,2023,2026-10-07,Housing units (count),"January 1 annual estimate from the official 2026 E-5 workbook. Historical sheets in that release may contain revised estimates. This is housing stock, not annual production."
Solana Beach,solana beach,2023,Jurisdiction,6643.0,total_housing_units,California Department of Finance E-5,2026 E-5 release,2023,2026-10-07,Housing units (count),"January 1 annual estimate from the official 2026 E-5 workbook. Historical sheets in that release may contain revised estimates. This is housing stock, not annual production."
Vista,vista,2023,Jurisdiction,33998.0,total_housing_units,California Department of Finance E-5,2026 E-5 release,2023,2026-10-07,Housing units (count),"January 1 annual estimate from the official 2026 E-5 workbook. Historical sheets in that release may contain revised estimates. This is housing stock, not annual production."
Unincorporated San Diego County,unincorporated san diego county,2023,Jurisdiction,181245.0,total_housing_units,California Department of Finance E-5,2026 E-5 release,2023,2026-10-07,Housing units (count),"January 1 annual estimate from the official 2026 E-5 workbook. Historical sheets in that release may contain revised estimates. This is housing stock, not annual production."
San Diego County (Countywide),san diego county countywide,2023,Countywide,1256497.0,total_housing_units,California Department of Finance E-5,2026 E-5 release,2023,2026-10-07,Housing units (count),"January 1 annual estimate from the official 2026 E-5 workbook. Historical sheets in that release may contain revised estimates. This is housing stock, not annual production."
Carlsbad,carlsbad,2024,Jurisdiction,48659.0,total_housing_units,California Department of Finance E-5,2026 E-5 release,2024,2026-10-07,Housing units (count),"January 1 annual estimate from the official 2026 E-5 workbook. Historical sheets in that release may contain revised estimates. This is housing stock, not annual production."
Chula Vista,chula vista,2024,Jurisdiction,90639.0,total_housing_units,California Department of Finance E-5,2026 E-5 release,2024,2026-10-07,Housing units (count),"January 1 annual estimate from the official 2026 E-5 workbook. Historical sheets in that release may contain revised estimates. This is housing stock, not annual production."
Coronado,coronado,2024,Jurisdiction,9617.0,total_housing_units,California Department of Finance E-5,2026 E-5 release,2024,2026-10-07,Housing units (count),"January 1 annual estimate from the official 2026 E-5 workbook. Historical sheets in that release may contain revised estimates. This is housing stock, not annual production."
Del Mar,del mar,2024,Jurisdiction,2621.0,total_housing_units,California Department of Finance E-5,2026 E-5 release,2024,2026-10-07,Housing units (count),"January 1 annual estimate from the official 2026 E-5 workbook. Historical sheets in that release may contain revised estimates. This is housing stock, not annual production."
El Cajon,el cajon,2024,Jurisdiction,36925.0,total_housing_units,California Department of Finance E-5,2026 E-5 release,2024,2026-10-07,Housing units (count),"January 1 annual estimate from the official 2026 E-5 workbook. Historical sheets in that release may contain revised estimates. This is housing stock, not annual production."
Encinitas,encinitas,2024,Jurisdiction,26879.0,total_housing_units,California Department of Finance E-5,2026 E-5 release,2024,2026-10-07,Housing units (count),"January 1 annual estimate from the official 2026 E-5 workbook. Historical sheets in that release may contain revised estimates. This is housing stock, not annual production."
Escondido,escondido,2024,Jurisdiction,50848.0,total_housing_units,California Department of Finance E-5,2026 E-5 release,2024,2026-10-07,Housing units (count),"January 1 annual estimate from the official 2026 E-5 workbook. Historical sheets in that release may contain revised estimates. This is housing stock, not annual production."
Imperial Beach,imperial beach,2024,Jurisdiction,10220.0,total_housing_units,California Department of Finance E-5,2026 E-5 release,2024,2026-10-07,Housing units (count),"January 1 annual estimate from the official 2026 E-5 workbook. Historical sheets in that release may contain revised estimates. This is housing stock, not annual production."
La Mesa,la mesa,2024,Jurisdiction,26732.0,total_housing_units,California Department of Finance E-5,2026 E-5 release,2024,2026-10-07,Housing units (count),"January 1 annual estimate from the official 2026 E-5 workbook. Historical sheets in that release may contain revised estimates. This is housing stock, not annual production."
Lemon Grove,lemon grove,2024,Jurisdiction,9651.0,total_housing_units,California Department of Finance E-5,2026 E-5 release,2024,2026-10-07,Housing units (count),"January 1 annual estimate from the official 2026 E-5 workbook. Historical sheets in that release may contain revised estimates. This is housing stock, not annual production."
National City,national city,2024,Jurisdiction,18154.0,total_housing_units,California Department of Finance E-5,2026 E-5 release,2024,2026-10-07,Housing units (count),"January 1 annual estimate from the official 2026 E-5 workbook. Historical sheets in that release may contain revised estimates. This is housing stock, not annual production."
Oceanside,oceanside,2024,Jurisdiction,68300.0,total_housing_units,California Department of Finance E-5,2026 E-5 release,2024,2026-10-07,Housing units (count),"January 1 annual estimate from the official 2026 E-5 workbook. Historical sheets in that release may contain revised estimates. This is housing stock, not annual production."
Poway,poway,2024,Jurisdiction,17494.0,total_housing_units,California Department of Finance E-5,2026 E-5 release,2024,2026-10-07,Housing units (count),"January 1 annual estimate from the official 2026 E-5 workbook. Historical sheets in that release may contain revised estimates. This is housing stock, not annual production."
San Diego,san diego,2024,Jurisdiction,571542.0,total_housing_units,California Department of Finance E-5,2026 E-5 release,2024,2026-10-07,Housing units (count),"January 1 annual estimate from the official 2026 E-5 workbook. Historical sheets in that release may contain revised estimates. This is housing stock, not annual production."
San Marcos,san marcos,2024,Jurisdiction,32972.0,total_housing_units,California Department of Finance E-5,2026 E-5 release,2024,2026-10-07,Housing units (count),"January 1 annual estimate from the official 2026 E-5 workbook. Historical sheets in that release may contain revised estimates. This is housing stock, not annual production."
Santee,santee,2024,Jurisdiction,22391.0,total_housing_units,California Department of Finance E-5,2026 E-5 release,2024,2026-10-07,Housing units (count),"January 1 annual estimate from the official 2026 E-5 workbook. Historical sheets in that release may contain revised estimates. This is housing stock, not annual production."
Solana Beach,solana beach,2024,Jurisdiction,6723.0,total_housing_units,California Department of Finance E-5,2026 E-5 release,2024,2026-10-07,Housing units (count),"January 1 annual estimate from the official 2026 E-5 workbook. Historical sheets in that release may contain revised estimates. This is housing stock, not annual production."
Vista,vista,2024,Jurisdiction,34174.0,total_housing_units,California Department of Finance E-5,2026 E-5 release,2024,2026-10-07,Housing units (count),"January 1 annual estimate from the official 2026 E-5 workbook. Historical sheets in that release may contain revised estimates. This is housing stock, not annual production."
Unincorporated San Diego County,unincorporated san diego county,2024,Jurisdiction,182378.0,total_housing_units,California Department of Finance E-5,2026 E-5 release,2024,2026-10-07,Housing units (count),"January 1 annual estimate from the official 2026 E-5 workbook. Historical sheets in that release may contain revised estimates. This is housing stock, not annual production."
San Diego County (Countywide),san diego county countywide,2024,Countywide,1266919.0,total_housing_units,California Department of Finance E-5,2026 E-5 release,2024,2026-10-07,Housing units (count),"January 1 annual estimate from the official 2026 E-5 workbook. Historical sheets in that release may contain revised estimates. This is housing stock, not annual production."
Carlsbad,carlsbad,2025,Jurisdiction,48888.0,total_housing_units,California Department of Finance E-5,2026 E-5 release,2025,2026-10-07,Housing units (count),"January 1 annual estimate from the official 2026 E-5 workbook. Historical sheets in that release may contain revised estimates. This is housing stock, not annual production."
Chula Vista,chula vista,2025,Jurisdiction,91485.0,total_housing_units,California Department of Finance E-5,2026 E-5 release,2025,2026-10-07,Housing units (count),"January 1 annual estimate from the official 2026 E-5 workbook. Historical sheets in that release may contain revised estimates. This is housing stock, not annual production."
Coronado,coronado,2025,Jurisdiction,9646.0,total_housing_units,California Department of Finance E-5,2026 E-5 release,2025,2026-10-07,Housing units (count),"January 1 annual estimate from the official 2026 E-5 workbook. Historical sheets in that release may contain revised estimates. This is housing stock, not annual production."
Del Mar,del mar,2025,Jurisdiction,2641.0,total_housing_units,California Department of Finance E-5,2026 E-5 release,2025,2026-10-07,Housing units (count),"January 1 annual estimate from the official 2026 E-5 workbook. Historical sheets in that release may contain revised estimates. This is housing stock, not annual production."
El Cajon,el cajon,2025,Jurisdiction,37011.0,total_housing_units,California Department of Finance E-5,2026 E-5 release,2025,2026-10-07,Housing units (count),"January 1 annual estimate from the official 2026 E-5 workbook. Historical sheets in that release may contain revised estimates. This is housing stock, not annual production."
Encinitas,encinitas,2025,Jurisdiction,27118.0,total_housing_units,California Department of Finance E-5,2026 E-5 release,2025,2026-10-07,Housing units (count),"January 1 annual estimate from the official 2026 E-5 workbook. Historical sheets in that release may contain revised estimates. This is housing stock, not annual production."
Escondido,escondido,2025,Jurisdiction,50883.0,total_housing_units,California Department of Finance E-5,2026 E-5 release,2025,2026-10-07,Housing units (count),"January 1 annual estimate from the official 2026 E-5 workbook. Historical sheets in that release may contain revised estimates. This is housing stock, not annual production."
Imperial Beach,imperial beach,2025,Jurisdiction,10269.0,total_housing_units,California Department of Finance E-5,2026 E-5 release,2025,2026-10-07,Housing units (count),"January 1 annual estimate from the official 2026 E-5 workbook. Historical sheets in that release may contain revised estimates. This is housing stock, not annual production."
La Mesa,la mesa,2025,Jurisdiction,26851.0,total_housing_units,California Department of Finance E-5,2026 E-5 release,2025,2026-10-07,Housing units (count),"January 1 annual estimate from the official 2026 E-5 workbook. Historical sheets in that release may contain revised estimates. This is housing stock, not annual production."
Lemon Grove,lemon grove,2025,Jurisdiction,9812.0,total_housing_units,California Department of Finance E-5,2026 E-5 release,2025,2026-10-07,Housing units (count),"January 1 annual estimate from the official 2026 E-5 workbook. Historical sheets in that release may contain revised estimates. This is housing stock, not annual production."
National City,national city,2025,Jurisdiction,18298.0,total_housing_units,California Department of Finance E-5,2026 E-5 release,2025,2026-10-07,Housing units (count),"January 1 annual estimate from the official 2026 E-5 workbook. Historical sheets in that release may contain revised estimates. This is housing stock, not annual production."
Oceanside,oceanside,2025,Jurisdiction,69097.0,total_housing_units,California Department of Finance E-5,2026 E-5 release,2025,2026-10-07,Housing units (count),"January 1 annual estimate from the official 2026 E-5 workbook. Historical sheets in that release may contain revised estimates. This is housing stock, not annual production."
Poway,poway,2025,Jurisdiction,17773.0,total_housing_units,California Department of Finance E-5,2026 E-5 release,2025,2026-10-07,Housing units (count),"January 1 annual estimate from the official 2026 E-5 workbook. Historical sheets in that release may contain revised estimates. This is housing stock, not annual production."
San Diego,san diego,2025,Jurisdiction,581050.0,total_housing_units,California Department of Finance E-5,2026 E-5 release,2025,2026-10-07,Housing units (count),"January 1 annual estimate from the official 2026 E-5 workbook. Historical sheets in that release may contain revised estimates. This is housing stock, not annual production."
San Marcos,san marcos,2025,Jurisdiction,33157.0,total_housing_units,California Department of Finance E-5,2026 E-5 release,2025,2026-10-07,Housing units (count),"January 1 annual estimate from the official 2026 E-5 workbook. Historical sheets in that release may contain revised estimates. This is housing stock, not annual production."
Santee,santee,2025,Jurisdiction,22458.0,total_housing_units,California Department of Finance E-5,2026 E-5 release,2025,2026-10-07,Housing units (count),"January 1 annual estimate from the official 2026 E-5 workbook. Historical sheets in that release may contain revised estimates. This is housing stock, not annual production."
Solana Beach,solana beach,2025,Jurisdiction,6736.0,total_housing_units,California Department of Finance E-5,2026 E-5 release,2025,2026-10-07,Housing units (count),"January 1 annual estimate from the official 2026 E-5 workbook. Historical sheets in that release may contain revised estimates. This is housing stock, not annual production."
Vista,vista,2025,Jurisdiction,34384.0,total_housing_units,California Department of Finance E-5,2026 E-5 release,2025,2026-10-07,Housing units (count),"January 1 annual estimate from the official 2026 E-5 workbook. Historical sheets in that release may contain revised estimates. This is housing stock, not annual production."
Unincorporated San Diego County,unincorporated san diego county,2025,Jurisdiction,183336.0,total_housing_units,California Department of Finance E-5,2026 E-5 release,2025,2026-10-07,Housing units (count),"January 1 annual estimate from the official 2026 E-5 workbook. Historical sheets in that release may contain revised estimates. This is housing stock, not annual production."
San Diego County (Countywide),san diego county countywide,2025,Countywide,1280893.0,total_housing_units,California Department of Finance E-5,2026 E-5 release,2025,2026-10-07,Housing units (count),"January 1 annual estimate from the official 2026 E-5 workbook. Historical sheets in that release may contain revised estimates. This is housing stock, not annual production."
Carlsbad,carlsbad,2020,Jurisdiction,44775.0,occupied_housing_units,California Department of Finance E-5,2026 E-5 release,2020,2026-10-07,Housing units (count),"January 1 annual estimate from the official 2026 E-5 workbook. Historical sheets in that release may contain revised estimates. This is housing stock, not annual production."
Chula Vista,chula vista,2020,Jurisdiction,84579.0,occupied_housing_units,California Department of Finance E-5,2026 E-5 release,2020,2026-10-07,Housing units (count),"January 1 annual estimate from the official 2026 E-5 workbook. Historical sheets in that release may contain revised estimates. This is housing stock, not annual production."
Coronado,coronado,2020,Jurisdiction,7384.0,occupied_housing_units,California Department of Finance E-5,2026 E-5 release,2020,2026-10-07,Housing units (count),"January 1 annual estimate from the official 2026 E-5 workbook. Historical sheets in that release may contain revised estimates. This is housing stock, not annual production."
Del Mar,del mar,2020,Jurisdiction,1932.0,occupied_housing_units,California Department of Finance E-5,2026 E-5 release,2020,2026-10-07,Housing units (count),"January 1 annual estimate from the official 2026 E-5 workbook. Historical sheets in that release may contain revised estimates. This is housing stock, not annual production."
El Cajon,el cajon,2020,Jurisdiction,35610.0,occupied_housing_units,California Department of Finance E-5,2026 E-5 release,2020,2026-10-07,Housing units (count),"January 1 annual estimate from the official 2026 E-5 workbook. Historical sheets in that release may contain revised estimates. This is housing stock, not annual production."
Encinitas,encinitas,2020,Jurisdiction,24390.0,occupied_housing_units,California Department of Finance E-5,2026 E-5 release,2020,2026-10-07,Housing units (count),"January 1 annual estimate from the official 2026 E-5 workbook. Historical sheets in that release may contain revised estimates. This is housing stock, not annual production."
Escondido,escondido,2020,Jurisdiction,48316.0,occupied_housing_units,California Department of Finance E-5,2026 E-5 release,2020,2026-10-07,Housing units (count),"January 1 annual estimate from the official 2026 E-5 workbook. Historical sheets in that release may contain revised estimates. This is housing stock, not annual production."
Imperial Beach,imperial beach,2020,Jurisdiction,9405.0,occupied_housing_units,California Department of Finance E-5,2026 E-5 release,2020,2026-10-07,Housing units (count),"January 1 annual estimate from the official 2026 E-5 workbook. Historical sheets in that release may contain revised estimates. This is housing stock, not annual production."
La Mesa,la mesa,2020,Jurisdiction,25002.0,occupied_housing_units,California Department of Finance E-5,2026 E-5 release,2020,2026-10-07,Housing units (count),"January 1 annual estimate from the official 2026 E-5 workbook. Historical sheets in that release may contain revised estimates. This is housing stock, not annual production."
Lemon Grove,lemon grove,2020,Jurisdiction,9002.0,occupied_housing_units,California Department of Finance E-5,2026 E-5 release,2020,2026-10-07,Housing units (count),"January 1 annual estimate from the official 2026 E-5 workbook. Historical sheets in that release may contain revised estimates. This is housing stock, not annual production."
National City,national city,2020,Jurisdiction,16882.0,occupied_housing_units,California Department of Finance E-5,2026 E-5 release,2020,2026-10-07,Housing units (count),"January 1 annual estimate from the official 2026 E-5 workbook. Historical sheets in that release may contain revised estimates. This is housing stock, not annual production."
Oceanside,oceanside,2020,Jurisdiction,63032.0,occupied_housing_units,California Department of Finance E-5,2026 E-5 release,2020,2026-10-07,Housing units (count),"January 1 annual estimate from the official 2026 E-5 workbook. Historical sheets in that release may contain revised estimates. This is housing stock, not annual production."
Poway,poway,2020,Jurisdiction,16383.0,occupied_housing_units,California Department of Finance E-5,2026 E-5 release,2020,2026-10-07,Housing units (count),"January 1 annual estimate from the official 2026 E-5 workbook. Historical sheets in that release may contain revised estimates. This is housing stock, not annual production."
San Diego,san diego,2020,Jurisdiction,515676.0,occupied_housing_units,California Department of Finance E-5,2026 E-5 release,2020,2026-10-07,Housing units (count),"January 1 annual estimate from the official 2026 E-5 workbook. Historical sheets in that release may contain revised estimates. This is housing stock, not annual production."
San Marcos,san marcos,2020,Jurisdiction,30511.0,occupied_housing_units,California Department of Finance E-5,2026 E-5 release,2020,2026-10-07,Housing units (count),"January 1 annual estimate from the official 2026 E-5 workbook. Historical sheets in that release may contain revised estimates. This is housing stock, not annual production."
Santee,santee,2020,Jurisdiction,21244.0,occupied_housing_units,California Department of Finance E-5,2026 E-5 release,2020,2026-10-07,Housing units (count),"January 1 annual estimate from the official 2026 E-5 workbook. Historical sheets in that release may contain revised estimates. This is housing stock, not annual production."
Solana Beach,solana beach,2020,Jurisdiction,5646.0,occupied_housing_units,California Department of Finance E-5,2026 E-5 release,2020,2026-10-07,Housing units (count),"January 1 annual estimate from the official 2026 E-5 workbook. Historical sheets in that release may contain revised estimates. This is housing stock, not annual production."
Vista,vista,2020,Jurisdiction,31663.0,occupied_housing_units,California Department of Finance E-5,2026 E-5 release,2020,2026-10-07,Housing units (count),"January 1 annual estimate from the official 2026 E-5 workbook. Historical sheets in that release may contain revised estimates. This is housing stock, not annual production."
Unincorporated San Diego County,unincorporated san diego county,2020,Jurisdiction,167332.0,occupied_housing_units,California Department of Finance E-5,2026 E-5 release,2020,2026-10-07,Housing units (count),"January 1 annual estimate from the official 2026 E-5 workbook. Historical sheets in that release may contain revised estimates. This is housing stock, not annual production."
San Diego County (Countywide),san diego county countywide,2020,Countywide,1158764.0,occupied_housing_units,California Department of Finance E-5,2026 E-5 release,2020,2026-10-07,Housing units (count),"January 1 annual estimate from the official 2026 E-5 workbook. Historical sheets in that release may contain revised estimates. This is housing stock, not annual production."
Carlsbad,carlsbad,2021,Jurisdiction,44952.0,occupied_housing_units,California Department of Finance E-5,2026 E-5 release,2021,2026-10-07,Housing units (count),"January 1 annual estimate from the official 2026 E-5 workbook. Historical sheets in that release may contain revised estimates. This is housing stock, not annual production."
Chula Vista,chula vista,2021,Jurisdiction,85015.0,occupied_housing_units,California Department of Finance E-5,2026 E-5 release,2021,2026-10-07,Housing units (count),"January 1 annual estimate from the official 2026 E-5 workbook. Historical sheets in that release may contain revised estimates. This is housing stock, not annual production."
Coronado,coronado,2021,Jurisdiction,7382.0,occupied_housing_units,California Department of Finance E-5,2026 E-5 release,2021,2026-10-07,Housing units (count),"January 1 annual estimate from the official 2026 E-5 workbook. Historical sheets in that release may contain revised estimates. This is housing stock, not annual production."
Del Mar,del mar,2021,Jurisdiction,1922.0,occupied_housing_units,California Department of Finance E-5,2026 E-5 release,2021,2026-10-07,Housing units (count),"January 1 annual estimate from the official 2026 E-5 workbook. Historical sheets in that release may contain revised estimates. This is housing stock, not annual production."
El Cajon,el cajon,2021,Jurisdiction,35579.0,occupied_housing_units,California Department of Finance E-5,2026 E-5 release,2021,2026-10-07,Housing units (count),"January 1 annual estimate from the official 2026 E-5 workbook. Historical sheets in that release may contain revised estimates. This is housing stock, not annual production."
Encinitas,encinitas,2021,Jurisdiction,24490.0,occupied_housing_units,California Department of Finance E-5,2026 E-5 release,2021,2026-10-07,Housing units (count),"January 1 annual estimate from the official 2026 E-5 workbook. Historical sheets in that release may contain revised estimates. This is housing stock, not annual production."
Escondido,escondido,2021,Jurisdiction,48424.0,occupied_housing_units,California Department of Finance E-5,2026 E-5 release,2021,2026-10-07,Housing units (count),"January 1 annual estimate from the official 2026 E-5 workbook. Historical sheets in that release may contain revised estimates. This is housing stock, not annual production."
Imperial Beach,imperial beach,2021,Jurisdiction,9395.0,occupied_housing_units,California Department of Finance E-5,2026 E-5 release,2021,2026-10-07,Housing units (count),"January 1 annual estimate from the official 2026 E-5 workbook. Historical sheets in that release may contain revised estimates. This is housing stock, not annual production."
La Mesa,la mesa,2021,Jurisdiction,25094.0,occupied_housing_units,California Department of Finance E-5,2026 E-5 release,2021,2026-10-07,Housing units (count),"January 1 annual estimate from the official 2026 E-5 workbook. Historical sheets in that release may contain revised estimates. This is housing stock, not annual production."
Lemon Grove,lemon grove,2021,Jurisdiction,9011.0,occupied_housing_units,California Department of Finance E-5,2026 E-5 release,2021,2026-10-07,Housing units (count),"January 1 annual estimate from the official 2026 E-5 workbook. Historical sheets in that release may contain revised estimates. This is housing stock, not annual production."
National City,national city,2021,Jurisdiction,17031.0,occupied_housing_units,California Department of Finance E-5,2026 E-5 release,2021,2026-10-07,Housing units (count),"January 1 annual estimate from the official 2026 E-5 workbook. Historical sheets in that release may contain revised estimates. This is housing stock, not annual production."
Oceanside,oceanside,2021,Jurisdiction,63224.0,occupied_housing_units,California Department of Finance E-5,2026 E-5 release,2021,2026-10-07,Housing units (count),"January 1 annual estimate from the official 2026 E-5 workbook. Historical sheets in that release may contain revised estimates. This is housing stock, not annual production."
Poway,poway,2021,Jurisdiction,16388.0,occupied_housing_units,California Department of Finance E-5,2026 E-5 release,2021,2026-10-07,Housing units (count),"January 1 annual estimate from the official 2026 E-5 workbook. Historical sheets in that release may contain revised estimates. This is housing stock, not annual production."
San Diego,san diego,2021,Jurisdiction,517520.0,occupied_housing_units,California Department of Finance E-5,2026 E-5 release,2021,2026-10-07,Housing units (count),"January 1 annual estimate from the official 2026 E-5 workbook. Historical sheets in that release may contain revised estimates. This is housing stock, not annual production."
San Marcos,san marcos,2021,Jurisdiction,30688.0,occupied_housing_units,California Department of Finance E-5,2026 E-5 release,2021,2026-10-07,Housing units (count),"January 1 annual estimate from the official 2026 E-5 workbook. Historical sheets in that release may contain revised estimates. This is housing stock, not annual production."
Santee,santee,2021,Jurisdiction,21214.0,occupied_housing_units,California Department of Finance E-5,2026 E-5 release,2021,2026-10-07,Housing units (count),"January 1 annual estimate from the official 2026 E-5 workbook. Historical sheets in that release may contain revised estimates. This is housing stock, not annual production."
Solana Beach,solana beach,2021,Jurisdiction,5651.0,occupied_housing_units,California Department of Finance E-5,2026 E-5 release,2021,2026-10-07,Housing units (count),"January 1 annual estimate from the official 2026 E-5 workbook. Historical sheets in that release may contain revised estimates. This is housing stock, not annual production."
Vista,vista,2021,Jurisdiction,32035.0,occupied_housing_units,California Department of Finance E-5,2026 E-5 release,2021,2026-10-07,Housing units (count),"January 1 annual estimate from the official 2026 E-5 workbook. Historical sheets in that release may contain revised estimates. This is housing stock, not annual production."
Unincorporated San Diego County,unincorporated san diego county,2021,Jurisdiction,167403.0,occupied_housing_units,California Department of Finance E-5,2026 E-5 release,2021,2026-10-07,Housing units (count),"January 1 annual estimate from the official 2026 E-5 workbook. Historical sheets in that release may contain revised estimates. This is housing stock, not annual production."
San Diego County (Countywide),san diego county countywide,2021,Countywide,1162418.0,occupied_housing_units,California Department of Finance E-5,2026 E-5 release,2021,2026-10-07,Housing units (count),"January 1 annual estimate from the official 2026 E-5 workbook. Historical sheets in that release may contain revised estimates. This is housing stock, not annual production."
Carlsbad,carlsbad,2022,Jurisdiction,45318.0,occupied_housing_units,California Department of Finance E-5,2026 E-5 release,2022,2026-10-07,Housing units (count),"January 1 annual estimate from the official 2026 E-5 workbook. Historical sheets in that release may contain revised estimates. This is housing stock, not annual production."
Chula Vista,chula vista,2022,Jurisdiction,85754.0,occupied_housing_units,California Department of Finance E-5,2026 E-5 release,2022,2026-10-07,Housing units (count),"January 1 annual estimate from the official 2026 E-5 workbook. Historical sheets in that release may contain revised estimates. This is housing stock, not annual production."
Coronado,coronado,2022,Jurisdiction,7396.0,occupied_housing_units,California Department of Finance E-5,2026 E-5 release,2022,2026-10-07,Housing units (count),"January 1 annual estimate from the official 2026 E-5 workbook. Historical sheets in that release may contain revised estimates. This is housing stock, not annual production."
Del Mar,del mar,2022,Jurisdiction,1924.0,occupied_housing_units,California Department of Finance E-5,2026 E-5 release,2022,2026-10-07,Housing units (count),"January 1 annual estimate from the official 2026 E-5 workbook. Historical sheets in that release may contain revised estimates. This is housing stock, not annual production."
El Cajon,el cajon,2022,Jurisdiction,35613.0,occupied_housing_units,California Department of Finance E-5,2026 E-5 release,2022,2026-10-07,Housing units (count),"January 1 annual estimate from the official 2026 E-5 workbook. Historical sheets in that release may contain revised estimates. This is housing stock, not annual production."
Encinitas,encinitas,2022,Jurisdiction,24632.0,occupied_housing_units,California Department of Finance E-5,2026 E-5 release,2022,2026-10-07,Housing units (count),"January 1 annual estimate from the official 2026 E-5 workbook. Historical sheets in that release may contain revised estimates. This is housing stock, not annual production."
Escondido,escondido,2022,Jurisdiction,48628.0,occupied_housing_units,California Department of Finance E-5,2026 E-5 release,2022,2026-10-07,Housing units (count),"January 1 annual estimate from the official 2026 E-5 workbook. Historical sheets in that release may contain revised estimates. This is housing stock, not annual production."
Imperial Beach,imperial beach,2022,Jurisdiction,9428.0,occupied_housing_units,California Department of Finance E-5,2026 E-5 release,2022,2026-10-07,Housing units (count),"January 1 annual estimate from the official 2026 E-5 workbook. Historical sheets in that release may contain revised estimates. This is housing stock, not annual production."
La Mesa,la mesa,2022,Jurisdiction,25273.0,occupied_housing_units,California Department of Finance E-5,2026 E-5 release,2022,2026-10-07,Housing units (count),"January 1 annual estimate from the official 2026 E-5 workbook. Historical sheets in that release may contain revised estimates. This is housing stock, not annual production."
Lemon Grove,lemon grove,2022,Jurisdiction,9035.0,occupied_housing_units,California Department of Finance E-5,2026 E-5 release,2022,2026-10-07,Housing units (count),"January 1 annual estimate from the official 2026 E-5 workbook. Historical sheets in that release may contain revised estimates. This is housing stock, not annual production."
National City,national city,2022,Jurisdiction,17043.0,occupied_housing_units,California Department of Finance E-5,2026 E-5 release,2022,2026-10-07,Housing units (count),"January 1 annual estimate from the official 2026 E-5 workbook. Historical sheets in that release may contain revised estimates. This is housing stock, not annual production."
Oceanside,oceanside,2022,Jurisdiction,63483.0,occupied_housing_units,California Department of Finance E-5,2026 E-5 release,2022,2026-10-07,Housing units (count),"January 1 annual estimate from the official 2026 E-5 workbook. Historical sheets in that release may contain revised estimates. This is housing stock, not annual production."
Poway,poway,2022,Jurisdiction,16507.0,occupied_housing_units,California Department of Finance E-5,2026 E-5 release,2022,2026-10-07,Housing units (count),"January 1 annual estimate from the official 2026 E-5 workbook. Historical sheets in that release may contain revised estimates. This is housing stock, not annual production."
San Diego,san diego,2022,Jurisdiction,523211.0,occupied_housing_units,California Department of Finance E-5,2026 E-5 release,2022,2026-10-07,Housing units (count),"January 1 annual estimate from the official 2026 E-5 workbook. Historical sheets in that release may contain revised estimates. This is housing stock, not annual production."
San Marcos,san marcos,2022,Jurisdiction,30777.0,occupied_housing_units,California Department of Finance E-5,2026 E-5 release,2022,2026-10-07,Housing units (count),"January 1 annual estimate from the official 2026 E-5 workbook. Historical sheets in that release may contain revised estimates. This is housing stock, not annual production."
Santee,santee,2022,Jurisdiction,21372.0,occupied_housing_units,California Department of Finance E-5,2026 E-5 release,2022,2026-10-07,Housing units (count),"January 1 annual estimate from the official 2026 E-5 workbook. Historical sheets in that release may contain revised estimates. This is housing stock, not annual production."
Solana Beach,solana beach,2022,Jurisdiction,5660.0,occupied_housing_units,California Department of Finance E-5,2026 E-5 release,2022,2026-10-07,Housing units (count),"January 1 annual estimate from the official 2026 E-5 workbook. Historical sheets in that release may contain revised estimates. This is housing stock, not annual production."
Vista,vista,2022,Jurisdiction,32559.0,occupied_housing_units,California Department of Finance E-5,2026 E-5 release,2022,2026-10-07,Housing units (count),"January 1 annual estimate from the official 2026 E-5 workbook. Historical sheets in that release may contain revised estimates. This is housing stock, not annual production."
Unincorporated San Diego County,unincorporated san diego county,2022,Jurisdiction,168393.0,occupied_housing_units,California Department of Finance E-5,2026 E-5 release,2022,2026-10-07,Housing units (count),"January 1 annual estimate from the official 2026 E-5 workbook. Historical sheets in that release may contain revised estimates. This is housing stock, not annual production."
San Diego County (Countywide),san diego county countywide,2022,Countywide,1172006.0,occupied_housing_units,California Department of Finance E-5,2026 E-5 release,2022,2026-10-07,Housing units (count),"January 1 annual estimate from the official 2026 E-5 workbook. Historical sheets in that release may contain revised estimates. This is housing stock, not annual production."
Carlsbad,carlsbad,2023,Jurisdiction,45500.0,occupied_housing_units,California Department of Finance E-5,2026 E-5 release,2023,2026-10-07,Housing units (count),"January 1 annual estimate from the official 2026 E-5 workbook. Historical sheets in that release may contain revised estimates. This is housing stock, not annual production."
Chula Vista,chula vista,2023,Jurisdiction,86546.0,occupied_housing_units,California Department of Finance E-5,2026 E-5 release,2023,2026-10-07,Housing units (count),"January 1 annual estimate from the official 2026 E-5 workbook. Historical sheets in that release may contain revised estimates. This is housing stock, not annual production."
Coronado,coronado,2023,Jurisdiction,7404.0,occupied_housing_units,California Department of Finance E-5,2026 E-5 release,2023,2026-10-07,Housing units (count),"January 1 annual estimate from the official 2026 E-5 workbook. Historical sheets in that release may contain revised estimates. This is housing stock, not annual production."
Del Mar,del mar,2023,Jurisdiction,1934.0,occupied_housing_units,California Department of Finance E-5,2026 E-5 release,2023,2026-10-07,Housing units (count),"January 1 annual estimate from the official 2026 E-5 workbook. Historical sheets in that release may contain revised estimates. This is housing stock, not annual production."
El Cajon,el cajon,2023,Jurisdiction,35622.0,occupied_housing_units,California Department of Finance E-5,2026 E-5 release,2023,2026-10-07,Housing units (count),"January 1 annual estimate from the official 2026 E-5 workbook. Historical sheets in that release may contain revised estimates. This is housing stock, not annual production."
Encinitas,encinitas,2023,Jurisdiction,24730.0,occupied_housing_units,California Department of Finance E-5,2026 E-5 release,2023,2026-10-07,Housing units (count),"January 1 annual estimate from the official 2026 E-5 workbook. Historical sheets in that release may contain revised estimates. This is housing stock, not annual production."
Escondido,escondido,2023,Jurisdiction,48873.0,occupied_housing_units,California Department of Finance E-5,2026 E-5 release,2023,2026-10-07,Housing units (count),"January 1 annual estimate from the official 2026 E-5 workbook. Historical sheets in that release may contain revised estimates. This is housing stock, not annual production."
Imperial Beach,imperial beach,2023,Jurisdiction,9447.0,occupied_housing_units,California Department of Finance E-5,2026 E-5 release,2023,2026-10-07,Housing units (count),"January 1 annual estimate from the official 2026 E-5 workbook. Historical sheets in that release may contain revised estimates. This is housing stock, not annual production."
La Mesa,la mesa,2023,Jurisdiction,25540.0,occupied_housing_units,California Department of Finance E-5,2026 E-5 release,2023,2026-10-07,Housing units (count),"January 1 annual estimate from the official 2026 E-5 workbook. Historical sheets in that release may contain revised estimates. This is housing stock, not annual production."
Lemon Grove,lemon grove,2023,Jurisdiction,9215.0,occupied_housing_units,California Department of Finance E-5,2026 E-5 release,2023,2026-10-07,Housing units (count),"January 1 annual estimate from the official 2026 E-5 workbook. Historical sheets in that release may contain revised estimates. This is housing stock, not annual production."
National City,national city,2023,Jurisdiction,17142.0,occupied_housing_units,California Department of Finance E-5,2026 E-5 release,2023,2026-10-07,Housing units (count),"January 1 annual estimate from the official 2026 E-5 workbook. Historical sheets in that release may contain revised estimates. This is housing stock, not annual production."
Oceanside,oceanside,2023,Jurisdiction,63680.0,occupied_housing_units,California Department of Finance E-5,2026 E-5 release,2023,2026-10-07,Housing units (count),"January 1 annual estimate from the official 2026 E-5 workbook. Historical sheets in that release may contain revised estimates. This is housing stock, not annual production."
Poway,poway,2023,Jurisdiction,16617.0,occupied_housing_units,California Department of Finance E-5,2026 E-5 release,2023,2026-10-07,Housing units (count),"January 1 annual estimate from the official 2026 E-5 workbook. Historical sheets in that release may contain revised estimates. This is housing stock, not annual production."
San Diego,san diego,2023,Jurisdiction,529273.0,occupied_housing_units,California Department of Finance E-5,2026 E-5 release,2023,2026-10-07,Housing units (count),"January 1 annual estimate from the official 2026 E-5 workbook. Historical sheets in that release may contain revised estimates. This is housing stock, not annual production."
San Marcos,san marcos,2023,Jurisdiction,31103.0,occupied_housing_units,California Department of Finance E-5,2026 E-5 release,2023,2026-10-07,Housing units (count),"January 1 annual estimate from the official 2026 E-5 workbook. Historical sheets in that release may contain revised estimates. This is housing stock, not annual production."
Santee,santee,2023,Jurisdiction,21700.0,occupied_housing_units,California Department of Finance E-5,2026 E-5 release,2023,2026-10-07,Housing units (count),"January 1 annual estimate from the official 2026 E-5 workbook. Historical sheets in that release may contain revised estimates. This is housing stock, not annual production."
Solana Beach,solana beach,2023,Jurisdiction,5703.0,occupied_housing_units,California Department of Finance E-5,2026 E-5 release,2023,2026-10-07,Housing units (count),"January 1 annual estimate from the official 2026 E-5 workbook. Historical sheets in that release may contain revised estimates. This is housing stock, not annual production."
Vista,vista,2023,Jurisdiction,32781.0,occupied_housing_units,California Department of Finance E-5,2026 E-5 release,2023,2026-10-07,Housing units (count),"January 1 annual estimate from the official 2026 E-5 workbook. Historical sheets in that release may contain revised estimates. This is housing stock, not annual production."
Unincorporated San Diego County,unincorporated san diego county,2023,Jurisdiction,169578.0,occupied_housing_units,California Department of Finance E-5,2026 E-5 release,2023,2026-10-07,Housing units (count),"January 1 annual estimate from the official 2026 E-5 workbook. Historical sheets in that release may contain revised estimates. This is housing stock, not annual production."
San Diego County (Countywide),san diego county countywide,2023,Countywide,1182388.0,occupied_housing_units,California Department of Finance E-5,2026 E-5 release,2023,2026-10-07,Housing units (count),"January 1 annual estimate from the official 2026 E-5 workbook. Historical sheets in that release may contain revised estimates. This is housing stock, not annual production."
Carlsbad,carlsbad,2024,Jurisdiction,45515.0,occupied_housing_units,California Department of Finance E-5,2026 E-5 release,2024,2026-10-07,Housing units (count),"January 1 annual estimate from the official 2026 E-5 workbook. Historical sheets in that release may contain revised estimates. This is housing stock, not annual production."
Chula Vista,chula vista,2024,Jurisdiction,87592.0,occupied_housing_units,California Department of Finance E-5,2026 E-5 release,2024,2026-10-07,Housing units (count),"January 1 annual estimate from the official 2026 E-5 workbook. Historical sheets in that release may contain revised estimates. This is housing stock, not annual production."
Coronado,coronado,2024,Jurisdiction,7415.0,occupied_housing_units,California Department of Finance E-5,2026 E-5 release,2024,2026-10-07,Housing units (count),"January 1 annual estimate from the official 2026 E-5 workbook. Historical sheets in that release may contain revised estimates. This is housing stock, not annual production."
Del Mar,del mar,2024,Jurisdiction,1941.0,occupied_housing_units,California Department of Finance E-5,2026 E-5 release,2024,2026-10-07,Housing units (count),"January 1 annual estimate from the official 2026 E-5 workbook. Historical sheets in that release may contain revised estimates. This is housing stock, not annual production."
El Cajon,el cajon,2024,Jurisdiction,35627.0,occupied_housing_units,California Department of Finance E-5,2026 E-5 release,2024,2026-10-07,Housing units (count),"January 1 annual estimate from the official 2026 E-5 workbook. Historical sheets in that release may contain revised estimates. This is housing stock, not annual production."
Encinitas,encinitas,2024,Jurisdiction,24825.0,occupied_housing_units,California Department of Finance E-5,2026 E-5 release,2024,2026-10-07,Housing units (count),"January 1 annual estimate from the official 2026 E-5 workbook. Historical sheets in that release may contain revised estimates. This is housing stock, not annual production."
Escondido,escondido,2024,Jurisdiction,49025.0,occupied_housing_units,California Department of Finance E-5,2026 E-5 release,2024,2026-10-07,Housing units (count),"January 1 annual estimate from the official 2026 E-5 workbook. Historical sheets in that release may contain revised estimates. This is housing stock, not annual production."
Imperial Beach,imperial beach,2024,Jurisdiction,9461.0,occupied_housing_units,California Department of Finance E-5,2026 E-5 release,2024,2026-10-07,Housing units (count),"January 1 annual estimate from the official 2026 E-5 workbook. Historical sheets in that release may contain revised estimates. This is housing stock, not annual production."
La Mesa,la mesa,2024,Jurisdiction,25692.0,occupied_housing_units,California Department of Finance E-5,2026 E-5 release,2024,2026-10-07,Housing units (count),"January 1 annual estimate from the official 2026 E-5 workbook. Historical sheets in that release may contain revised estimates. This is housing stock, not annual production."
Lemon Grove,lemon grove,2024,Jurisdiction,9305.0,occupied_housing_units,California Department of Finance E-5,2026 E-5 release,2024,2026-10-07,Housing units (count),"January 1 annual estimate from the official 2026 E-5 workbook. Historical sheets in that release may contain revised estimates. This is housing stock, not annual production."
National City,national city,2024,Jurisdiction,17323.0,occupied_housing_units,California Department of Finance E-5,2026 E-5 release,2024,2026-10-07,Housing units (count),"January 1 annual estimate from the official 2026 E-5 workbook. Historical sheets in that release may contain revised estimates. This is housing stock, not annual production."
Oceanside,oceanside,2024,Jurisdiction,63901.0,occupied_housing_units,California Department of Finance E-5,2026 E-5 release,2024,2026-10-07,Housing units (count),"January 1 annual estimate from the official 2026 E-5 workbook. Historical sheets in that release may contain revised estimates. This is housing stock, not annual production."
Poway,poway,2024,Jurisdiction,16966.0,occupied_housing_units,California Department of Finance E-5,2026 E-5 release,2024,2026-10-07,Housing units (count),"January 1 annual estimate from the official 2026 E-5 workbook. Historical sheets in that release may contain revised estimates. This is housing stock, not annual production."
San Diego,san diego,2024,Jurisdiction,533570.0,occupied_housing_units,California Department of Finance E-5,2026 E-5 release,2024,2026-10-07,Housing units (count),"January 1 annual estimate from the official 2026 E-5 workbook. Historical sheets in that release may contain revised estimates. This is housing stock, not annual production."
San Marcos,san marcos,2024,Jurisdiction,31712.0,occupied_housing_units,California Department of Finance E-5,2026 E-5 release,2024,2026-10-07,Housing units (count),"January 1 annual estimate from the official 2026 E-5 workbook. Historical sheets in that release may contain revised estimates. This is housing stock, not annual production."
Santee,santee,2024,Jurisdiction,21699.0,occupied_housing_units,California Department of Finance E-5,2026 E-5 release,2024,2026-10-07,Housing units (count),"January 1 annual estimate from the official 2026 E-5 workbook. Historical sheets in that release may contain revised estimates. This is housing stock, not annual production."
Solana Beach,solana beach,2024,Jurisdiction,5771.0,occupied_housing_units,California Department of Finance E-5,2026 E-5 release,2024,2026-10-07,Housing units (count),"January 1 annual estimate from the official 2026 E-5 workbook. Historical sheets in that release may contain revised estimates. This is housing stock, not annual production."
Vista,vista,2024,Jurisdiction,32941.0,occupied_housing_units,California Department of Finance E-5,2026 E-5 release,2024,2026-10-07,Housing units (count),"January 1 annual estimate from the official 2026 E-5 workbook. Historical sheets in that release may contain revised estimates. This is housing stock, not annual production."
Unincorporated San Diego County,unincorporated san diego county,2024,Jurisdiction,171686.0,occupied_housing_units,California Department of Finance E-5,2026 E-5 release,2024,2026-10-07,Housing units (count),"January 1 annual estimate from the official 2026 E-5 workbook. Historical sheets in that release may contain revised estimates. This is housing stock, not annual production."
San Diego County (Countywide),san diego county countywide,2024,Countywide,1191967.0,occupied_housing_units,California Department of Finance E-5,2026 E-5 release,2024,2026-10-07,Housing units (count),"January 1 annual estimate from the official 2026 E-5 workbook. Historical sheets in that release may contain revised estimates. This is housing stock, not annual production."
Carlsbad,carlsbad,2025,Jurisdiction,45710.0,occupied_housing_units,California Department of Finance E-5,2026 E-5 release,2025,2026-10-07,Housing units (count),"January 1 annual estimate from the official 2026 E-5 workbook. Historical sheets in that release may contain revised estimates. This is housing stock, not annual production."
Chula Vista,chula vista,2025,Jurisdiction,88373.0,occupied_housing_units,California Department of Finance E-5,2026 E-5 release,2025,2026-10-07,Housing units (count),"January 1 annual estimate from the official 2026 E-5 workbook. Historical sheets in that release may contain revised estimates. This is housing stock, not annual production."
Coronado,coronado,2025,Jurisdiction,7438.0,occupied_housing_units,California Department of Finance E-5,2026 E-5 release,2025,2026-10-07,Housing units (count),"January 1 annual estimate from the official 2026 E-5 workbook. Historical sheets in that release may contain revised estimates. This is housing stock, not annual production."
Del Mar,del mar,2025,Jurisdiction,1952.0,occupied_housing_units,California Department of Finance E-5,2026 E-5 release,2025,2026-10-07,Housing units (count),"January 1 annual estimate from the official 2026 E-5 workbook. Historical sheets in that release may contain revised estimates. This is housing stock, not annual production."
El Cajon,el cajon,2025,Jurisdiction,35686.0,occupied_housing_units,California Department of Finance E-5,2026 E-5 release,2025,2026-10-07,Housing units (count),"January 1 annual estimate from the official 2026 E-5 workbook. Historical sheets in that release may contain revised estimates. This is housing stock, not annual production."
Encinitas,encinitas,2025,Jurisdiction,25046.0,occupied_housing_units,California Department of Finance E-5,2026 E-5 release,2025,2026-10-07,Housing units (count),"January 1 annual estimate from the official 2026 E-5 workbook. Historical sheets in that release may contain revised estimates. This is housing stock, not annual production."
Escondido,escondido,2025,Jurisdiction,49041.0,occupied_housing_units,California Department of Finance E-5,2026 E-5 release,2025,2026-10-07,Housing units (count),"January 1 annual estimate from the official 2026 E-5 workbook. Historical sheets in that release may contain revised estimates. This is housing stock, not annual production."
Imperial Beach,imperial beach,2025,Jurisdiction,9499.0,occupied_housing_units,California Department of Finance E-5,2026 E-5 release,2025,2026-10-07,Housing units (count),"January 1 annual estimate from the official 2026 E-5 workbook. Historical sheets in that release may contain revised estimates. This is housing stock, not annual production."
La Mesa,la mesa,2025,Jurisdiction,25814.0,occupied_housing_units,California Department of Finance E-5,2026 E-5 release,2025,2026-10-07,Housing units (count),"January 1 annual estimate from the official 2026 E-5 workbook. Historical sheets in that release may contain revised estimates. This is housing stock, not annual production."
Lemon Grove,lemon grove,2025,Jurisdiction,9462.0,occupied_housing_units,California Department of Finance E-5,2026 E-5 release,2025,2026-10-07,Housing units (count),"January 1 annual estimate from the official 2026 E-5 workbook. Historical sheets in that release may contain revised estimates. This is housing stock, not annual production."
National City,national city,2025,Jurisdiction,17460.0,occupied_housing_units,California Department of Finance E-5,2026 E-5 release,2025,2026-10-07,Housing units (count),"January 1 annual estimate from the official 2026 E-5 workbook. Historical sheets in that release may contain revised estimates. This is housing stock, not annual production."
Oceanside,oceanside,2025,Jurisdiction,64647.0,occupied_housing_units,California Department of Finance E-5,2026 E-5 release,2025,2026-10-07,Housing units (count),"January 1 annual estimate from the official 2026 E-5 workbook. Historical sheets in that release may contain revised estimates. This is housing stock, not annual production."
Poway,poway,2025,Jurisdiction,17234.0,occupied_housing_units,California Department of Finance E-5,2026 E-5 release,2025,2026-10-07,Housing units (count),"January 1 annual estimate from the official 2026 E-5 workbook. Historical sheets in that release may contain revised estimates. This is housing stock, not annual production."
San Diego,san diego,2025,Jurisdiction,541963.0,occupied_housing_units,California Department of Finance E-5,2026 E-5 release,2025,2026-10-07,Housing units (count),"January 1 annual estimate from the official 2026 E-5 workbook. Historical sheets in that release may contain revised estimates. This is housing stock, not annual production."
San Marcos,san marcos,2025,Jurisdiction,31890.0,occupied_housing_units,California Department of Finance E-5,2026 E-5 release,2025,2026-10-07,Housing units (count),"January 1 annual estimate from the official 2026 E-5 workbook. Historical sheets in that release may contain revised estimates. This is housing stock, not annual production."
Santee,santee,2025,Jurisdiction,21753.0,occupied_housing_units,California Department of Finance E-5,2026 E-5 release,2025,2026-10-07,Housing units (count),"January 1 annual estimate from the official 2026 E-5 workbook. Historical sheets in that release may contain revised estimates. This is housing stock, not annual production."
Solana Beach,solana beach,2025,Jurisdiction,5782.0,occupied_housing_units,California Department of Finance E-5,2026 E-5 release,2025,2026-10-07,Housing units (count),"January 1 annual estimate from the official 2026 E-5 workbook. Historical sheets in that release may contain revised estimates. This is housing stock, not annual production."
Vista,vista,2025,Jurisdiction,33138.0,occupied_housing_units,California Department of Finance E-5,2026 E-5 release,2025,2026-10-07,Housing units (count),"January 1 annual estimate from the official 2026 E-5 workbook. Historical sheets in that release may contain revised estimates. This is housing stock, not annual production."
Unincorporated San Diego County,unincorporated san diego county,2025,Jurisdiction,172330.0,occupied_housing_units,California Department of Finance E-5,2026 E-5 release,2025,2026-10-07,Housing units (count),"January 1 annual estimate from the official 2026 E-5 workbook. Historical sheets in that release may contain revised estimates. This is housing stock, not annual production."
San Diego County (Countywide),san diego county countywide,2025,Countywide,1204218.0,occupied_housing_units,California Department of Finance E-5,2026 E-5 release,2025,2026-10-07,Housing units (count),"January 1 annual estimate from the official 2026 E-5 workbook. Historical sheets in that release may contain revised estimates. This is housing stock, not annual production."
Carlsbad,carlsbad,2020,Jurisdiction,2959.0,vacant_housing_units,California Department of Finance E-5,2026 E-5 release,2020,2026-10-07,Housing units (count),"January 1 annual estimate from the official 2026 E-5 workbook. Historical sheets in that release may contain revised estimates. This is housing stock, not annual production."
Chula Vista,chula vista,2020,Jurisdiction,2705.0,vacant_housing_units,California Department of Finance E-5,2026 E-5 release,2020,2026-10-07,Housing units (count),"January 1 annual estimate from the official 2026 E-5 workbook. Historical sheets in that release may contain revised estimates. This is housing stock, not annual production."
Coronado,coronado,2020,Jurisdiction,2189.0,vacant_housing_units,California Department of Finance E-5,2026 E-5 release,2020,2026-10-07,Housing units (count),"January 1 annual estimate from the official 2026 E-5 workbook. Historical sheets in that release may contain revised estimates. This is housing stock, not annual production."
Del Mar,del mar,2020,Jurisdiction,642.0,vacant_housing_units,California Department of Finance E-5,2026 E-5 release,2020,2026-10-07,Housing units (count),"January 1 annual estimate from the official 2026 E-5 workbook. Historical sheets in that release may contain revised estimates. This is housing stock, not annual production."
El Cajon,el cajon,2020,Jurisdiction,1139.0,vacant_housing_units,California Department of Finance E-5,2026 E-5 release,2020,2026-10-07,Housing units (count),"January 1 annual estimate from the official 2026 E-5 workbook. Historical sheets in that release may contain revised estimates. This is housing stock, not annual production."
Encinitas,encinitas,2020,Jurisdiction,2018.0,vacant_housing_units,California Department of Finance E-5,2026 E-5 release,2020,2026-10-07,Housing units (count),"January 1 annual estimate from the official 2026 E-5 workbook. Historical sheets in that release may contain revised estimates. This is housing stock, not annual production."
Escondido,escondido,2020,Jurisdiction,1682.0,vacant_housing_units,California Department of Finance E-5,2026 E-5 release,2020,2026-10-07,Housing units (count),"January 1 annual estimate from the official 2026 E-5 workbook. Historical sheets in that release may contain revised estimates. This is housing stock, not annual production."
Imperial Beach,imperial beach,2020,Jurisdiction,700.0,vacant_housing_units,California Department of Finance E-5,2026 E-5 release,2020,2026-10-07,Housing units (count),"January 1 annual estimate from the official 2026 E-5 workbook. Historical sheets in that release may contain revised estimates. This is housing stock, not annual production."
La Mesa,la mesa,2020,Jurisdiction,1061.0,vacant_housing_units,California Department of Finance E-5,2026 E-5 release,2020,2026-10-07,Housing units (count),"January 1 annual estimate from the official 2026 E-5 workbook. Historical sheets in that release may contain revised estimates. This is housing stock, not annual production."
Lemon Grove,lemon grove,2020,Jurisdiction,343.0,vacant_housing_units,California Department of Finance E-5,2026 E-5 release,2020,2026-10-07,Housing units (count),"January 1 annual estimate from the official 2026 E-5 workbook. Historical sheets in that release may contain revised estimates. This is housing stock, not annual production."
National City,national city,2020,Jurisdiction,807.0,vacant_housing_units,California Department of Finance E-5,2026 E-5 release,2020,2026-10-07,Housing units (count),"January 1 annual estimate from the official 2026 E-5 workbook. Historical sheets in that release may contain revised estimates. This is housing stock, not annual production."
Oceanside,oceanside,2020,Jurisdiction,4339.0,vacant_housing_units,California Department of Finance E-5,2026 E-5 release,2020,2026-10-07,Housing units (count),"January 1 annual estimate from the official 2026 E-5 workbook. Historical sheets in that release may contain revised estimates. This is housing stock, not annual production."
Poway,poway,2020,Jurisdiction,494.0,vacant_housing_units,California Department of Finance E-5,2026 E-5 release,2020,2026-10-07,Housing units (count),"January 1 annual estimate from the official 2026 E-5 workbook. Historical sheets in that release may contain revised estimates. This is housing stock, not annual production."
San Diego,san diego,2020,Jurisdiction,33258.0,vacant_housing_units,California Department of Finance E-5,2026 E-5 release,2020,2026-10-07,Housing units (count),"January 1 annual estimate from the official 2026 E-5 workbook. Historical sheets in that release may contain revised estimates. This is housing stock, not annual production."
San Marcos,san marcos,2020,Jurisdiction,1213.0,vacant_housing_units,California Department of Finance E-5,2026 E-5 release,2020,2026-10-07,Housing units (count),"January 1 annual estimate from the official 2026 E-5 workbook. Historical sheets in that release may contain revised estimates. This is housing stock, not annual production."
Santee,santee,2020,Jurisdiction,604.0,vacant_housing_units,California Department of Finance E-5,2026 E-5 release,2020,2026-10-07,Housing units (count),"January 1 annual estimate from the official 2026 E-5 workbook. Historical sheets in that release may contain revised estimates. This is housing stock, not annual production."
Solana Beach,solana beach,2020,Jurisdiction,928.0,vacant_housing_units,California Department of Finance E-5,2026 E-5 release,2020,2026-10-07,Housing units (count),"January 1 annual estimate from the official 2026 E-5 workbook. Historical sheets in that release may contain revised estimates. This is housing stock, not annual production."
Vista,vista,2020,Jurisdiction,1152.0,vacant_housing_units,California Department of Finance E-5,2026 E-5 release,2020,2026-10-07,Housing units (count),"January 1 annual estimate from the official 2026 E-5 workbook. Historical sheets in that release may contain revised estimates. This is housing stock, not annual production."
Unincorporated San Diego County,unincorporated san diego county,2020,Jurisdiction,11508.0,vacant_housing_units,California Department of Finance E-5,2026 E-5 release,2020,2026-10-07,Housing units (count),"January 1 annual estimate from the official 2026 E-5 workbook. Historical sheets in that release may contain revised estimates. This is housing stock, not annual production."
San Diego County (Countywide),san diego county countywide,2020,Countywide,69741.0,vacant_housing_units,California Department of Finance E-5,2026 E-5 release,2020,2026-10-07,Housing units (count),"January 1 annual estimate from the official 2026 E-5 workbook. Historical sheets in that release may contain revised estimates. This is housing stock, not annual production."
Carlsbad,carlsbad,2021,Jurisdiction,3029.0,vacant_housing_units,California Department of Finance E-5,2026 E-5 release,2021,2026-10-07,Housing units (count),"January 1 annual estimate from the official 2026 E-5 workbook. Historical sheets in that release may contain revised estimates. This is housing stock, not annual production."
Chula Vista,chula vista,2021,Jurisdiction,2823.0,vacant_housing_units,California Department of Finance E-5,2026 E-5 release,2021,2026-10-07,Housing units (count),"January 1 annual estimate from the official 2026 E-5 workbook. Historical sheets in that release may contain revised estimates. This is housing stock, not annual production."
Coronado,coronado,2021,Jurisdiction,2197.0,vacant_housing_units,California Department of Finance E-5,2026 E-5 release,2021,2026-10-07,Housing units (count),"January 1 annual estimate from the official 2026 E-5 workbook. Historical sheets in that release may contain revised estimates. This is housing stock, not annual production."
Del Mar,del mar,2021,Jurisdiction,654.0,vacant_housing_units,California Department of Finance E-5,2026 E-5 release,2021,2026-10-07,Housing units (count),"January 1 annual estimate from the official 2026 E-5 workbook. Historical sheets in that release may contain revised estimates. This is housing stock, not annual production."
El Cajon,el cajon,2021,Jurisdiction,1207.0,vacant_housing_units,California Department of Finance E-5,2026 E-5 release,2021,2026-10-07,Housing units (count),"January 1 annual estimate from the official 2026 E-5 workbook. Historical sheets in that release may contain revised estimates. This is housing stock, not annual production."
Encinitas,encinitas,2021,Jurisdiction,2026.0,vacant_housing_units,California Department of Finance E-5,2026 E-5 release,2021,2026-10-07,Housing units (count),"January 1 annual estimate from the official 2026 E-5 workbook. Historical sheets in that release may contain revised estimates. This is housing stock, not annual production."
Escondido,escondido,2021,Jurisdiction,1736.0,vacant_housing_units,California Department of Finance E-5,2026 E-5 release,2021,2026-10-07,Housing units (count),"January 1 annual estimate from the official 2026 E-5 workbook. Historical sheets in that release may contain revised estimates. This is housing stock, not annual production."
Imperial Beach,imperial beach,2021,Jurisdiction,723.0,vacant_housing_units,California Department of Finance E-5,2026 E-5 release,2021,2026-10-07,Housing units (count),"January 1 annual estimate from the official 2026 E-5 workbook. Historical sheets in that release may contain revised estimates. This is housing stock, not annual production."
La Mesa,la mesa,2021,Jurisdiction,1043.0,vacant_housing_units,California Department of Finance E-5,2026 E-5 release,2021,2026-10-07,Housing units (count),"January 1 annual estimate from the official 2026 E-5 workbook. Historical sheets in that release may contain revised estimates. This is housing stock, not annual production."
Lemon Grove,lemon grove,2021,Jurisdiction,340.0,vacant_housing_units,California Department of Finance E-5,2026 E-5 release,2021,2026-10-07,Housing units (count),"January 1 annual estimate from the official 2026 E-5 workbook. Historical sheets in that release may contain revised estimates. This is housing stock, not annual production."
National City,national city,2021,Jurisdiction,816.0,vacant_housing_units,California Department of Finance E-5,2026 E-5 release,2021,2026-10-07,Housing units (count),"January 1 annual estimate from the official 2026 E-5 workbook. Historical sheets in that release may contain revised estimates. This is housing stock, not annual production."
Oceanside,oceanside,2021,Jurisdiction,4352.0,vacant_housing_units,California Department of Finance E-5,2026 E-5 release,2021,2026-10-07,Housing units (count),"January 1 annual estimate from the official 2026 E-5 workbook. Historical sheets in that release may contain revised estimates. This is housing stock, not annual production."
Poway,poway,2021,Jurisdiction,501.0,vacant_housing_units,California Department of Finance E-5,2026 E-5 release,2021,2026-10-07,Housing units (count),"January 1 annual estimate from the official 2026 E-5 workbook. Historical sheets in that release may contain revised estimates. This is housing stock, not annual production."
San Diego,san diego,2021,Jurisdiction,34890.0,vacant_housing_units,California Department of Finance E-5,2026 E-5 release,2021,2026-10-07,Housing units (count),"January 1 annual estimate from the official 2026 E-5 workbook. Historical sheets in that release may contain revised estimates. This is housing stock, not annual production."
San Marcos,san marcos,2021,Jurisdiction,1220.0,vacant_housing_units,California Department of Finance E-5,2026 E-5 release,2021,2026-10-07,Housing units (count),"January 1 annual estimate from the official 2026 E-5 workbook. Historical sheets in that release may contain revised estimates. This is housing stock, not annual production."
Santee,santee,2021,Jurisdiction,635.0,vacant_housing_units,California Department of Finance E-5,2026 E-5 release,2021,2026-10-07,Housing units (count),"January 1 annual estimate from the official 2026 E-5 workbook. Historical sheets in that release may contain revised estimates. This is housing stock, not annual production."
Solana Beach,solana beach,2021,Jurisdiction,930.0,vacant_housing_units,California Department of Finance E-5,2026 E-5 release,2021,2026-10-07,Housing units (count),"January 1 annual estimate from the official 2026 E-5 workbook. Historical sheets in that release may contain revised estimates. This is housing stock, not annual production."
Vista,vista,2021,Jurisdiction,1180.0,vacant_housing_units,California Department of Finance E-5,2026 E-5 release,2021,2026-10-07,Housing units (count),"January 1 annual estimate from the official 2026 E-5 workbook. Historical sheets in that release may contain revised estimates. This is housing stock, not annual production."
Unincorporated San Diego County,unincorporated san diego county,2021,Jurisdiction,11523.0,vacant_housing_units,California Department of Finance E-5,2026 E-5 release,2021,2026-10-07,Housing units (count),"January 1 annual estimate from the official 2026 E-5 workbook. Historical sheets in that release may contain revised estimates. This is housing stock, not annual production."
San Diego County (Countywide),san diego county countywide,2021,Countywide,71825.0,vacant_housing_units,California Department of Finance E-5,2026 E-5 release,2021,2026-10-07,Housing units (count),"January 1 annual estimate from the official 2026 E-5 workbook. Historical sheets in that release may contain revised estimates. This is housing stock, not annual production."
Carlsbad,carlsbad,2022,Jurisdiction,3067.0,vacant_housing_units,California Department of Finance E-5,2026 E-5 release,2022,2026-10-07,Housing units (count),"January 1 annual estimate from the official 2026 E-5 workbook. Historical sheets in that release may contain revised estimates. This is housing stock, not annual production."
Chula Vista,chula vista,2022,Jurisdiction,2871.0,vacant_housing_units,California Department of Finance E-5,2026 E-5 release,2022,2026-10-07,Housing units (count),"January 1 annual estimate from the official 2026 E-5 workbook. Historical sheets in that release may contain revised estimates. This is housing stock, not annual production."
Coronado,coronado,2022,Jurisdiction,2195.0,vacant_housing_units,California Department of Finance E-5,2026 E-5 release,2022,2026-10-07,Housing units (count),"January 1 annual estimate from the official 2026 E-5 workbook. Historical sheets in that release may contain revised estimates. This is housing stock, not annual production."
Del Mar,del mar,2022,Jurisdiction,658.0,vacant_housing_units,California Department of Finance E-5,2026 E-5 release,2022,2026-10-07,Housing units (count),"January 1 annual estimate from the official 2026 E-5 workbook. Historical sheets in that release may contain revised estimates. This is housing stock, not annual production."
El Cajon,el cajon,2022,Jurisdiction,1224.0,vacant_housing_units,California Department of Finance E-5,2026 E-5 release,2022,2026-10-07,Housing units (count),"January 1 annual estimate from the official 2026 E-5 workbook. Historical sheets in that release may contain revised estimates. This is housing stock, not annual production."
Encinitas,encinitas,2022,Jurisdiction,2038.0,vacant_housing_units,California Department of Finance E-5,2026 E-5 release,2022,2026-10-07,Housing units (count),"January 1 annual estimate from the official 2026 E-5 workbook. Historical sheets in that release may contain revised estimates. This is housing stock, not annual production."
Escondido,escondido,2022,Jurisdiction,1755.0,vacant_housing_units,California Department of Finance E-5,2026 E-5 release,2022,2026-10-07,Housing units (count),"January 1 annual estimate from the official 2026 E-5 workbook. Historical sheets in that release may contain revised estimates. This is housing stock, not annual production."
Imperial Beach,imperial beach,2022,Jurisdiction,731.0,vacant_housing_units,California Department of Finance E-5,2026 E-5 release,2022,2026-10-07,Housing units (count),"January 1 annual estimate from the official 2026 E-5 workbook. Historical sheets in that release may contain revised estimates. This is housing stock, not annual production."
La Mesa,la mesa,2022,Jurisdiction,1046.0,vacant_housing_units,California Department of Finance E-5,2026 E-5 release,2022,2026-10-07,Housing units (count),"January 1 annual estimate from the official 2026 E-5 workbook. Historical sheets in that release may contain revised estimates. This is housing stock, not annual production."
Lemon Grove,lemon grove,2022,Jurisdiction,340.0,vacant_housing_units,California Department of Finance E-5,2026 E-5 release,2022,2026-10-07,Housing units (count),"January 1 annual estimate from the official 2026 E-5 workbook. Historical sheets in that release may contain revised estimates. This is housing stock, not annual production."
National City,national city,2022,Jurisdiction,817.0,vacant_housing_units,California Department of Finance E-5,2026 E-5 release,2022,2026-10-07,Housing units (count),"January 1 annual estimate from the official 2026 E-5 workbook. Historical sheets in that release may contain revised estimates. This is housing stock, not annual production."
Oceanside,oceanside,2022,Jurisdiction,4370.0,vacant_housing_units,California Department of Finance E-5,2026 E-5 release,2022,2026-10-07,Housing units (count),"January 1 annual estimate from the official 2026 E-5 workbook. Historical sheets in that release may contain revised estimates. This is housing stock, not annual production."
Poway,poway,2022,Jurisdiction,506.0,vacant_housing_units,California Department of Finance E-5,2026 E-5 release,2022,2026-10-07,Housing units (count),"January 1 annual estimate from the official 2026 E-5 workbook. Historical sheets in that release may contain revised estimates. This is housing stock, not annual production."
San Diego,san diego,2022,Jurisdiction,35577.0,vacant_housing_units,California Department of Finance E-5,2026 E-5 release,2022,2026-10-07,Housing units (count),"January 1 annual estimate from the official 2026 E-5 workbook. Historical sheets in that release may contain revised estimates. This is housing stock, not annual production."
San Marcos,san marcos,2022,Jurisdiction,1223.0,vacant_housing_units,California Department of Finance E-5,2026 E-5 release,2022,2026-10-07,Housing units (count),"January 1 annual estimate from the official 2026 E-5 workbook. Historical sheets in that release may contain revised estimates. This is housing stock, not annual production."
Santee,santee,2022,Jurisdiction,647.0,vacant_housing_units,California Department of Finance E-5,2026 E-5 release,2022,2026-10-07,Housing units (count),"January 1 annual estimate from the official 2026 E-5 workbook. Historical sheets in that release may contain revised estimates. This is housing stock, not annual production."
Solana Beach,solana beach,2022,Jurisdiction,932.0,vacant_housing_units,California Department of Finance E-5,2026 E-5 release,2022,2026-10-07,Housing units (count),"January 1 annual estimate from the official 2026 E-5 workbook. Historical sheets in that release may contain revised estimates. This is housing stock, not annual production."
Vista,vista,2022,Jurisdiction,1203.0,vacant_housing_units,California Department of Finance E-5,2026 E-5 release,2022,2026-10-07,Housing units (count),"January 1 annual estimate from the official 2026 E-5 workbook. Historical sheets in that release may contain revised estimates. This is housing stock, not annual production."
Unincorporated San Diego County,unincorporated san diego county,2022,Jurisdiction,11588.0,vacant_housing_units,California Department of Finance E-5,2026 E-5 release,2022,2026-10-07,Housing units (count),"January 1 annual estimate from the official 2026 E-5 workbook. Historical sheets in that release may contain revised estimates. This is housing stock, not annual production."
San Diego County (Countywide),san diego county countywide,2022,Countywide,72788.0,vacant_housing_units,California Department of Finance E-5,2026 E-5 release,2022,2026-10-07,Housing units (count),"January 1 annual estimate from the official 2026 E-5 workbook. Historical sheets in that release may contain revised estimates. This is housing stock, not annual production."
Carlsbad,carlsbad,2023,Jurisdiction,3101.0,vacant_housing_units,California Department of Finance E-5,2026 E-5 release,2023,2026-10-07,Housing units (count),"January 1 annual estimate from the official 2026 E-5 workbook. Historical sheets in that release may contain revised estimates. This is housing stock, not annual production."
Chula Vista,chula vista,2023,Jurisdiction,2936.0,vacant_housing_units,California Department of Finance E-5,2026 E-5 release,2023,2026-10-07,Housing units (count),"January 1 annual estimate from the official 2026 E-5 workbook. Historical sheets in that release may contain revised estimates. This is housing stock, not annual production."
Coronado,coronado,2023,Jurisdiction,2197.0,vacant_housing_units,California Department of Finance E-5,2026 E-5 release,2023,2026-10-07,Housing units (count),"January 1 annual estimate from the official 2026 E-5 workbook. Historical sheets in that release may contain revised estimates. This is housing stock, not annual production."
Del Mar,del mar,2023,Jurisdiction,667.0,vacant_housing_units,California Department of Finance E-5,2026 E-5 release,2023,2026-10-07,Housing units (count),"January 1 annual estimate from the official 2026 E-5 workbook. Historical sheets in that release may contain revised estimates. This is housing stock, not annual production."
El Cajon,el cajon,2023,Jurisdiction,1249.0,vacant_housing_units,California Department of Finance E-5,2026 E-5 release,2023,2026-10-07,Housing units (count),"January 1 annual estimate from the official 2026 E-5 workbook. Historical sheets in that release may contain revised estimates. This is housing stock, not annual production."
Encinitas,encinitas,2023,Jurisdiction,2046.0,vacant_housing_units,California Department of Finance E-5,2026 E-5 release,2023,2026-10-07,Housing units (count),"January 1 annual estimate from the official 2026 E-5 workbook. Historical sheets in that release may contain revised estimates. This is housing stock, not annual production."
Escondido,escondido,2023,Jurisdiction,1782.0,vacant_housing_units,California Department of Finance E-5,2026 E-5 release,2023,2026-10-07,Housing units (count),"January 1 annual estimate from the official 2026 E-5 workbook. Historical sheets in that release may contain revised estimates. This is housing stock, not annual production."
Imperial Beach,imperial beach,2023,Jurisdiction,741.0,vacant_housing_units,California Department of Finance E-5,2026 E-5 release,2023,2026-10-07,Housing units (count),"January 1 annual estimate from the official 2026 E-5 workbook. Historical sheets in that release may contain revised estimates. This is housing stock, not annual production."
La Mesa,la mesa,2023,Jurisdiction,1049.0,vacant_housing_units,California Department of Finance E-5,2026 E-5 release,2023,2026-10-07,Housing units (count),"January 1 annual estimate from the official 2026 E-5 workbook. Historical sheets in that release may contain revised estimates. This is housing stock, not annual production."
Lemon Grove,lemon grove,2023,Jurisdiction,345.0,vacant_housing_units,California Department of Finance E-5,2026 E-5 release,2023,2026-10-07,Housing units (count),"January 1 annual estimate from the official 2026 E-5 workbook. Historical sheets in that release may contain revised estimates. This is housing stock, not annual production."
National City,national city,2023,Jurisdiction,822.0,vacant_housing_units,California Department of Finance E-5,2026 E-5 release,2023,2026-10-07,Housing units (count),"January 1 annual estimate from the official 2026 E-5 workbook. Historical sheets in that release may contain revised estimates. This is housing stock, not annual production."
Oceanside,oceanside,2023,Jurisdiction,4384.0,vacant_housing_units,California Department of Finance E-5,2026 E-5 release,2023,2026-10-07,Housing units (count),"January 1 annual estimate from the official 2026 E-5 workbook. Historical sheets in that release may contain revised estimates. This is housing stock, not annual production."
Poway,poway,2023,Jurisdiction,512.0,vacant_housing_units,California Department of Finance E-5,2026 E-5 release,2023,2026-10-07,Housing units (count),"January 1 annual estimate from the official 2026 E-5 workbook. Historical sheets in that release may contain revised estimates. This is housing stock, not annual production."
San Diego,san diego,2023,Jurisdiction,36549.0,vacant_housing_units,California Department of Finance E-5,2026 E-5 release,2023,2026-10-07,Housing units (count),"January 1 annual estimate from the official 2026 E-5 workbook. Historical sheets in that release may contain revised estimates. This is housing stock, not annual production."
San Marcos,san marcos,2023,Jurisdiction,1236.0,vacant_housing_units,California Department of Finance E-5,2026 E-5 release,2023,2026-10-07,Housing units (count),"January 1 annual estimate from the official 2026 E-5 workbook. Historical sheets in that release may contain revised estimates. This is housing stock, not annual production."
Santee,santee,2023,Jurisdiction,669.0,vacant_housing_units,California Department of Finance E-5,2026 E-5 release,2023,2026-10-07,Housing units (count),"January 1 annual estimate from the official 2026 E-5 workbook. Historical sheets in that release may contain revised estimates. This is housing stock, not annual production."
Solana Beach,solana beach,2023,Jurisdiction,940.0,vacant_housing_units,California Department of Finance E-5,2026 E-5 release,2023,2026-10-07,Housing units (count),"January 1 annual estimate from the official 2026 E-5 workbook. Historical sheets in that release may contain revised estimates. This is housing stock, not annual production."
Vista,vista,2023,Jurisdiction,1217.0,vacant_housing_units,California Department of Finance E-5,2026 E-5 release,2023,2026-10-07,Housing units (count),"January 1 annual estimate from the official 2026 E-5 workbook. Historical sheets in that release may contain revised estimates. This is housing stock, not annual production."
Unincorporated San Diego County,unincorporated san diego county,2023,Jurisdiction,11667.0,vacant_housing_units,California Department of Finance E-5,2026 E-5 release,2023,2026-10-07,Housing units (count),"January 1 annual estimate from the official 2026 E-5 workbook. Historical sheets in that release may contain revised estimates. This is housing stock, not annual production."
San Diego County (Countywide),san diego county countywide,2023,Countywide,74109.0,vacant_housing_units,California Department of Finance E-5,2026 E-5 release,2023,2026-10-07,Housing units (count),"January 1 annual estimate from the official 2026 E-5 workbook. Historical sheets in that release may contain revised estimates. This is housing stock, not annual production."
Carlsbad,carlsbad,2024,Jurisdiction,3144.0,vacant_housing_units,California Department of Finance E-5,2026 E-5 release,2024,2026-10-07,Housing units (count),"January 1 annual estimate from the official 2026 E-5 workbook. Historical sheets in that release may contain revised estimates. This is housing stock, not annual production."
Chula Vista,chula vista,2024,Jurisdiction,3047.0,vacant_housing_units,California Department of Finance E-5,2026 E-5 release,2024,2026-10-07,Housing units (count),"January 1 annual estimate from the official 2026 E-5 workbook. Historical sheets in that release may contain revised estimates. This is housing stock, not annual production."
Coronado,coronado,2024,Jurisdiction,2202.0,vacant_housing_units,California Department of Finance E-5,2026 E-5 release,2024,2026-10-07,Housing units (count),"January 1 annual estimate from the official 2026 E-5 workbook. Historical sheets in that release may contain revised estimates. This is housing stock, not annual production."
Del Mar,del mar,2024,Jurisdiction,680.0,vacant_housing_units,California Department of Finance E-5,2026 E-5 release,2024,2026-10-07,Housing units (count),"January 1 annual estimate from the official 2026 E-5 workbook. Historical sheets in that release may contain revised estimates. This is housing stock, not annual production."
El Cajon,el cajon,2024,Jurisdiction,1298.0,vacant_housing_units,California Department of Finance E-5,2026 E-5 release,2024,2026-10-07,Housing units (count),"January 1 annual estimate from the official 2026 E-5 workbook. Historical sheets in that release may contain revised estimates. This is housing stock, not annual production."
Encinitas,encinitas,2024,Jurisdiction,2054.0,vacant_housing_units,California Department of Finance E-5,2026 E-5 release,2024,2026-10-07,Housing units (count),"January 1 annual estimate from the official 2026 E-5 workbook. Historical sheets in that release may contain revised estimates. This is housing stock, not annual production."
Escondido,escondido,2024,Jurisdiction,1823.0,vacant_housing_units,California Department of Finance E-5,2026 E-5 release,2024,2026-10-07,Housing units (count),"January 1 annual estimate from the official 2026 E-5 workbook. Historical sheets in that release may contain revised estimates. This is housing stock, not annual production."
Imperial Beach,imperial beach,2024,Jurisdiction,759.0,vacant_housing_units,California Department of Finance E-5,2026 E-5 release,2024,2026-10-07,Housing units (count),"January 1 annual estimate from the official 2026 E-5 workbook. Historical sheets in that release may contain revised estimates. This is housing stock, not annual production."
La Mesa,la mesa,2024,Jurisdiction,1040.0,vacant_housing_units,California Department of Finance E-5,2026 E-5 release,2024,2026-10-07,Housing units (count),"January 1 annual estimate from the official 2026 E-5 workbook. Historical sheets in that release may contain revised estimates. This is housing stock, not annual production."
Lemon Grove,lemon grove,2024,Jurisdiction,346.0,vacant_housing_units,California Department of Finance E-5,2026 E-5 release,2024,2026-10-07,Housing units (count),"January 1 annual estimate from the official 2026 E-5 workbook. Historical sheets in that release may contain revised estimates. This is housing stock, not annual production."
National City,national city,2024,Jurisdiction,831.0,vacant_housing_units,California Department of Finance E-5,2026 E-5 release,2024,2026-10-07,Housing units (count),"January 1 annual estimate from the official 2026 E-5 workbook. Historical sheets in that release may contain revised estimates. This is housing stock, not annual production."
Oceanside,oceanside,2024,Jurisdiction,4399.0,vacant_housing_units,California Department of Finance E-5,2026 E-5 release,2024,2026-10-07,Housing units (count),"January 1 annual estimate from the official 2026 E-5 workbook. Historical sheets in that release may contain revised estimates. This is housing stock, not annual production."
Poway,poway,2024,Jurisdiction,528.0,vacant_housing_units,California Department of Finance E-5,2026 E-5 release,2024,2026-10-07,Housing units (count),"January 1 annual estimate from the official 2026 E-5 workbook. Historical sheets in that release may contain revised estimates. This is housing stock, not annual production."
San Diego,san diego,2024,Jurisdiction,37972.0,vacant_housing_units,California Department of Finance E-5,2026 E-5 release,2024,2026-10-07,Housing units (count),"January 1 annual estimate from the official 2026 E-5 workbook. Historical sheets in that release may contain revised estimates. This is housing stock, not annual production."
San Marcos,san marcos,2024,Jurisdiction,1260.0,vacant_housing_units,California Department of Finance E-5,2026 E-5 release,2024,2026-10-07,Housing units (count),"January 1 annual estimate from the official 2026 E-5 workbook. Historical sheets in that release may contain revised estimates. This is housing stock, not annual production."
Santee,santee,2024,Jurisdiction,692.0,vacant_housing_units,California Department of Finance E-5,2026 E-5 release,2024,2026-10-07,Housing units (count),"January 1 annual estimate from the official 2026 E-5 workbook. Historical sheets in that release may contain revised estimates. This is housing stock, not annual production."
Solana Beach,solana beach,2024,Jurisdiction,952.0,vacant_housing_units,California Department of Finance E-5,2026 E-5 release,2024,2026-10-07,Housing units (count),"January 1 annual estimate from the official 2026 E-5 workbook. Historical sheets in that release may contain revised estimates. This is housing stock, not annual production."
Vista,vista,2024,Jurisdiction,1233.0,vacant_housing_units,California Department of Finance E-5,2026 E-5 release,2024,2026-10-07,Housing units (count),"January 1 annual estimate from the official 2026 E-5 workbook. Historical sheets in that release may contain revised estimates. This is housing stock, not annual production."
Unincorporated San Diego County,unincorporated san diego county,2024,Jurisdiction,10692.0,vacant_housing_units,California Department of Finance E-5,2026 E-5 release,2024,2026-10-07,Housing units (count),"January 1 annual estimate from the official 2026 E-5 workbook. Historical sheets in that release may contain revised estimates. This is housing stock, not annual production."
San Diego County (Countywide),san diego county countywide,2024,Countywide,74952.0,vacant_housing_units,California Department of Finance E-5,2026 E-5 release,2024,2026-10-07,Housing units (count),"January 1 annual estimate from the official 2026 E-5 workbook. Historical sheets in that release may contain revised estimates. This is housing stock, not annual production."
Carlsbad,carlsbad,2025,Jurisdiction,3178.0,vacant_housing_units,California Department of Finance E-5,2026 E-5 release,2025,2026-10-07,Housing units (count),"January 1 annual estimate from the official 2026 E-5 workbook. Historical sheets in that release may contain revised estimates. This is housing stock, not annual production."
Chula Vista,chula vista,2025,Jurisdiction,3112.0,vacant_housing_units,California Department of Finance E-5,2026 E-5 release,2025,2026-10-07,Housing units (count),"January 1 annual estimate from the official 2026 E-5 workbook. Historical sheets in that release may contain revised estimates. This is housing stock, not annual production."
Coronado,coronado,2025,Jurisdiction,2208.0,vacant_housing_units,California Department of Finance E-5,2026 E-5 release,2025,2026-10-07,Housing units (count),"January 1 annual estimate from the official 2026 E-5 workbook. Historical sheets in that release may contain revised estimates. This is housing stock, not annual production."
Del Mar,del mar,2025,Jurisdiction,689.0,vacant_housing_units,California Department of Finance E-5,2026 E-5 release,2025,2026-10-07,Housing units (count),"January 1 annual estimate from the official 2026 E-5 workbook. Historical sheets in that release may contain revised estimates. This is housing stock, not annual production."
El Cajon,el cajon,2025,Jurisdiction,1325.0,vacant_housing_units,California Department of Finance E-5,2026 E-5 release,2025,2026-10-07,Housing units (count),"January 1 annual estimate from the official 2026 E-5 workbook. Historical sheets in that release may contain revised estimates. This is housing stock, not annual production."
Encinitas,encinitas,2025,Jurisdiction,2072.0,vacant_housing_units,California Department of Finance E-5,2026 E-5 release,2025,2026-10-07,Housing units (count),"January 1 annual estimate from the official 2026 E-5 workbook. Historical sheets in that release may contain revised estimates. This is housing stock, not annual production."
Escondido,escondido,2025,Jurisdiction,1842.0,vacant_housing_units,California Department of Finance E-5,2026 E-5 release,2025,2026-10-07,Housing units (count),"January 1 annual estimate from the official 2026 E-5 workbook. Historical sheets in that release may contain revised estimates. This is housing stock, not annual production."
Imperial Beach,imperial beach,2025,Jurisdiction,770.0,vacant_housing_units,California Department of Finance E-5,2026 E-5 release,2025,2026-10-07,Housing units (count),"January 1 annual estimate from the official 2026 E-5 workbook. Historical sheets in that release may contain revised estimates. This is housing stock, not annual production."
La Mesa,la mesa,2025,Jurisdiction,1037.0,vacant_housing_units,California Department of Finance E-5,2026 E-5 release,2025,2026-10-07,Housing units (count),"January 1 annual estimate from the official 2026 E-5 workbook. Historical sheets in that release may contain revised estimates. This is housing stock, not annual production."
Lemon Grove,lemon grove,2025,Jurisdiction,350.0,vacant_housing_units,California Department of Finance E-5,2026 E-5 release,2025,2026-10-07,Housing units (count),"January 1 annual estimate from the official 2026 E-5 workbook. Historical sheets in that release may contain revised estimates. This is housing stock, not annual production."
National City,national city,2025,Jurisdiction,838.0,vacant_housing_units,California Department of Finance E-5,2026 E-5 release,2025,2026-10-07,Housing units (count),"January 1 annual estimate from the official 2026 E-5 workbook. Historical sheets in that release may contain revised estimates. This is housing stock, not annual production."
Oceanside,oceanside,2025,Jurisdiction,4450.0,vacant_housing_units,California Department of Finance E-5,2026 E-5 release,2025,2026-10-07,Housing units (count),"January 1 annual estimate from the official 2026 E-5 workbook. Historical sheets in that release may contain revised estimates. This is housing stock, not annual production."
Poway,poway,2025,Jurisdiction,539.0,vacant_housing_units,California Department of Finance E-5,2026 E-5 release,2025,2026-10-07,Housing units (count),"January 1 annual estimate from the official 2026 E-5 workbook. Historical sheets in that release may contain revised estimates. This is housing stock, not annual production."
San Diego,san diego,2025,Jurisdiction,39087.0,vacant_housing_units,California Department of Finance E-5,2026 E-5 release,2025,2026-10-07,Housing units (count),"January 1 annual estimate from the official 2026 E-5 workbook. Historical sheets in that release may contain revised estimates. This is housing stock, not annual production."
San Marcos,san marcos,2025,Jurisdiction,1267.0,vacant_housing_units,California Department of Finance E-5,2026 E-5 release,2025,2026-10-07,Housing units (count),"January 1 annual estimate from the official 2026 E-5 workbook. Historical sheets in that release may contain revised estimates. This is housing stock, not annual production."
Santee,santee,2025,Jurisdiction,705.0,vacant_housing_units,California Department of Finance E-5,2026 E-5 release,2025,2026-10-07,Housing units (count),"January 1 annual estimate from the official 2026 E-5 workbook. Historical sheets in that release may contain revised estimates. This is housing stock, not annual production."
Solana Beach,solana beach,2025,Jurisdiction,954.0,vacant_housing_units,California Department of Finance E-5,2026 E-5 release,2025,2026-10-07,Housing units (count),"January 1 annual estimate from the official 2026 E-5 workbook. Historical sheets in that release may contain revised estimates. This is housing stock, not annual production."
Vista,vista,2025,Jurisdiction,1246.0,vacant_housing_units,California Department of Finance E-5,2026 E-5 release,2025,2026-10-07,Housing units (count),"January 1 annual estimate from the official 2026 E-5 workbook. Historical sheets in that release may contain revised estimates. This is housing stock, not annual production."
Unincorporated San Diego County,unincorporated san diego county,2025,Jurisdiction,11006.0,vacant_housing_units,California Department of Finance E-5,2026 E-5 release,2025,2026-10-07,Housing units (count),"January 1 annual estimate from the official 2026 E-5 workbook. Historical sheets in that release may contain revised estimates. This is housing stock, not annual production."
San Diego County (Countywide),san diego county countywide,2025,Countywide,76675.0,vacant_housing_units,California Department of Finance E-5,2026 E-5 release,2025,2026-10-07,Housing units (count),"January 1 annual estimate from the official 2026 E-5 workbook. Historical sheets in that release may contain revised estimates. This is housing stock, not annual production."
Carlsbad,carlsbad,2020,Jurisdiction,24934.0,single_family_detached,California Department of Finance E-5,2026 E-5 release,2020,2026-10-07,Housing units (count),"January 1 annual estimate from the official 2026 E-5 workbook. Historical sheets in that release may contain revised estimates. This is housing stock, not annual production."
Chula Vista,chula vista,2020,Jurisdiction,46478.0,single_family_detached,California Department of Finance E-5,2026 E-5 release,2020,2026-10-07,Housing units (count),"January 1 annual estimate from the official 2026 E-5 workbook. Historical sheets in that release may contain revised estimates. This is housing stock, not annual production."
Coronado,coronado,2020,Jurisdiction,4367.0,single_family_detached,California Department of Finance E-5,2026 E-5 release,2020,2026-10-07,Housing units (count),"January 1 annual estimate from the official 2026 E-5 workbook. Historical sheets in that release may contain revised estimates. This is housing stock, not annual production."
Del Mar,del mar,2020,Jurisdiction,1325.0,single_family_detached,California Department of Finance E-5,2026 E-5 release,2020,2026-10-07,Housing units (count),"January 1 annual estimate from the official 2026 E-5 workbook. Historical sheets in that release may contain revised estimates. This is housing stock, not annual production."
El Cajon,el cajon,2020,Jurisdiction,15216.0,single_family_detached,California Department of Finance E-5,2026 E-5 release,2020,2026-10-07,Housing units (count),"January 1 annual estimate from the official 2026 E-5 workbook. Historical sheets in that release may contain revised estimates. This is housing stock, not annual production."
Encinitas,encinitas,2020,Jurisdiction,15362.0,single_family_detached,California Department of Finance E-5,2026 E-5 release,2020,2026-10-07,Housing units (count),"January 1 annual estimate from the official 2026 E-5 workbook. Historical sheets in that release may contain revised estimates. This is housing stock, not annual production."
Escondido,escondido,2020,Jurisdiction,25392.0,single_family_detached,California Department of Finance E-5,2026 E-5 release,2020,2026-10-07,Housing units (count),"January 1 annual estimate from the official 2026 E-5 workbook. Historical sheets in that release may contain revised estimates. This is housing stock, not annual production."
Imperial Beach,imperial beach,2020,Jurisdiction,3945.0,single_family_detached,California Department of Finance E-5,2026 E-5 release,2020,2026-10-07,Housing units (count),"January 1 annual estimate from the official 2026 E-5 workbook. Historical sheets in that release may contain revised estimates. This is housing stock, not annual production."
La Mesa,la mesa,2020,Jurisdiction,12221.0,single_family_detached,California Department of Finance E-5,2026 E-5 release,2020,2026-10-07,Housing units (count),"January 1 annual estimate from the official 2026 E-5 workbook. Historical sheets in that release may contain revised estimates. This is housing stock, not annual production."
Lemon Grove,lemon grove,2020,Jurisdiction,6152.0,single_family_detached,California Department of Finance E-5,2026 E-5 release,2020,2026-10-07,Housing units (count),"January 1 annual estimate from the official 2026 E-5 workbook. Historical sheets in that release may contain revised estimates. This is housing stock, not annual production."
National City,national city,2020,Jurisdiction,7659.0,single_family_detached,California Department of Finance E-5,2026 E-5 release,2020,2026-10-07,Housing units (count),"January 1 annual estimate from the official 2026 E-5 workbook. Historical sheets in that release may contain revised estimates. This is housing stock, not annual production."
Oceanside,oceanside,2020,Jurisdiction,35382.0,single_family_detached,California Department of Finance E-5,2026 E-5 release,2020,2026-10-07,Housing units (count),"January 1 annual estimate from the official 2026 E-5 workbook. Historical sheets in that release may contain revised estimates. This is housing stock, not annual production."
Poway,poway,2020,Jurisdiction,12703.0,single_family_detached,California Department of Finance E-5,2026 E-5 release,2020,2026-10-07,Housing units (count),"January 1 annual estimate from the official 2026 E-5 workbook. Historical sheets in that release may contain revised estimates. This is housing stock, not annual production."
San Diego,san diego,2020,Jurisdiction,241910.0,single_family_detached,California Department of Finance E-5,2026 E-5 release,2020,2026-10-07,Housing units (count),"January 1 annual estimate from the official 2026 E-5 workbook. Historical sheets in that release may contain revised estimates. This is housing stock, not annual production."
San Marcos,san marcos,2020,Jurisdiction,16273.0,single_family_detached,California Department of Finance E-5,2026 E-5 release,2020,2026-10-07,Housing units (count),"January 1 annual estimate from the official 2026 E-5 workbook. Historical sheets in that release may contain revised estimates. This is housing stock, not annual production."
Santee,santee,2020,Jurisdiction,12264.0,single_family_detached,California Department of Finance E-5,2026 E-5 release,2020,2026-10-07,Housing units (count),"January 1 annual estimate from the official 2026 E-5 workbook. Historical sheets in that release may contain revised estimates. This is housing stock, not annual production."
Solana Beach,solana beach,2020,Jurisdiction,3138.0,single_family_detached,California Department of Finance E-5,2026 E-5 release,2020,2026-10-07,Housing units (count),"January 1 annual estimate from the official 2026 E-5 workbook. Historical sheets in that release may contain revised estimates. This is housing stock, not annual production."
Vista,vista,2020,Jurisdiction,16269.0,single_family_detached,California Department of Finance E-5,2026 E-5 release,2020,2026-10-07,Housing units (count),"January 1 annual estimate from the official 2026 E-5 workbook. Historical sheets in that release may contain revised estimates. This is housing stock, not annual production."
Unincorporated San Diego County,unincorporated san diego county,2020,Jurisdiction,123227.0,single_family_detached,California Department of Finance E-5,2026 E-5 release,2020,2026-10-07,Housing units (count),"January 1 annual estimate from the official 2026 E-5 workbook. Historical sheets in that release may contain revised estimates. This is housing stock, not annual production."
San Diego County (Countywide),san diego county countywide,2020,Countywide,624217.0,single_family_detached,California Department of Finance E-5,2026 E-5 release,2020,2026-10-07,Housing units (count),"January 1 annual estimate from the official 2026 E-5 workbook. Historical sheets in that release may contain revised estimates. This is housing stock, not annual production."
Carlsbad,carlsbad,2021,Jurisdiction,25002.0,single_family_detached,California Department of Finance E-5,2026 E-5 release,2021,2026-10-07,Housing units (count),"January 1 annual estimate from the official 2026 E-5 workbook. Historical sheets in that release may contain revised estimates. This is housing stock, not annual production."
Chula Vista,chula vista,2021,Jurisdiction,46744.0,single_family_detached,California Department of Finance E-5,2026 E-5 release,2021,2026-10-07,Housing units (count),"January 1 annual estimate from the official 2026 E-5 workbook. Historical sheets in that release may contain revised estimates. This is housing stock, not annual production."
Coronado,coronado,2021,Jurisdiction,4373.0,single_family_detached,California Department of Finance E-5,2026 E-5 release,2021,2026-10-07,Housing units (count),"January 1 annual estimate from the official 2026 E-5 workbook. Historical sheets in that release may contain revised estimates. This is housing stock, not annual production."
Del Mar,del mar,2021,Jurisdiction,1325.0,single_family_detached,California Department of Finance E-5,2026 E-5 release,2021,2026-10-07,Housing units (count),"January 1 annual estimate from the official 2026 E-5 workbook. Historical sheets in that release may contain revised estimates. This is housing stock, not annual production."
El Cajon,el cajon,2021,Jurisdiction,15232.0,single_family_detached,California Department of Finance E-5,2026 E-5 release,2021,2026-10-07,Housing units (count),"January 1 annual estimate from the official 2026 E-5 workbook. Historical sheets in that release may contain revised estimates. This is housing stock, not annual production."
Encinitas,encinitas,2021,Jurisdiction,15440.0,single_family_detached,California Department of Finance E-5,2026 E-5 release,2021,2026-10-07,Housing units (count),"January 1 annual estimate from the official 2026 E-5 workbook. Historical sheets in that release may contain revised estimates. This is housing stock, not annual production."
Escondido,escondido,2021,Jurisdiction,25462.0,single_family_detached,California Department of Finance E-5,2026 E-5 release,2021,2026-10-07,Housing units (count),"January 1 annual estimate from the official 2026 E-5 workbook. Historical sheets in that release may contain revised estimates. This is housing stock, not annual production."
Imperial Beach,imperial beach,2021,Jurisdiction,3953.0,single_family_detached,California Department of Finance E-5,2026 E-5 release,2021,2026-10-07,Housing units (count),"January 1 annual estimate from the official 2026 E-5 workbook. Historical sheets in that release may contain revised estimates. This is housing stock, not annual production."
La Mesa,la mesa,2021,Jurisdiction,12230.0,single_family_detached,California Department of Finance E-5,2026 E-5 release,2021,2026-10-07,Housing units (count),"January 1 annual estimate from the official 2026 E-5 workbook. Historical sheets in that release may contain revised estimates. This is housing stock, not annual production."
Lemon Grove,lemon grove,2021,Jurisdiction,6154.0,single_family_detached,California Department of Finance E-5,2026 E-5 release,2021,2026-10-07,Housing units (count),"January 1 annual estimate from the official 2026 E-5 workbook. Historical sheets in that release may contain revised estimates. This is housing stock, not annual production."
National City,national city,2021,Jurisdiction,7668.0,single_family_detached,California Department of Finance E-5,2026 E-5 release,2021,2026-10-07,Housing units (count),"January 1 annual estimate from the official 2026 E-5 workbook. Historical sheets in that release may contain revised estimates. This is housing stock, not annual production."
Oceanside,oceanside,2021,Jurisdiction,35416.0,single_family_detached,California Department of Finance E-5,2026 E-5 release,2021,2026-10-07,Housing units (count),"January 1 annual estimate from the official 2026 E-5 workbook. Historical sheets in that release may contain revised estimates. This is housing stock, not annual production."
Poway,poway,2021,Jurisdiction,12707.0,single_family_detached,California Department of Finance E-5,2026 E-5 release,2021,2026-10-07,Housing units (count),"January 1 annual estimate from the official 2026 E-5 workbook. Historical sheets in that release may contain revised estimates. This is housing stock, not annual production."
San Diego,san diego,2021,Jurisdiction,241896.0,single_family_detached,California Department of Finance E-5,2026 E-5 release,2021,2026-10-07,Housing units (count),"January 1 annual estimate from the official 2026 E-5 workbook. Historical sheets in that release may contain revised estimates. This is housing stock, not annual production."
San Marcos,san marcos,2021,Jurisdiction,16297.0,single_family_detached,California Department of Finance E-5,2026 E-5 release,2021,2026-10-07,Housing units (count),"January 1 annual estimate from the official 2026 E-5 workbook. Historical sheets in that release may contain revised estimates. This is housing stock, not annual production."
Santee,santee,2021,Jurisdiction,12265.0,single_family_detached,California Department of Finance E-5,2026 E-5 release,2021,2026-10-07,Housing units (count),"January 1 annual estimate from the official 2026 E-5 workbook. Historical sheets in that release may contain revised estimates. This is housing stock, not annual production."
Solana Beach,solana beach,2021,Jurisdiction,3145.0,single_family_detached,California Department of Finance E-5,2026 E-5 release,2021,2026-10-07,Housing units (count),"January 1 annual estimate from the official 2026 E-5 workbook. Historical sheets in that release may contain revised estimates. This is housing stock, not annual production."
Vista,vista,2021,Jurisdiction,16406.0,single_family_detached,California Department of Finance E-5,2026 E-5 release,2021,2026-10-07,Housing units (count),"January 1 annual estimate from the official 2026 E-5 workbook. Historical sheets in that release may contain revised estimates. This is housing stock, not annual production."
Unincorporated San Diego County,unincorporated san diego county,2021,Jurisdiction,123283.0,single_family_detached,California Department of Finance E-5,2026 E-5 release,2021,2026-10-07,Housing units (count),"January 1 annual estimate from the official 2026 E-5 workbook. Historical sheets in that release may contain revised estimates. This is housing stock, not annual production."
San Diego County (Countywide),san diego county countywide,2021,Countywide,624998.0,single_family_detached,California Department of Finance E-5,2026 E-5 release,2021,2026-10-07,Housing units (count),"January 1 annual estimate from the official 2026 E-5 workbook. Historical sheets in that release may contain revised estimates. This is housing stock, not annual production."
Carlsbad,carlsbad,2022,Jurisdiction,25046.0,single_family_detached,California Department of Finance E-5,2026 E-5 release,2022,2026-10-07,Housing units (count),"January 1 annual estimate from the official 2026 E-5 workbook. Historical sheets in that release may contain revised estimates. This is housing stock, not annual production."
Chula Vista,chula vista,2022,Jurisdiction,46870.0,single_family_detached,California Department of Finance E-5,2026 E-5 release,2022,2026-10-07,Housing units (count),"January 1 annual estimate from the official 2026 E-5 workbook. Historical sheets in that release may contain revised estimates. This is housing stock, not annual production."
Coronado,coronado,2022,Jurisdiction,4377.0,single_family_detached,California Department of Finance E-5,2026 E-5 release,2022,2026-10-07,Housing units (count),"January 1 annual estimate from the official 2026 E-5 workbook. Historical sheets in that release may contain revised estimates. This is housing stock, not annual production."
Del Mar,del mar,2022,Jurisdiction,1325.0,single_family_detached,California Department of Finance E-5,2026 E-5 release,2022,2026-10-07,Housing units (count),"January 1 annual estimate from the official 2026 E-5 workbook. Historical sheets in that release may contain revised estimates. This is housing stock, not annual production."
El Cajon,el cajon,2022,Jurisdiction,15240.0,single_family_detached,California Department of Finance E-5,2026 E-5 release,2022,2026-10-07,Housing units (count),"January 1 annual estimate from the official 2026 E-5 workbook. Historical sheets in that release may contain revised estimates. This is housing stock, not annual production."
Encinitas,encinitas,2022,Jurisdiction,15556.0,single_family_detached,California Department of Finance E-5,2026 E-5 release,2022,2026-10-07,Housing units (count),"January 1 annual estimate from the official 2026 E-5 workbook. Historical sheets in that release may contain revised estimates. This is housing stock, not annual production."
Escondido,escondido,2022,Jurisdiction,25645.0,single_family_detached,California Department of Finance E-5,2026 E-5 release,2022,2026-10-07,Housing units (count),"January 1 annual estimate from the official 2026 E-5 workbook. Historical sheets in that release may contain revised estimates. This is housing stock, not annual production."
Imperial Beach,imperial beach,2022,Jurisdiction,3985.0,single_family_detached,California Department of Finance E-5,2026 E-5 release,2022,2026-10-07,Housing units (count),"January 1 annual estimate from the official 2026 E-5 workbook. Historical sheets in that release may contain revised estimates. This is housing stock, not annual production."
La Mesa,la mesa,2022,Jurisdiction,12256.0,single_family_detached,California Department of Finance E-5,2026 E-5 release,2022,2026-10-07,Housing units (count),"January 1 annual estimate from the official 2026 E-5 workbook. Historical sheets in that release may contain revised estimates. This is housing stock, not annual production."
Lemon Grove,lemon grove,2022,Jurisdiction,6168.0,single_family_detached,California Department of Finance E-5,2026 E-5 release,2022,2026-10-07,Housing units (count),"January 1 annual estimate from the official 2026 E-5 workbook. Historical sheets in that release may contain revised estimates. This is housing stock, not annual production."
National City,national city,2022,Jurisdiction,7681.0,single_family_detached,California Department of Finance E-5,2026 E-5 release,2022,2026-10-07,Housing units (count),"January 1 annual estimate from the official 2026 E-5 workbook. Historical sheets in that release may contain revised estimates. This is housing stock, not annual production."
Oceanside,oceanside,2022,Jurisdiction,35453.0,single_family_detached,California Department of Finance E-5,2026 E-5 release,2022,2026-10-07,Housing units (count),"January 1 annual estimate from the official 2026 E-5 workbook. Historical sheets in that release may contain revised estimates. This is housing stock, not annual production."
Poway,poway,2022,Jurisdiction,12730.0,single_family_detached,California Department of Finance E-5,2026 E-5 release,2022,2026-10-07,Housing units (count),"January 1 annual estimate from the official 2026 E-5 workbook. Historical sheets in that release may contain revised estimates. This is housing stock, not annual production."
San Diego,san diego,2022,Jurisdiction,242627.0,single_family_detached,California Department of Finance E-5,2026 E-5 release,2022,2026-10-07,Housing units (count),"January 1 annual estimate from the official 2026 E-5 workbook. Historical sheets in that release may contain revised estimates. This is housing stock, not annual production."
San Marcos,san marcos,2022,Jurisdiction,16301.0,single_family_detached,California Department of Finance E-5,2026 E-5 release,2022,2026-10-07,Housing units (count),"January 1 annual estimate from the official 2026 E-5 workbook. Historical sheets in that release may contain revised estimates. This is housing stock, not annual production."
Santee,santee,2022,Jurisdiction,12271.0,single_family_detached,California Department of Finance E-5,2026 E-5 release,2022,2026-10-07,Housing units (count),"January 1 annual estimate from the official 2026 E-5 workbook. Historical sheets in that release may contain revised estimates. This is housing stock, not annual production."
Solana Beach,solana beach,2022,Jurisdiction,3154.0,single_family_detached,California Department of Finance E-5,2026 E-5 release,2022,2026-10-07,Housing units (count),"January 1 annual estimate from the official 2026 E-5 workbook. Historical sheets in that release may contain revised estimates. This is housing stock, not annual production."
Vista,vista,2022,Jurisdiction,16496.0,single_family_detached,California Department of Finance E-5,2026 E-5 release,2022,2026-10-07,Housing units (count),"January 1 annual estimate from the official 2026 E-5 workbook. Historical sheets in that release may contain revised estimates. This is housing stock, not annual production."
Unincorporated San Diego County,unincorporated san diego county,2022,Jurisdiction,124167.0,single_family_detached,California Department of Finance E-5,2026 E-5 release,2022,2026-10-07,Housing units (count),"January 1 annual estimate from the official 2026 E-5 workbook. Historical sheets in that release may contain revised estimates. This is housing stock, not annual production."
San Diego County (Countywide),san diego county countywide,2022,Countywide,627348.0,single_family_detached,California Department of Finance E-5,2026 E-5 release,2022,2026-10-07,Housing units (count),"January 1 annual estimate from the official 2026 E-5 workbook. Historical sheets in that release may contain revised estimates. This is housing stock, not annual production."
Carlsbad,carlsbad,2023,Jurisdiction,25134.0,single_family_detached,California Department of Finance E-5,2026 E-5 release,2023,2026-10-07,Housing units (count),"January 1 annual estimate from the official 2026 E-5 workbook. Historical sheets in that release may contain revised estimates. This is housing stock, not annual production."
Chula Vista,chula vista,2023,Jurisdiction,47071.0,single_family_detached,California Department of Finance E-5,2026 E-5 release,2023,2026-10-07,Housing units (count),"January 1 annual estimate from the official 2026 E-5 workbook. Historical sheets in that release may contain revised estimates. This is housing stock, not annual production."
Coronado,coronado,2023,Jurisdiction,4385.0,single_family_detached,California Department of Finance E-5,2026 E-5 release,2023,2026-10-07,Housing units (count),"January 1 annual estimate from the official 2026 E-5 workbook. Historical sheets in that release may contain revised estimates. This is housing stock, not annual production."
Del Mar,del mar,2023,Jurisdiction,1334.0,single_family_detached,California Department of Finance E-5,2026 E-5 release,2023,2026-10-07,Housing units (count),"January 1 annual estimate from the official 2026 E-5 workbook. Historical sheets in that release may contain revised estimates. This is housing stock, not annual production."
El Cajon,el cajon,2023,Jurisdiction,15263.0,single_family_detached,California Department of Finance E-5,2026 E-5 release,2023,2026-10-07,Housing units (count),"January 1 annual estimate from the official 2026 E-5 workbook. Historical sheets in that release may contain revised estimates. This is housing stock, not annual production."
Encinitas,encinitas,2023,Jurisdiction,15621.0,single_family_detached,California Department of Finance E-5,2026 E-5 release,2023,2026-10-07,Housing units (count),"January 1 annual estimate from the official 2026 E-5 workbook. Historical sheets in that release may contain revised estimates. This is housing stock, not annual production."
Escondido,escondido,2023,Jurisdiction,25859.0,single_family_detached,California Department of Finance E-5,2026 E-5 release,2023,2026-10-07,Housing units (count),"January 1 annual estimate from the official 2026 E-5 workbook. Historical sheets in that release may contain revised estimates. This is housing stock, not annual production."
Imperial Beach,imperial beach,2023,Jurisdiction,3996.0,single_family_detached,California Department of Finance E-5,2026 E-5 release,2023,2026-10-07,Housing units (count),"January 1 annual estimate from the official 2026 E-5 workbook. Historical sheets in that release may contain revised estimates. This is housing stock, not annual production."
La Mesa,la mesa,2023,Jurisdiction,12283.0,single_family_detached,California Department of Finance E-5,2026 E-5 release,2023,2026-10-07,Housing units (count),"January 1 annual estimate from the official 2026 E-5 workbook. Historical sheets in that release may contain revised estimates. This is housing stock, not annual production."
Lemon Grove,lemon grove,2023,Jurisdiction,6295.0,single_family_detached,California Department of Finance E-5,2026 E-5 release,2023,2026-10-07,Housing units (count),"January 1 annual estimate from the official 2026 E-5 workbook. Historical sheets in that release may contain revised estimates. This is housing stock, not annual production."
National City,national city,2023,Jurisdiction,7697.0,single_family_detached,California Department of Finance E-5,2026 E-5 release,2023,2026-10-07,Housing units (count),"January 1 annual estimate from the official 2026 E-5 workbook. Historical sheets in that release may contain revised estimates. This is housing stock, not annual production."
Oceanside,oceanside,2023,Jurisdiction,35524.0,single_family_detached,California Department of Finance E-5,2026 E-5 release,2023,2026-10-07,Housing units (count),"January 1 annual estimate from the official 2026 E-5 workbook. Historical sheets in that release may contain revised estimates. This is housing stock, not annual production."
Poway,poway,2023,Jurisdiction,12742.0,single_family_detached,California Department of Finance E-5,2026 E-5 release,2023,2026-10-07,Housing units (count),"January 1 annual estimate from the official 2026 E-5 workbook. Historical sheets in that release may contain revised estimates. This is housing stock, not annual production."
San Diego,san diego,2023,Jurisdiction,244576.0,single_family_detached,California Department of Finance E-5,2026 E-5 release,2023,2026-10-07,Housing units (count),"January 1 annual estimate from the official 2026 E-5 workbook. Historical sheets in that release may contain revised estimates. This is housing stock, not annual production."
San Marcos,san marcos,2023,Jurisdiction,16501.0,single_family_detached,California Department of Finance E-5,2026 E-5 release,2023,2026-10-07,Housing units (count),"January 1 annual estimate from the official 2026 E-5 workbook. Historical sheets in that release may contain revised estimates. This is housing stock, not annual production."
Santee,santee,2023,Jurisdiction,12288.0,single_family_detached,California Department of Finance E-5,2026 E-5 release,2023,2026-10-07,Housing units (count),"January 1 annual estimate from the official 2026 E-5 workbook. Historical sheets in that release may contain revised estimates. This is housing stock, not annual production."
Solana Beach,solana beach,2023,Jurisdiction,3177.0,single_family_detached,California Department of Finance E-5,2026 E-5 release,2023,2026-10-07,Housing units (count),"January 1 annual estimate from the official 2026 E-5 workbook. Historical sheets in that release may contain revised estimates. This is housing stock, not annual production."
Vista,vista,2023,Jurisdiction,16537.0,single_family_detached,California Department of Finance E-5,2026 E-5 release,2023,2026-10-07,Housing units (count),"January 1 annual estimate from the official 2026 E-5 workbook. Historical sheets in that release may contain revised estimates. This is housing stock, not annual production."
Unincorporated San Diego County,unincorporated san diego county,2023,Jurisdiction,125119.0,single_family_detached,California Department of Finance E-5,2026 E-5 release,2023,2026-10-07,Housing units (count),"January 1 annual estimate from the official 2026 E-5 workbook. Historical sheets in that release may contain revised estimates. This is housing stock, not annual production."
San Diego County (Countywide),san diego county countywide,2023,Countywide,631402.0,single_family_detached,California Department of Finance E-5,2026 E-5 release,2023,2026-10-07,Housing units (count),"January 1 annual estimate from the official 2026 E-5 workbook. Historical sheets in that release may contain revised estimates. This is housing stock, not annual production."
Carlsbad,carlsbad,2024,Jurisdiction,25158.0,single_family_detached,California Department of Finance E-5,2026 E-5 release,2024,2026-10-07,Housing units (count),"January 1 annual estimate from the official 2026 E-5 workbook. Historical sheets in that release may contain revised estimates. This is housing stock, not annual production."
Chula Vista,chula vista,2024,Jurisdiction,47235.0,single_family_detached,California Department of Finance E-5,2026 E-5 release,2024,2026-10-07,Housing units (count),"January 1 annual estimate from the official 2026 E-5 workbook. Historical sheets in that release may contain revised estimates. This is housing stock, not annual production."
Coronado,coronado,2024,Jurisdiction,4389.0,single_family_detached,California Department of Finance E-5,2026 E-5 release,2024,2026-10-07,Housing units (count),"January 1 annual estimate from the official 2026 E-5 workbook. Historical sheets in that release may contain revised estimates. This is housing stock, not annual production."
Del Mar,del mar,2024,Jurisdiction,1344.0,single_family_detached,California Department of Finance E-5,2026 E-5 release,2024,2026-10-07,Housing units (count),"January 1 annual estimate from the official 2026 E-5 workbook. Historical sheets in that release may contain revised estimates. This is housing stock, not annual production."
El Cajon,el cajon,2024,Jurisdiction,15293.0,single_family_detached,California Department of Finance E-5,2026 E-5 release,2024,2026-10-07,Housing units (count),"January 1 annual estimate from the official 2026 E-5 workbook. Historical sheets in that release may contain revised estimates. This is housing stock, not annual production."
Encinitas,encinitas,2024,Jurisdiction,15685.0,single_family_detached,California Department of Finance E-5,2026 E-5 release,2024,2026-10-07,Housing units (count),"January 1 annual estimate from the official 2026 E-5 workbook. Historical sheets in that release may contain revised estimates. This is housing stock, not annual production."
Escondido,escondido,2024,Jurisdiction,25913.0,single_family_detached,California Department of Finance E-5,2026 E-5 release,2024,2026-10-07,Housing units (count),"January 1 annual estimate from the official 2026 E-5 workbook. Historical sheets in that release may contain revised estimates. This is housing stock, not annual production."
Imperial Beach,imperial beach,2024,Jurisdiction,4008.0,single_family_detached,California Department of Finance E-5,2026 E-5 release,2024,2026-10-07,Housing units (count),"January 1 annual estimate from the official 2026 E-5 workbook. Historical sheets in that release may contain revised estimates. This is housing stock, not annual production."
La Mesa,la mesa,2024,Jurisdiction,12315.0,single_family_detached,California Department of Finance E-5,2026 E-5 release,2024,2026-10-07,Housing units (count),"January 1 annual estimate from the official 2026 E-5 workbook. Historical sheets in that release may contain revised estimates. This is housing stock, not annual production."
Lemon Grove,lemon grove,2024,Jurisdiction,6384.0,single_family_detached,California Department of Finance E-5,2026 E-5 release,2024,2026-10-07,Housing units (count),"January 1 annual estimate from the official 2026 E-5 workbook. Historical sheets in that release may contain revised estimates. This is housing stock, not annual production."
National City,national city,2024,Jurisdiction,7717.0,single_family_detached,California Department of Finance E-5,2026 E-5 release,2024,2026-10-07,Housing units (count),"January 1 annual estimate from the official 2026 E-5 workbook. Historical sheets in that release may contain revised estimates. This is housing stock, not annual production."
Oceanside,oceanside,2024,Jurisdiction,35583.0,single_family_detached,California Department of Finance E-5,2026 E-5 release,2024,2026-10-07,Housing units (count),"January 1 annual estimate from the official 2026 E-5 workbook. Historical sheets in that release may contain revised estimates. This is housing stock, not annual production."
Poway,poway,2024,Jurisdiction,12889.0,single_family_detached,California Department of Finance E-5,2026 E-5 release,2024,2026-10-07,Housing units (count),"January 1 annual estimate from the official 2026 E-5 workbook. Historical sheets in that release may contain revised estimates. This is housing stock, not annual production."
San Diego,san diego,2024,Jurisdiction,246028.0,single_family_detached,California Department of Finance E-5,2026 E-5 release,2024,2026-10-07,Housing units (count),"January 1 annual estimate from the official 2026 E-5 workbook. Historical sheets in that release may contain revised estimates. This is housing stock, not annual production."
San Marcos,san marcos,2024,Jurisdiction,16745.0,single_family_detached,California Department of Finance E-5,2026 E-5 release,2024,2026-10-07,Housing units (count),"January 1 annual estimate from the official 2026 E-5 workbook. Historical sheets in that release may contain revised estimates. This is housing stock, not annual production."
Santee,santee,2024,Jurisdiction,12303.0,single_family_detached,California Department of Finance E-5,2026 E-5 release,2024,2026-10-07,Housing units (count),"January 1 annual estimate from the official 2026 E-5 workbook. Historical sheets in that release may contain revised estimates. This is housing stock, not annual production."
Solana Beach,solana beach,2024,Jurisdiction,3193.0,single_family_detached,California Department of Finance E-5,2026 E-5 release,2024,2026-10-07,Housing units (count),"January 1 annual estimate from the official 2026 E-5 workbook. Historical sheets in that release may contain revised estimates. This is housing stock, not annual production."
Vista,vista,2024,Jurisdiction,16675.0,single_family_detached,California Department of Finance E-5,2026 E-5 release,2024,2026-10-07,Housing units (count),"January 1 annual estimate from the official 2026 E-5 workbook. Historical sheets in that release may contain revised estimates. This is housing stock, not annual production."
Unincorporated San Diego County,unincorporated san diego county,2024,Jurisdiction,125814.0,single_family_detached,California Department of Finance E-5,2026 E-5 release,2024,2026-10-07,Housing units (count),"January 1 annual estimate from the official 2026 E-5 workbook. Historical sheets in that release may contain revised estimates. This is housing stock, not annual production."
San Diego County (Countywide),san diego county countywide,2024,Countywide,634671.0,single_family_detached,California Department of Finance E-5,2026 E-5 release,2024,2026-10-07,Housing units (count),"January 1 annual estimate from the official 2026 E-5 workbook. Historical sheets in that release may contain revised estimates. This is housing stock, not annual production."
Carlsbad,carlsbad,2025,Jurisdiction,25200.0,single_family_detached,California Department of Finance E-5,2026 E-5 release,2025,2026-10-07,Housing units (count),"January 1 annual estimate from the official 2026 E-5 workbook. Historical sheets in that release may contain revised estimates. This is housing stock, not annual production."
Chula Vista,chula vista,2025,Jurisdiction,47482.0,single_family_detached,California Department of Finance E-5,2026 E-5 release,2025,2026-10-07,Housing units (count),"January 1 annual estimate from the official 2026 E-5 workbook. Historical sheets in that release may contain revised estimates. This is housing stock, not annual production."
Coronado,coronado,2025,Jurisdiction,4392.0,single_family_detached,California Department of Finance E-5,2026 E-5 release,2025,2026-10-07,Housing units (count),"January 1 annual estimate from the official 2026 E-5 workbook. Historical sheets in that release may contain revised estimates. This is housing stock, not annual production."
Del Mar,del mar,2025,Jurisdiction,1353.0,single_family_detached,California Department of Finance E-5,2026 E-5 release,2025,2026-10-07,Housing units (count),"January 1 annual estimate from the official 2026 E-5 workbook. Historical sheets in that release may contain revised estimates. This is housing stock, not annual production."
El Cajon,el cajon,2025,Jurisdiction,15341.0,single_family_detached,California Department of Finance E-5,2026 E-5 release,2025,2026-10-07,Housing units (count),"January 1 annual estimate from the official 2026 E-5 workbook. Historical sheets in that release may contain revised estimates. This is housing stock, not annual production."
Encinitas,encinitas,2025,Jurisdiction,15774.0,single_family_detached,California Department of Finance E-5,2026 E-5 release,2025,2026-10-07,Housing units (count),"January 1 annual estimate from the official 2026 E-5 workbook. Historical sheets in that release may contain revised estimates. This is housing stock, not annual production."
Escondido,escondido,2025,Jurisdiction,25931.0,single_family_detached,California Department of Finance E-5,2026 E-5 release,2025,2026-10-07,Housing units (count),"January 1 annual estimate from the official 2026 E-5 workbook. Historical sheets in that release may contain revised estimates. This is housing stock, not annual production."
Imperial Beach,imperial beach,2025,Jurisdiction,4031.0,single_family_detached,California Department of Finance E-5,2026 E-5 release,2025,2026-10-07,Housing units (count),"January 1 annual estimate from the official 2026 E-5 workbook. Historical sheets in that release may contain revised estimates. This is housing stock, not annual production."
La Mesa,la mesa,2025,Jurisdiction,12380.0,single_family_detached,California Department of Finance E-5,2026 E-5 release,2025,2026-10-07,Housing units (count),"January 1 annual estimate from the official 2026 E-5 workbook. Historical sheets in that release may contain revised estimates. This is housing stock, not annual production."
Lemon Grove,lemon grove,2025,Jurisdiction,6418.0,single_family_detached,California Department of Finance E-5,2026 E-5 release,2025,2026-10-07,Housing units (count),"January 1 annual estimate from the official 2026 E-5 workbook. Historical sheets in that release may contain revised estimates. This is housing stock, not annual production."
National City,national city,2025,Jurisdiction,7743.0,single_family_detached,California Department of Finance E-5,2026 E-5 release,2025,2026-10-07,Housing units (count),"January 1 annual estimate from the official 2026 E-5 workbook. Historical sheets in that release may contain revised estimates. This is housing stock, not annual production."
Oceanside,oceanside,2025,Jurisdiction,35708.0,single_family_detached,California Department of Finance E-5,2026 E-5 release,2025,2026-10-07,Housing units (count),"January 1 annual estimate from the official 2026 E-5 workbook. Historical sheets in that release may contain revised estimates. This is housing stock, not annual production."
Poway,poway,2025,Jurisdiction,12952.0,single_family_detached,California Department of Finance E-5,2026 E-5 release,2025,2026-10-07,Housing units (count),"January 1 annual estimate from the official 2026 E-5 workbook. Historical sheets in that release may contain revised estimates. This is housing stock, not annual production."
San Diego,san diego,2025,Jurisdiction,248242.0,single_family_detached,California Department of Finance E-5,2026 E-5 release,2025,2026-10-07,Housing units (count),"January 1 annual estimate from the official 2026 E-5 workbook. Historical sheets in that release may contain revised estimates. This is housing stock, not annual production."
San Marcos,san marcos,2025,Jurisdiction,16819.0,single_family_detached,California Department of Finance E-5,2026 E-5 release,2025,2026-10-07,Housing units (count),"January 1 annual estimate from the official 2026 E-5 workbook. Historical sheets in that release may contain revised estimates. This is housing stock, not annual production."
Santee,santee,2025,Jurisdiction,12333.0,single_family_detached,California Department of Finance E-5,2026 E-5 release,2025,2026-10-07,Housing units (count),"January 1 annual estimate from the official 2026 E-5 workbook. Historical sheets in that release may contain revised estimates. This is housing stock, not annual production."
Solana Beach,solana beach,2025,Jurisdiction,3206.0,single_family_detached,California Department of Finance E-5,2026 E-5 release,2025,2026-10-07,Housing units (count),"January 1 annual estimate from the official 2026 E-5 workbook. Historical sheets in that release may contain revised estimates. This is housing stock, not annual production."
Vista,vista,2025,Jurisdiction,16743.0,single_family_detached,California Department of Finance E-5,2026 E-5 release,2025,2026-10-07,Housing units (count),"January 1 annual estimate from the official 2026 E-5 workbook. Historical sheets in that release may contain revised estimates. This is housing stock, not annual production."
Unincorporated San Diego County,unincorporated san diego county,2025,Jurisdiction,126445.0,single_family_detached,California Department of Finance E-5,2026 E-5 release,2025,2026-10-07,Housing units (count),"January 1 annual estimate from the official 2026 E-5 workbook. Historical sheets in that release may contain revised estimates. This is housing stock, not annual production."
San Diego County (Countywide),san diego county countywide,2025,Countywide,638493.0,single_family_detached,California Department of Finance E-5,2026 E-5 release,2025,2026-10-07,Housing units (count),"January 1 annual estimate from the official 2026 E-5 workbook. Historical sheets in that release may contain revised estimates. This is housing stock, not annual production."
Carlsbad,carlsbad,2020,Jurisdiction,8277.0,single_family_attached,California Department of Finance E-5,2026 E-5 release,2020,2026-10-07,Housing units (count),"January 1 annual estimate from the official 2026 E-5 workbook. Historical sheets in that release may contain revised estimates. This is housing stock, not annual production."
Chula Vista,chula vista,2020,Jurisdiction,8708.0,single_family_attached,California Department of Finance E-5,2026 E-5 release,2020,2026-10-07,Housing units (count),"January 1 annual estimate from the official 2026 E-5 workbook. Historical sheets in that release may contain revised estimates. This is housing stock, not annual production."
Coronado,coronado,2020,Jurisdiction,1056.0,single_family_attached,California Department of Finance E-5,2026 E-5 release,2020,2026-10-07,Housing units (count),"January 1 annual estimate from the official 2026 E-5 workbook. Historical sheets in that release may contain revised estimates. This is housing stock, not annual production."
Del Mar,del mar,2020,Jurisdiction,519.0,single_family_attached,California Department of Finance E-5,2026 E-5 release,2020,2026-10-07,Housing units (count),"January 1 annual estimate from the official 2026 E-5 workbook. Historical sheets in that release may contain revised estimates. This is housing stock, not annual production."
El Cajon,el cajon,2020,Jurisdiction,1870.0,single_family_attached,California Department of Finance E-5,2026 E-5 release,2020,2026-10-07,Housing units (count),"January 1 annual estimate from the official 2026 E-5 workbook. Historical sheets in that release may contain revised estimates. This is housing stock, not annual production."
Encinitas,encinitas,2020,Jurisdiction,5057.0,single_family_attached,California Department of Finance E-5,2026 E-5 release,2020,2026-10-07,Housing units (count),"January 1 annual estimate from the official 2026 E-5 workbook. Historical sheets in that release may contain revised estimates. This is housing stock, not annual production."
Escondido,escondido,2020,Jurisdiction,3148.0,single_family_attached,California Department of Finance E-5,2026 E-5 release,2020,2026-10-07,Housing units (count),"January 1 annual estimate from the official 2026 E-5 workbook. Historical sheets in that release may contain revised estimates. This is housing stock, not annual production."
Imperial Beach,imperial beach,2020,Jurisdiction,851.0,single_family_attached,California Department of Finance E-5,2026 E-5 release,2020,2026-10-07,Housing units (count),"January 1 annual estimate from the official 2026 E-5 workbook. Historical sheets in that release may contain revised estimates. This is housing stock, not annual production."
La Mesa,la mesa,2020,Jurisdiction,1601.0,single_family_attached,California Department of Finance E-5,2026 E-5 release,2020,2026-10-07,Housing units (count),"January 1 annual estimate from the official 2026 E-5 workbook. Historical sheets in that release may contain revised estimates. This is housing stock, not annual production."
Lemon Grove,lemon grove,2020,Jurisdiction,838.0,single_family_attached,California Department of Finance E-5,2026 E-5 release,2020,2026-10-07,Housing units (count),"January 1 annual estimate from the official 2026 E-5 workbook. Historical sheets in that release may contain revised estimates. This is housing stock, not annual production."
National City,national city,2020,Jurisdiction,1710.0,single_family_attached,California Department of Finance E-5,2026 E-5 release,2020,2026-10-07,Housing units (count),"January 1 annual estimate from the official 2026 E-5 workbook. Historical sheets in that release may contain revised estimates. This is housing stock, not annual production."
Oceanside,oceanside,2020,Jurisdiction,8004.0,single_family_attached,California Department of Finance E-5,2026 E-5 release,2020,2026-10-07,Housing units (count),"January 1 annual estimate from the official 2026 E-5 workbook. Historical sheets in that release may contain revised estimates. This is housing stock, not annual production."
Poway,poway,2020,Jurisdiction,707.0,single_family_attached,California Department of Finance E-5,2026 E-5 release,2020,2026-10-07,Housing units (count),"January 1 annual estimate from the official 2026 E-5 workbook. Historical sheets in that release may contain revised estimates. This is housing stock, not annual production."
San Diego,san diego,2020,Jurisdiction,48389.0,single_family_attached,California Department of Finance E-5,2026 E-5 release,2020,2026-10-07,Housing units (count),"January 1 annual estimate from the official 2026 E-5 workbook. Historical sheets in that release may contain revised estimates. This is housing stock, not annual production."
San Marcos,san marcos,2020,Jurisdiction,2419.0,single_family_attached,California Department of Finance E-5,2026 E-5 release,2020,2026-10-07,Housing units (count),"January 1 annual estimate from the official 2026 E-5 workbook. Historical sheets in that release may contain revised estimates. This is housing stock, not annual production."
Santee,santee,2020,Jurisdiction,2054.0,single_family_attached,California Department of Finance E-5,2026 E-5 release,2020,2026-10-07,Housing units (count),"January 1 annual estimate from the official 2026 E-5 workbook. Historical sheets in that release may contain revised estimates. This is housing stock, not annual production."
Solana Beach,solana beach,2020,Jurisdiction,1302.0,single_family_attached,California Department of Finance E-5,2026 E-5 release,2020,2026-10-07,Housing units (count),"January 1 annual estimate from the official 2026 E-5 workbook. Historical sheets in that release may contain revised estimates. This is housing stock, not annual production."
Vista,vista,2020,Jurisdiction,2498.0,single_family_attached,California Department of Finance E-5,2026 E-5 release,2020,2026-10-07,Housing units (count),"January 1 annual estimate from the official 2026 E-5 workbook. Historical sheets in that release may contain revised estimates. This is housing stock, not annual production."
Unincorporated San Diego County,unincorporated san diego county,2020,Jurisdiction,10840.0,single_family_attached,California Department of Finance E-5,2026 E-5 release,2020,2026-10-07,Housing units (count),"January 1 annual estimate from the official 2026 E-5 workbook. Historical sheets in that release may contain revised estimates. This is housing stock, not annual production."
San Diego County (Countywide),san diego county countywide,2020,Countywide,109848.0,single_family_attached,California Department of Finance E-5,2026 E-5 release,2020,2026-10-07,Housing units (count),"January 1 annual estimate from the official 2026 E-5 workbook. Historical sheets in that release may contain revised estimates. This is housing stock, not annual production."
Carlsbad,carlsbad,2021,Jurisdiction,8397.0,single_family_attached,California Department of Finance E-5,2026 E-5 release,2021,2026-10-07,Housing units (count),"January 1 annual estimate from the official 2026 E-5 workbook. Historical sheets in that release may contain revised estimates. This is housing stock, not annual production."
Chula Vista,chula vista,2021,Jurisdiction,8708.0,single_family_attached,California Department of Finance E-5,2026 E-5 release,2021,2026-10-07,Housing units (count),"January 1 annual estimate from the official 2026 E-5 workbook. Historical sheets in that release may contain revised estimates. This is housing stock, not annual production."
Coronado,coronado,2021,Jurisdiction,1056.0,single_family_attached,California Department of Finance E-5,2026 E-5 release,2021,2026-10-07,Housing units (count),"January 1 annual estimate from the official 2026 E-5 workbook. Historical sheets in that release may contain revised estimates. This is housing stock, not annual production."
Del Mar,del mar,2021,Jurisdiction,519.0,single_family_attached,California Department of Finance E-5,2026 E-5 release,2021,2026-10-07,Housing units (count),"January 1 annual estimate from the official 2026 E-5 workbook. Historical sheets in that release may contain revised estimates. This is housing stock, not annual production."
El Cajon,el cajon,2021,Jurisdiction,1875.0,single_family_attached,California Department of Finance E-5,2026 E-5 release,2021,2026-10-07,Housing units (count),"January 1 annual estimate from the official 2026 E-5 workbook. Historical sheets in that release may contain revised estimates. This is housing stock, not annual production."
Encinitas,encinitas,2021,Jurisdiction,5057.0,single_family_attached,California Department of Finance E-5,2026 E-5 release,2021,2026-10-07,Housing units (count),"January 1 annual estimate from the official 2026 E-5 workbook. Historical sheets in that release may contain revised estimates. This is housing stock, not annual production."
Escondido,escondido,2021,Jurisdiction,3148.0,single_family_attached,California Department of Finance E-5,2026 E-5 release,2021,2026-10-07,Housing units (count),"January 1 annual estimate from the official 2026 E-5 workbook. Historical sheets in that release may contain revised estimates. This is housing stock, not annual production."
Imperial Beach,imperial beach,2021,Jurisdiction,855.0,single_family_attached,California Department of Finance E-5,2026 E-5 release,2021,2026-10-07,Housing units (count),"January 1 annual estimate from the official 2026 E-5 workbook. Historical sheets in that release may contain revised estimates. This is housing stock, not annual production."
La Mesa,la mesa,2021,Jurisdiction,1607.0,single_family_attached,California Department of Finance E-5,2026 E-5 release,2021,2026-10-07,Housing units (count),"January 1 annual estimate from the official 2026 E-5 workbook. Historical sheets in that release may contain revised estimates. This is housing stock, not annual production."
Lemon Grove,lemon grove,2021,Jurisdiction,838.0,single_family_attached,California Department of Finance E-5,2026 E-5 release,2021,2026-10-07,Housing units (count),"January 1 annual estimate from the official 2026 E-5 workbook. Historical sheets in that release may contain revised estimates. This is housing stock, not annual production."
National City,national city,2021,Jurisdiction,1710.0,single_family_attached,California Department of Finance E-5,2026 E-5 release,2021,2026-10-07,Housing units (count),"January 1 annual estimate from the official 2026 E-5 workbook. Historical sheets in that release may contain revised estimates. This is housing stock, not annual production."
Oceanside,oceanside,2021,Jurisdiction,8004.0,single_family_attached,California Department of Finance E-5,2026 E-5 release,2021,2026-10-07,Housing units (count),"January 1 annual estimate from the official 2026 E-5 workbook. Historical sheets in that release may contain revised estimates. This is housing stock, not annual production."
Poway,poway,2021,Jurisdiction,707.0,single_family_attached,California Department of Finance E-5,2026 E-5 release,2021,2026-10-07,Housing units (count),"January 1 annual estimate from the official 2026 E-5 workbook. Historical sheets in that release may contain revised estimates. This is housing stock, not annual production."
San Diego,san diego,2021,Jurisdiction,48394.0,single_family_attached,California Department of Finance E-5,2026 E-5 release,2021,2026-10-07,Housing units (count),"January 1 annual estimate from the official 2026 E-5 workbook. Historical sheets in that release may contain revised estimates. This is housing stock, not annual production."
San Marcos,san marcos,2021,Jurisdiction,2511.0,single_family_attached,California Department of Finance E-5,2026 E-5 release,2021,2026-10-07,Housing units (count),"January 1 annual estimate from the official 2026 E-5 workbook. Historical sheets in that release may contain revised estimates. This is housing stock, not annual production."
Santee,santee,2021,Jurisdiction,2054.0,single_family_attached,California Department of Finance E-5,2026 E-5 release,2021,2026-10-07,Housing units (count),"January 1 annual estimate from the official 2026 E-5 workbook. Historical sheets in that release may contain revised estimates. This is housing stock, not annual production."
Solana Beach,solana beach,2021,Jurisdiction,1302.0,single_family_attached,California Department of Finance E-5,2026 E-5 release,2021,2026-10-07,Housing units (count),"January 1 annual estimate from the official 2026 E-5 workbook. Historical sheets in that release may contain revised estimates. This is housing stock, not annual production."
Vista,vista,2021,Jurisdiction,2498.0,single_family_attached,California Department of Finance E-5,2026 E-5 release,2021,2026-10-07,Housing units (count),"January 1 annual estimate from the official 2026 E-5 workbook. Historical sheets in that release may contain revised estimates. This is housing stock, not annual production."
Unincorporated San Diego County,unincorporated san diego county,2021,Jurisdiction,10840.0,single_family_attached,California Department of Finance E-5,2026 E-5 release,2021,2026-10-07,Housing units (count),"January 1 annual estimate from the official 2026 E-5 workbook. Historical sheets in that release may contain revised estimates. This is housing stock, not annual production."
San Diego County (Countywide),san diego county countywide,2021,Countywide,110080.0,single_family_attached,California Department of Finance E-5,2026 E-5 release,2021,2026-10-07,Housing units (count),"January 1 annual estimate from the official 2026 E-5 workbook. Historical sheets in that release may contain revised estimates. This is housing stock, not annual production."
Carlsbad,carlsbad,2022,Jurisdiction,8482.0,single_family_attached,California Department of Finance E-5,2026 E-5 release,2022,2026-10-07,Housing units (count),"January 1 annual estimate from the official 2026 E-5 workbook. Historical sheets in that release may contain revised estimates. This is housing stock, not annual production."
Chula Vista,chula vista,2022,Jurisdiction,9056.0,single_family_attached,California Department of Finance E-5,2026 E-5 release,2022,2026-10-07,Housing units (count),"January 1 annual estimate from the official 2026 E-5 workbook. Historical sheets in that release may contain revised estimates. This is housing stock, not annual production."
Coronado,coronado,2022,Jurisdiction,1059.0,single_family_attached,California Department of Finance E-5,2026 E-5 release,2022,2026-10-07,Housing units (count),"January 1 annual estimate from the official 2026 E-5 workbook. Historical sheets in that release may contain revised estimates. This is housing stock, not annual production."
Del Mar,del mar,2022,Jurisdiction,519.0,single_family_attached,California Department of Finance E-5,2026 E-5 release,2022,2026-10-07,Housing units (count),"January 1 annual estimate from the official 2026 E-5 workbook. Historical sheets in that release may contain revised estimates. This is housing stock, not annual production."
El Cajon,el cajon,2022,Jurisdiction,1895.0,single_family_attached,California Department of Finance E-5,2026 E-5 release,2022,2026-10-07,Housing units (count),"January 1 annual estimate from the official 2026 E-5 workbook. Historical sheets in that release may contain revised estimates. This is housing stock, not annual production."
Encinitas,encinitas,2022,Jurisdiction,5085.0,single_family_attached,California Department of Finance E-5,2026 E-5 release,2022,2026-10-07,Housing units (count),"January 1 annual estimate from the official 2026 E-5 workbook. Historical sheets in that release may contain revised estimates. This is housing stock, not annual production."
Escondido,escondido,2022,Jurisdiction,3174.0,single_family_attached,California Department of Finance E-5,2026 E-5 release,2022,2026-10-07,Housing units (count),"January 1 annual estimate from the official 2026 E-5 workbook. Historical sheets in that release may contain revised estimates. This is housing stock, not annual production."
Imperial Beach,imperial beach,2022,Jurisdiction,861.0,single_family_attached,California Department of Finance E-5,2026 E-5 release,2022,2026-10-07,Housing units (count),"January 1 annual estimate from the official 2026 E-5 workbook. Historical sheets in that release may contain revised estimates. This is housing stock, not annual production."
La Mesa,la mesa,2022,Jurisdiction,1620.0,single_family_attached,California Department of Finance E-5,2026 E-5 release,2022,2026-10-07,Housing units (count),"January 1 annual estimate from the official 2026 E-5 workbook. Historical sheets in that release may contain revised estimates. This is housing stock, not annual production."
Lemon Grove,lemon grove,2022,Jurisdiction,838.0,single_family_attached,California Department of Finance E-5,2026 E-5 release,2022,2026-10-07,Housing units (count),"January 1 annual estimate from the official 2026 E-5 workbook. Historical sheets in that release may contain revised estimates. This is housing stock, not annual production."
National City,national city,2022,Jurisdiction,1710.0,single_family_attached,California Department of Finance E-5,2026 E-5 release,2022,2026-10-07,Housing units (count),"January 1 annual estimate from the official 2026 E-5 workbook. Historical sheets in that release may contain revised estimates. This is housing stock, not annual production."
Oceanside,oceanside,2022,Jurisdiction,8012.0,single_family_attached,California Department of Finance E-5,2026 E-5 release,2022,2026-10-07,Housing units (count),"January 1 annual estimate from the official 2026 E-5 workbook. Historical sheets in that release may contain revised estimates. This is housing stock, not annual production."
Poway,poway,2022,Jurisdiction,707.0,single_family_attached,California Department of Finance E-5,2026 E-5 release,2022,2026-10-07,Housing units (count),"January 1 annual estimate from the official 2026 E-5 workbook. Historical sheets in that release may contain revised estimates. This is housing stock, not annual production."
San Diego,san diego,2022,Jurisdiction,48413.0,single_family_attached,California Department of Finance E-5,2026 E-5 release,2022,2026-10-07,Housing units (count),"January 1 annual estimate from the official 2026 E-5 workbook. Historical sheets in that release may contain revised estimates. This is housing stock, not annual production."
San Marcos,san marcos,2022,Jurisdiction,2637.0,single_family_attached,California Department of Finance E-5,2026 E-5 release,2022,2026-10-07,Housing units (count),"January 1 annual estimate from the official 2026 E-5 workbook. Historical sheets in that release may contain revised estimates. This is housing stock, not annual production."
Santee,santee,2022,Jurisdiction,2134.0,single_family_attached,California Department of Finance E-5,2026 E-5 release,2022,2026-10-07,Housing units (count),"January 1 annual estimate from the official 2026 E-5 workbook. Historical sheets in that release may contain revised estimates. This is housing stock, not annual production."
Solana Beach,solana beach,2022,Jurisdiction,1302.0,single_family_attached,California Department of Finance E-5,2026 E-5 release,2022,2026-10-07,Housing units (count),"January 1 annual estimate from the official 2026 E-5 workbook. Historical sheets in that release may contain revised estimates. This is housing stock, not annual production."
Vista,vista,2022,Jurisdiction,2607.0,single_family_attached,California Department of Finance E-5,2026 E-5 release,2022,2026-10-07,Housing units (count),"January 1 annual estimate from the official 2026 E-5 workbook. Historical sheets in that release may contain revised estimates. This is housing stock, not annual production."
Unincorporated San Diego County,unincorporated san diego county,2022,Jurisdiction,10840.0,single_family_attached,California Department of Finance E-5,2026 E-5 release,2022,2026-10-07,Housing units (count),"January 1 annual estimate from the official 2026 E-5 workbook. Historical sheets in that release may contain revised estimates. This is housing stock, not annual production."
San Diego County (Countywide),san diego county countywide,2022,Countywide,110951.0,single_family_attached,California Department of Finance E-5,2026 E-5 release,2022,2026-10-07,Housing units (count),"January 1 annual estimate from the official 2026 E-5 workbook. Historical sheets in that release may contain revised estimates. This is housing stock, not annual production."
Carlsbad,carlsbad,2023,Jurisdiction,8548.0,single_family_attached,California Department of Finance E-5,2026 E-5 release,2023,2026-10-07,Housing units (count),"January 1 annual estimate from the official 2026 E-5 workbook. Historical sheets in that release may contain revised estimates. This is housing stock, not annual production."
Chula Vista,chula vista,2023,Jurisdiction,9145.0,single_family_attached,California Department of Finance E-5,2026 E-5 release,2023,2026-10-07,Housing units (count),"January 1 annual estimate from the official 2026 E-5 workbook. Historical sheets in that release may contain revised estimates. This is housing stock, not annual production."
Coronado,coronado,2023,Jurisdiction,1061.0,single_family_attached,California Department of Finance E-5,2026 E-5 release,2023,2026-10-07,Housing units (count),"January 1 annual estimate from the official 2026 E-5 workbook. Historical sheets in that release may contain revised estimates. This is housing stock, not annual production."
Del Mar,del mar,2023,Jurisdiction,529.0,single_family_attached,California Department of Finance E-5,2026 E-5 release,2023,2026-10-07,Housing units (count),"January 1 annual estimate from the official 2026 E-5 workbook. Historical sheets in that release may contain revised estimates. This is housing stock, not annual production."
El Cajon,el cajon,2023,Jurisdiction,1906.0,single_family_attached,California Department of Finance E-5,2026 E-5 release,2023,2026-10-07,Housing units (count),"January 1 annual estimate from the official 2026 E-5 workbook. Historical sheets in that release may contain revised estimates. This is housing stock, not annual production."
Encinitas,encinitas,2023,Jurisdiction,5110.0,single_family_attached,California Department of Finance E-5,2026 E-5 release,2023,2026-10-07,Housing units (count),"January 1 annual estimate from the official 2026 E-5 workbook. Historical sheets in that release may contain revised estimates. This is housing stock, not annual production."
Escondido,escondido,2023,Jurisdiction,3237.0,single_family_attached,California Department of Finance E-5,2026 E-5 release,2023,2026-10-07,Housing units (count),"January 1 annual estimate from the official 2026 E-5 workbook. Historical sheets in that release may contain revised estimates. This is housing stock, not annual production."
Imperial Beach,imperial beach,2023,Jurisdiction,869.0,single_family_attached,California Department of Finance E-5,2026 E-5 release,2023,2026-10-07,Housing units (count),"January 1 annual estimate from the official 2026 E-5 workbook. Historical sheets in that release may contain revised estimates. This is housing stock, not annual production."
La Mesa,la mesa,2023,Jurisdiction,1633.0,single_family_attached,California Department of Finance E-5,2026 E-5 release,2023,2026-10-07,Housing units (count),"January 1 annual estimate from the official 2026 E-5 workbook. Historical sheets in that release may contain revised estimates. This is housing stock, not annual production."
Lemon Grove,lemon grove,2023,Jurisdiction,870.0,single_family_attached,California Department of Finance E-5,2026 E-5 release,2023,2026-10-07,Housing units (count),"January 1 annual estimate from the official 2026 E-5 workbook. Historical sheets in that release may contain revised estimates. This is housing stock, not annual production."
National City,national city,2023,Jurisdiction,1716.0,single_family_attached,California Department of Finance E-5,2026 E-5 release,2023,2026-10-07,Housing units (count),"January 1 annual estimate from the official 2026 E-5 workbook. Historical sheets in that release may contain revised estimates. This is housing stock, not annual production."
Oceanside,oceanside,2023,Jurisdiction,8061.0,single_family_attached,California Department of Finance E-5,2026 E-5 release,2023,2026-10-07,Housing units (count),"January 1 annual estimate from the official 2026 E-5 workbook. Historical sheets in that release may contain revised estimates. This is housing stock, not annual production."
Poway,poway,2023,Jurisdiction,733.0,single_family_attached,California Department of Finance E-5,2026 E-5 release,2023,2026-10-07,Housing units (count),"January 1 annual estimate from the official 2026 E-5 workbook. Historical sheets in that release may contain revised estimates. This is housing stock, not annual production."
San Diego,san diego,2023,Jurisdiction,48930.0,single_family_attached,California Department of Finance E-5,2026 E-5 release,2023,2026-10-07,Housing units (count),"January 1 annual estimate from the official 2026 E-5 workbook. Historical sheets in that release may contain revised estimates. This is housing stock, not annual production."
San Marcos,san marcos,2023,Jurisdiction,2704.0,single_family_attached,California Department of Finance E-5,2026 E-5 release,2023,2026-10-07,Housing units (count),"January 1 annual estimate from the official 2026 E-5 workbook. Historical sheets in that release may contain revised estimates. This is housing stock, not annual production."
Santee,santee,2023,Jurisdiction,2190.0,single_family_attached,California Department of Finance E-5,2026 E-5 release,2023,2026-10-07,Housing units (count),"January 1 annual estimate from the official 2026 E-5 workbook. Historical sheets in that release may contain revised estimates. This is housing stock, not annual production."
Solana Beach,solana beach,2023,Jurisdiction,1305.0,single_family_attached,California Department of Finance E-5,2026 E-5 release,2023,2026-10-07,Housing units (count),"January 1 annual estimate from the official 2026 E-5 workbook. Historical sheets in that release may contain revised estimates. This is housing stock, not annual production."
Vista,vista,2023,Jurisdiction,2625.0,single_family_attached,California Department of Finance E-5,2026 E-5 release,2023,2026-10-07,Housing units (count),"January 1 annual estimate from the official 2026 E-5 workbook. Historical sheets in that release may contain revised estimates. This is housing stock, not annual production."
Unincorporated San Diego County,unincorporated san diego county,2023,Jurisdiction,10887.0,single_family_attached,California Department of Finance E-5,2026 E-5 release,2023,2026-10-07,Housing units (count),"January 1 annual estimate from the official 2026 E-5 workbook. Historical sheets in that release may contain revised estimates. This is housing stock, not annual production."
San Diego County (Countywide),san diego county countywide,2023,Countywide,112059.0,single_family_attached,California Department of Finance E-5,2026 E-5 release,2023,2026-10-07,Housing units (count),"January 1 annual estimate from the official 2026 E-5 workbook. Historical sheets in that release may contain revised estimates. This is housing stock, not annual production."
Carlsbad,carlsbad,2024,Jurisdiction,8582.0,single_family_attached,California Department of Finance E-5,2026 E-5 release,2024,2026-10-07,Housing units (count),"January 1 annual estimate from the official 2026 E-5 workbook. Historical sheets in that release may contain revised estimates. This is housing stock, not annual production."
Chula Vista,chula vista,2024,Jurisdiction,9310.0,single_family_attached,California Department of Finance E-5,2026 E-5 release,2024,2026-10-07,Housing units (count),"January 1 annual estimate from the official 2026 E-5 workbook. Historical sheets in that release may contain revised estimates. This is housing stock, not annual production."
Coronado,coronado,2024,Jurisdiction,1067.0,single_family_attached,California Department of Finance E-5,2026 E-5 release,2024,2026-10-07,Housing units (count),"January 1 annual estimate from the official 2026 E-5 workbook. Historical sheets in that release may contain revised estimates. This is housing stock, not annual production."
Del Mar,del mar,2024,Jurisdiction,539.0,single_family_attached,California Department of Finance E-5,2026 E-5 release,2024,2026-10-07,Housing units (count),"January 1 annual estimate from the official 2026 E-5 workbook. Historical sheets in that release may contain revised estimates. This is housing stock, not annual production."
El Cajon,el cajon,2024,Jurisdiction,1920.0,single_family_attached,California Department of Finance E-5,2026 E-5 release,2024,2026-10-07,Housing units (count),"January 1 annual estimate from the official 2026 E-5 workbook. Historical sheets in that release may contain revised estimates. This is housing stock, not annual production."
Encinitas,encinitas,2024,Jurisdiction,5150.0,single_family_attached,California Department of Finance E-5,2026 E-5 release,2024,2026-10-07,Housing units (count),"January 1 annual estimate from the official 2026 E-5 workbook. Historical sheets in that release may contain revised estimates. This is housing stock, not annual production."
Escondido,escondido,2024,Jurisdiction,3312.0,single_family_attached,California Department of Finance E-5,2026 E-5 release,2024,2026-10-07,Housing units (count),"January 1 annual estimate from the official 2026 E-5 workbook. Historical sheets in that release may contain revised estimates. This is housing stock, not annual production."
Imperial Beach,imperial beach,2024,Jurisdiction,889.0,single_family_attached,California Department of Finance E-5,2026 E-5 release,2024,2026-10-07,Housing units (count),"January 1 annual estimate from the official 2026 E-5 workbook. Historical sheets in that release may contain revised estimates. This is housing stock, not annual production."
La Mesa,la mesa,2024,Jurisdiction,1650.0,single_family_attached,California Department of Finance E-5,2026 E-5 release,2024,2026-10-07,Housing units (count),"January 1 annual estimate from the official 2026 E-5 workbook. Historical sheets in that release may contain revised estimates. This is housing stock, not annual production."
Lemon Grove,lemon grove,2024,Jurisdiction,872.0,single_family_attached,California Department of Finance E-5,2026 E-5 release,2024,2026-10-07,Housing units (count),"January 1 annual estimate from the official 2026 E-5 workbook. Historical sheets in that release may contain revised estimates. This is housing stock, not annual production."
National City,national city,2024,Jurisdiction,1720.0,single_family_attached,California Department of Finance E-5,2026 E-5 release,2024,2026-10-07,Housing units (count),"January 1 annual estimate from the official 2026 E-5 workbook. Historical sheets in that release may contain revised estimates. This is housing stock, not annual production."
Oceanside,oceanside,2024,Jurisdiction,8122.0,single_family_attached,California Department of Finance E-5,2026 E-5 release,2024,2026-10-07,Housing units (count),"January 1 annual estimate from the official 2026 E-5 workbook. Historical sheets in that release may contain revised estimates. This is housing stock, not annual production."
Poway,poway,2024,Jurisdiction,739.0,single_family_attached,California Department of Finance E-5,2026 E-5 release,2024,2026-10-07,Housing units (count),"January 1 annual estimate from the official 2026 E-5 workbook. Historical sheets in that release may contain revised estimates. This is housing stock, not annual production."
San Diego,san diego,2024,Jurisdiction,48943.0,single_family_attached,California Department of Finance E-5,2026 E-5 release,2024,2026-10-07,Housing units (count),"January 1 annual estimate from the official 2026 E-5 workbook. Historical sheets in that release may contain revised estimates. This is housing stock, not annual production."
San Marcos,san marcos,2024,Jurisdiction,2908.0,single_family_attached,California Department of Finance E-5,2026 E-5 release,2024,2026-10-07,Housing units (count),"January 1 annual estimate from the official 2026 E-5 workbook. Historical sheets in that release may contain revised estimates. This is housing stock, not annual production."
Santee,santee,2024,Jurisdiction,2197.0,single_family_attached,California Department of Finance E-5,2026 E-5 release,2024,2026-10-07,Housing units (count),"January 1 annual estimate from the official 2026 E-5 workbook. Historical sheets in that release may contain revised estimates. This is housing stock, not annual production."
Solana Beach,solana beach,2024,Jurisdiction,1307.0,single_family_attached,California Department of Finance E-5,2026 E-5 release,2024,2026-10-07,Housing units (count),"January 1 annual estimate from the official 2026 E-5 workbook. Historical sheets in that release may contain revised estimates. This is housing stock, not annual production."
Vista,vista,2024,Jurisdiction,2644.0,single_family_attached,California Department of Finance E-5,2026 E-5 release,2024,2026-10-07,Housing units (count),"January 1 annual estimate from the official 2026 E-5 workbook. Historical sheets in that release may contain revised estimates. This is housing stock, not annual production."
Unincorporated San Diego County,unincorporated san diego county,2024,Jurisdiction,10945.0,single_family_attached,California Department of Finance E-5,2026 E-5 release,2024,2026-10-07,Housing units (count),"January 1 annual estimate from the official 2026 E-5 workbook. Historical sheets in that release may contain revised estimates. This is housing stock, not annual production."
San Diego County (Countywide),san diego county countywide,2024,Countywide,112816.0,single_family_attached,California Department of Finance E-5,2026 E-5 release,2024,2026-10-07,Housing units (count),"January 1 annual estimate from the official 2026 E-5 workbook. Historical sheets in that release may contain revised estimates. This is housing stock, not annual production."
Carlsbad,carlsbad,2025,Jurisdiction,8661.0,single_family_attached,California Department of Finance E-5,2026 E-5 release,2025,2026-10-07,Housing units (count),"January 1 annual estimate from the official 2026 E-5 workbook. Historical sheets in that release may contain revised estimates. This is housing stock, not annual production."
Chula Vista,chula vista,2025,Jurisdiction,9310.0,single_family_attached,California Department of Finance E-5,2026 E-5 release,2025,2026-10-07,Housing units (count),"January 1 annual estimate from the official 2026 E-5 workbook. Historical sheets in that release may contain revised estimates. This is housing stock, not annual production."
Coronado,coronado,2025,Jurisdiction,1071.0,single_family_attached,California Department of Finance E-5,2026 E-5 release,2025,2026-10-07,Housing units (count),"January 1 annual estimate from the official 2026 E-5 workbook. Historical sheets in that release may contain revised estimates. This is housing stock, not annual production."
Del Mar,del mar,2025,Jurisdiction,550.0,single_family_attached,California Department of Finance E-5,2026 E-5 release,2025,2026-10-07,Housing units (count),"January 1 annual estimate from the official 2026 E-5 workbook. Historical sheets in that release may contain revised estimates. This is housing stock, not annual production."
El Cajon,el cajon,2025,Jurisdiction,1935.0,single_family_attached,California Department of Finance E-5,2026 E-5 release,2025,2026-10-07,Housing units (count),"January 1 annual estimate from the official 2026 E-5 workbook. Historical sheets in that release may contain revised estimates. This is housing stock, not annual production."
Encinitas,encinitas,2025,Jurisdiction,5184.0,single_family_attached,California Department of Finance E-5,2026 E-5 release,2025,2026-10-07,Housing units (count),"January 1 annual estimate from the official 2026 E-5 workbook. Historical sheets in that release may contain revised estimates. This is housing stock, not annual production."
Escondido,escondido,2025,Jurisdiction,3329.0,single_family_attached,California Department of Finance E-5,2026 E-5 release,2025,2026-10-07,Housing units (count),"January 1 annual estimate from the official 2026 E-5 workbook. Historical sheets in that release may contain revised estimates. This is housing stock, not annual production."
Imperial Beach,imperial beach,2025,Jurisdiction,903.0,single_family_attached,California Department of Finance E-5,2026 E-5 release,2025,2026-10-07,Housing units (count),"January 1 annual estimate from the official 2026 E-5 workbook. Historical sheets in that release may contain revised estimates. This is housing stock, not annual production."
La Mesa,la mesa,2025,Jurisdiction,1688.0,single_family_attached,California Department of Finance E-5,2026 E-5 release,2025,2026-10-07,Housing units (count),"January 1 annual estimate from the official 2026 E-5 workbook. Historical sheets in that release may contain revised estimates. This is housing stock, not annual production."
Lemon Grove,lemon grove,2025,Jurisdiction,892.0,single_family_attached,California Department of Finance E-5,2026 E-5 release,2025,2026-10-07,Housing units (count),"January 1 annual estimate from the official 2026 E-5 workbook. Historical sheets in that release may contain revised estimates. This is housing stock, not annual production."
National City,national city,2025,Jurisdiction,1734.0,single_family_attached,California Department of Finance E-5,2026 E-5 release,2025,2026-10-07,Housing units (count),"January 1 annual estimate from the official 2026 E-5 workbook. Historical sheets in that release may contain revised estimates. This is housing stock, not annual production."
Oceanside,oceanside,2025,Jurisdiction,8187.0,single_family_attached,California Department of Finance E-5,2026 E-5 release,2025,2026-10-07,Housing units (count),"January 1 annual estimate from the official 2026 E-5 workbook. Historical sheets in that release may contain revised estimates. This is housing stock, not annual production."
Poway,poway,2025,Jurisdiction,743.0,single_family_attached,California Department of Finance E-5,2026 E-5 release,2025,2026-10-07,Housing units (count),"January 1 annual estimate from the official 2026 E-5 workbook. Historical sheets in that release may contain revised estimates. This is housing stock, not annual production."
San Diego,san diego,2025,Jurisdiction,49211.0,single_family_attached,California Department of Finance E-5,2026 E-5 release,2025,2026-10-07,Housing units (count),"January 1 annual estimate from the official 2026 E-5 workbook. Historical sheets in that release may contain revised estimates. This is housing stock, not annual production."
San Marcos,san marcos,2025,Jurisdiction,2923.0,single_family_attached,California Department of Finance E-5,2026 E-5 release,2025,2026-10-07,Housing units (count),"January 1 annual estimate from the official 2026 E-5 workbook. Historical sheets in that release may contain revised estimates. This is housing stock, not annual production."
Santee,santee,2025,Jurisdiction,2202.0,single_family_attached,California Department of Finance E-5,2026 E-5 release,2025,2026-10-07,Housing units (count),"January 1 annual estimate from the official 2026 E-5 workbook. Historical sheets in that release may contain revised estimates. This is housing stock, not annual production."
Solana Beach,solana beach,2025,Jurisdiction,1307.0,single_family_attached,California Department of Finance E-5,2026 E-5 release,2025,2026-10-07,Housing units (count),"January 1 annual estimate from the official 2026 E-5 workbook. Historical sheets in that release may contain revised estimates. This is housing stock, not annual production."
Vista,vista,2025,Jurisdiction,2727.0,single_family_attached,California Department of Finance E-5,2026 E-5 release,2025,2026-10-07,Housing units (count),"January 1 annual estimate from the official 2026 E-5 workbook. Historical sheets in that release may contain revised estimates. This is housing stock, not annual production."
Unincorporated San Diego County,unincorporated san diego county,2025,Jurisdiction,11157.0,single_family_attached,California Department of Finance E-5,2026 E-5 release,2025,2026-10-07,Housing units (count),"January 1 annual estimate from the official 2026 E-5 workbook. Historical sheets in that release may contain revised estimates. This is housing stock, not annual production."
San Diego County (Countywide),san diego county countywide,2025,Countywide,113714.0,single_family_attached,California Department of Finance E-5,2026 E-5 release,2025,2026-10-07,Housing units (count),"January 1 annual estimate from the official 2026 E-5 workbook. Historical sheets in that release may contain revised estimates. This is housing stock, not annual production."
Carlsbad,carlsbad,2020,Jurisdiction,33211.0,single_family_total,California Department of Finance E-5,2026 E-5 release,2020,2026-10-07,Housing units (count),"January 1 annual estimate from the official 2026 E-5 workbook. Historical sheets in that release may contain revised estimates. This is housing stock, not annual production."
Chula Vista,chula vista,2020,Jurisdiction,55186.0,single_family_total,California Department of Finance E-5,2026 E-5 release,2020,2026-10-07,Housing units (count),"January 1 annual estimate from the official 2026 E-5 workbook. Historical sheets in that release may contain revised estimates. This is housing stock, not annual production."
Coronado,coronado,2020,Jurisdiction,5423.0,single_family_total,California Department of Finance E-5,2026 E-5 release,2020,2026-10-07,Housing units (count),"January 1 annual estimate from the official 2026 E-5 workbook. Historical sheets in that release may contain revised estimates. This is housing stock, not annual production."
Del Mar,del mar,2020,Jurisdiction,1844.0,single_family_total,California Department of Finance E-5,2026 E-5 release,2020,2026-10-07,Housing units (count),"January 1 annual estimate from the official 2026 E-5 workbook. Historical sheets in that release may contain revised estimates. This is housing stock, not annual production."
El Cajon,el cajon,2020,Jurisdiction,17086.0,single_family_total,California Department of Finance E-5,2026 E-5 release,2020,2026-10-07,Housing units (count),"January 1 annual estimate from the official 2026 E-5 workbook. Historical sheets in that release may contain revised estimates. This is housing stock, not annual production."
Encinitas,encinitas,2020,Jurisdiction,20419.0,single_family_total,California Department of Finance E-5,2026 E-5 release,2020,2026-10-07,Housing units (count),"January 1 annual estimate from the official 2026 E-5 workbook. Historical sheets in that release may contain revised estimates. This is housing stock, not annual production."
Escondido,escondido,2020,Jurisdiction,28540.0,single_family_total,California Department of Finance E-5,2026 E-5 release,2020,2026-10-07,Housing units (count),"January 1 annual estimate from the official 2026 E-5 workbook. Historical sheets in that release may contain revised estimates. This is housing stock, not annual production."
Imperial Beach,imperial beach,2020,Jurisdiction,4796.0,single_family_total,California Department of Finance E-5,2026 E-5 release,2020,2026-10-07,Housing units (count),"January 1 annual estimate from the official 2026 E-5 workbook. Historical sheets in that release may contain revised estimates. This is housing stock, not annual production."
La Mesa,la mesa,2020,Jurisdiction,13822.0,single_family_total,California Department of Finance E-5,2026 E-5 release,2020,2026-10-07,Housing units (count),"January 1 annual estimate from the official 2026 E-5 workbook. Historical sheets in that release may contain revised estimates. This is housing stock, not annual production."
Lemon Grove,lemon grove,2020,Jurisdiction,6990.0,single_family_total,California Department of Finance E-5,2026 E-5 release,2020,2026-10-07,Housing units (count),"January 1 annual estimate from the official 2026 E-5 workbook. Historical sheets in that release may contain revised estimates. This is housing stock, not annual production."
National City,national city,2020,Jurisdiction,9369.0,single_family_total,California Department of Finance E-5,2026 E-5 release,2020,2026-10-07,Housing units (count),"January 1 annual estimate from the official 2026 E-5 workbook. Historical sheets in that release may contain revised estimates. This is housing stock, not annual production."
Oceanside,oceanside,2020,Jurisdiction,43386.0,single_family_total,California Department of Finance E-5,2026 E-5 release,2020,2026-10-07,Housing units (count),"January 1 annual estimate from the official 2026 E-5 workbook. Historical sheets in that release may contain revised estimates. This is housing stock, not annual production."
Poway,poway,2020,Jurisdiction,13410.0,single_family_total,California Department of Finance E-5,2026 E-5 release,2020,2026-10-07,Housing units (count),"January 1 annual estimate from the official 2026 E-5 workbook. Historical sheets in that release may contain revised estimates. This is housing stock, not annual production."
San Diego,san diego,2020,Jurisdiction,290299.0,single_family_total,California Department of Finance E-5,2026 E-5 release,2020,2026-10-07,Housing units (count),"January 1 annual estimate from the official 2026 E-5 workbook. Historical sheets in that release may contain revised estimates. This is housing stock, not annual production."
San Marcos,san marcos,2020,Jurisdiction,18692.0,single_family_total,California Department of Finance E-5,2026 E-5 release,2020,2026-10-07,Housing units (count),"January 1 annual estimate from the official 2026 E-5 workbook. Historical sheets in that release may contain revised estimates. This is housing stock, not annual production."
Santee,santee,2020,Jurisdiction,14318.0,single_family_total,California Department of Finance E-5,2026 E-5 release,2020,2026-10-07,Housing units (count),"January 1 annual estimate from the official 2026 E-5 workbook. Historical sheets in that release may contain revised estimates. This is housing stock, not annual production."
Solana Beach,solana beach,2020,Jurisdiction,4440.0,single_family_total,California Department of Finance E-5,2026 E-5 release,2020,2026-10-07,Housing units (count),"January 1 annual estimate from the official 2026 E-5 workbook. Historical sheets in that release may contain revised estimates. This is housing stock, not annual production."
Vista,vista,2020,Jurisdiction,18767.0,single_family_total,California Department of Finance E-5,2026 E-5 release,2020,2026-10-07,Housing units (count),"January 1 annual estimate from the official 2026 E-5 workbook. Historical sheets in that release may contain revised estimates. This is housing stock, not annual production."
Unincorporated San Diego County,unincorporated san diego county,2020,Jurisdiction,134067.0,single_family_total,California Department of Finance E-5,2026 E-5 release,2020,2026-10-07,Housing units (count),"January 1 annual estimate from the official 2026 E-5 workbook. Historical sheets in that release may contain revised estimates. This is housing stock, not annual production."
San Diego County (Countywide),san diego county countywide,2020,Countywide,734065.0,single_family_total,California Department of Finance E-5,2026 E-5 release,2020,2026-10-07,Housing units (count),"January 1 annual estimate from the official 2026 E-5 workbook. Historical sheets in that release may contain revised estimates. This is housing stock, not annual production."
Carlsbad,carlsbad,2021,Jurisdiction,33399.0,single_family_total,California Department of Finance E-5,2026 E-5 release,2021,2026-10-07,Housing units (count),"January 1 annual estimate from the official 2026 E-5 workbook. Historical sheets in that release may contain revised estimates. This is housing stock, not annual production."
Chula Vista,chula vista,2021,Jurisdiction,55452.0,single_family_total,California Department of Finance E-5,2026 E-5 release,2021,2026-10-07,Housing units (count),"January 1 annual estimate from the official 2026 E-5 workbook. Historical sheets in that release may contain revised estimates. This is housing stock, not annual production."
Coronado,coronado,2021,Jurisdiction,5429.0,single_family_total,California Department of Finance E-5,2026 E-5 release,2021,2026-10-07,Housing units (count),"January 1 annual estimate from the official 2026 E-5 workbook. Historical sheets in that release may contain revised estimates. This is housing stock, not annual production."
Del Mar,del mar,2021,Jurisdiction,1844.0,single_family_total,California Department of Finance E-5,2026 E-5 release,2021,2026-10-07,Housing units (count),"January 1 annual estimate from the official 2026 E-5 workbook. Historical sheets in that release may contain revised estimates. This is housing stock, not annual production."
El Cajon,el cajon,2021,Jurisdiction,17107.0,single_family_total,California Department of Finance E-5,2026 E-5 release,2021,2026-10-07,Housing units (count),"January 1 annual estimate from the official 2026 E-5 workbook. Historical sheets in that release may contain revised estimates. This is housing stock, not annual production."
Encinitas,encinitas,2021,Jurisdiction,20497.0,single_family_total,California Department of Finance E-5,2026 E-5 release,2021,2026-10-07,Housing units (count),"January 1 annual estimate from the official 2026 E-5 workbook. Historical sheets in that release may contain revised estimates. This is housing stock, not annual production."
Escondido,escondido,2021,Jurisdiction,28610.0,single_family_total,California Department of Finance E-5,2026 E-5 release,2021,2026-10-07,Housing units (count),"January 1 annual estimate from the official 2026 E-5 workbook. Historical sheets in that release may contain revised estimates. This is housing stock, not annual production."
Imperial Beach,imperial beach,2021,Jurisdiction,4808.0,single_family_total,California Department of Finance E-5,2026 E-5 release,2021,2026-10-07,Housing units (count),"January 1 annual estimate from the official 2026 E-5 workbook. Historical sheets in that release may contain revised estimates. This is housing stock, not annual production."
La Mesa,la mesa,2021,Jurisdiction,13837.0,single_family_total,California Department of Finance E-5,2026 E-5 release,2021,2026-10-07,Housing units (count),"January 1 annual estimate from the official 2026 E-5 workbook. Historical sheets in that release may contain revised estimates. This is housing stock, not annual production."
Lemon Grove,lemon grove,2021,Jurisdiction,6992.0,single_family_total,California Department of Finance E-5,2026 E-5 release,2021,2026-10-07,Housing units (count),"January 1 annual estimate from the official 2026 E-5 workbook. Historical sheets in that release may contain revised estimates. This is housing stock, not annual production."
National City,national city,2021,Jurisdiction,9378.0,single_family_total,California Department of Finance E-5,2026 E-5 release,2021,2026-10-07,Housing units (count),"January 1 annual estimate from the official 2026 E-5 workbook. Historical sheets in that release may contain revised estimates. This is housing stock, not annual production."
Oceanside,oceanside,2021,Jurisdiction,43420.0,single_family_total,California Department of Finance E-5,2026 E-5 release,2021,2026-10-07,Housing units (count),"January 1 annual estimate from the official 2026 E-5 workbook. Historical sheets in that release may contain revised estimates. This is housing stock, not annual production."
Poway,poway,2021,Jurisdiction,13414.0,single_family_total,California Department of Finance E-5,2026 E-5 release,2021,2026-10-07,Housing units (count),"January 1 annual estimate from the official 2026 E-5 workbook. Historical sheets in that release may contain revised estimates. This is housing stock, not annual production."
San Diego,san diego,2021,Jurisdiction,290290.0,single_family_total,California Department of Finance E-5,2026 E-5 release,2021,2026-10-07,Housing units (count),"January 1 annual estimate from the official 2026 E-5 workbook. Historical sheets in that release may contain revised estimates. This is housing stock, not annual production."
San Marcos,san marcos,2021,Jurisdiction,18808.0,single_family_total,California Department of Finance E-5,2026 E-5 release,2021,2026-10-07,Housing units (count),"January 1 annual estimate from the official 2026 E-5 workbook. Historical sheets in that release may contain revised estimates. This is housing stock, not annual production."
Santee,santee,2021,Jurisdiction,14319.0,single_family_total,California Department of Finance E-5,2026 E-5 release,2021,2026-10-07,Housing units (count),"January 1 annual estimate from the official 2026 E-5 workbook. Historical sheets in that release may contain revised estimates. This is housing stock, not annual production."
Solana Beach,solana beach,2021,Jurisdiction,4447.0,single_family_total,California Department of Finance E-5,2026 E-5 release,2021,2026-10-07,Housing units (count),"January 1 annual estimate from the official 2026 E-5 workbook. Historical sheets in that release may contain revised estimates. This is housing stock, not annual production."
Vista,vista,2021,Jurisdiction,18904.0,single_family_total,California Department of Finance E-5,2026 E-5 release,2021,2026-10-07,Housing units (count),"January 1 annual estimate from the official 2026 E-5 workbook. Historical sheets in that release may contain revised estimates. This is housing stock, not annual production."
Unincorporated San Diego County,unincorporated san diego county,2021,Jurisdiction,134123.0,single_family_total,California Department of Finance E-5,2026 E-5 release,2021,2026-10-07,Housing units (count),"January 1 annual estimate from the official 2026 E-5 workbook. Historical sheets in that release may contain revised estimates. This is housing stock, not annual production."
San Diego County (Countywide),san diego county countywide,2021,Countywide,735078.0,single_family_total,California Department of Finance E-5,2026 E-5 release,2021,2026-10-07,Housing units (count),"January 1 annual estimate from the official 2026 E-5 workbook. Historical sheets in that release may contain revised estimates. This is housing stock, not annual production."
Carlsbad,carlsbad,2022,Jurisdiction,33528.0,single_family_total,California Department of Finance E-5,2026 E-5 release,2022,2026-10-07,Housing units (count),"January 1 annual estimate from the official 2026 E-5 workbook. Historical sheets in that release may contain revised estimates. This is housing stock, not annual production."
Chula Vista,chula vista,2022,Jurisdiction,55926.0,single_family_total,California Department of Finance E-5,2026 E-5 release,2022,2026-10-07,Housing units (count),"January 1 annual estimate from the official 2026 E-5 workbook. Historical sheets in that release may contain revised estimates. This is housing stock, not annual production."
Coronado,coronado,2022,Jurisdiction,5436.0,single_family_total,California Department of Finance E-5,2026 E-5 release,2022,2026-10-07,Housing units (count),"January 1 annual estimate from the official 2026 E-5 workbook. Historical sheets in that release may contain revised estimates. This is housing stock, not annual production."
Del Mar,del mar,2022,Jurisdiction,1844.0,single_family_total,California Department of Finance E-5,2026 E-5 release,2022,2026-10-07,Housing units (count),"January 1 annual estimate from the official 2026 E-5 workbook. Historical sheets in that release may contain revised estimates. This is housing stock, not annual production."
El Cajon,el cajon,2022,Jurisdiction,17135.0,single_family_total,California Department of Finance E-5,2026 E-5 release,2022,2026-10-07,Housing units (count),"January 1 annual estimate from the official 2026 E-5 workbook. Historical sheets in that release may contain revised estimates. This is housing stock, not annual production."
Encinitas,encinitas,2022,Jurisdiction,20641.0,single_family_total,California Department of Finance E-5,2026 E-5 release,2022,2026-10-07,Housing units (count),"January 1 annual estimate from the official 2026 E-5 workbook. Historical sheets in that release may contain revised estimates. This is housing stock, not annual production."
Escondido,escondido,2022,Jurisdiction,28819.0,single_family_total,California Department of Finance E-5,2026 E-5 release,2022,2026-10-07,Housing units (count),"January 1 annual estimate from the official 2026 E-5 workbook. Historical sheets in that release may contain revised estimates. This is housing stock, not annual production."
Imperial Beach,imperial beach,2022,Jurisdiction,4846.0,single_family_total,California Department of Finance E-5,2026 E-5 release,2022,2026-10-07,Housing units (count),"January 1 annual estimate from the official 2026 E-5 workbook. Historical sheets in that release may contain revised estimates. This is housing stock, not annual production."
La Mesa,la mesa,2022,Jurisdiction,13876.0,single_family_total,California Department of Finance E-5,2026 E-5 release,2022,2026-10-07,Housing units (count),"January 1 annual estimate from the official 2026 E-5 workbook. Historical sheets in that release may contain revised estimates. This is housing stock, not annual production."
Lemon Grove,lemon grove,2022,Jurisdiction,7006.0,single_family_total,California Department of Finance E-5,2026 E-5 release,2022,2026-10-07,Housing units (count),"January 1 annual estimate from the official 2026 E-5 workbook. Historical sheets in that release may contain revised estimates. This is housing stock, not annual production."
National City,national city,2022,Jurisdiction,9391.0,single_family_total,California Department of Finance E-5,2026 E-5 release,2022,2026-10-07,Housing units (count),"January 1 annual estimate from the official 2026 E-5 workbook. Historical sheets in that release may contain revised estimates. This is housing stock, not annual production."
Oceanside,oceanside,2022,Jurisdiction,43465.0,single_family_total,California Department of Finance E-5,2026 E-5 release,2022,2026-10-07,Housing units (count),"January 1 annual estimate from the official 2026 E-5 workbook. Historical sheets in that release may contain revised estimates. This is housing stock, not annual production."
Poway,poway,2022,Jurisdiction,13437.0,single_family_total,California Department of Finance E-5,2026 E-5 release,2022,2026-10-07,Housing units (count),"January 1 annual estimate from the official 2026 E-5 workbook. Historical sheets in that release may contain revised estimates. This is housing stock, not annual production."
San Diego,san diego,2022,Jurisdiction,291040.0,single_family_total,California Department of Finance E-5,2026 E-5 release,2022,2026-10-07,Housing units (count),"January 1 annual estimate from the official 2026 E-5 workbook. Historical sheets in that release may contain revised estimates. This is housing stock, not annual production."
San Marcos,san marcos,2022,Jurisdiction,18938.0,single_family_total,California Department of Finance E-5,2026 E-5 release,2022,2026-10-07,Housing units (count),"January 1 annual estimate from the official 2026 E-5 workbook. Historical sheets in that release may contain revised estimates. This is housing stock, not annual production."
Santee,santee,2022,Jurisdiction,14405.0,single_family_total,California Department of Finance E-5,2026 E-5 release,2022,2026-10-07,Housing units (count),"January 1 annual estimate from the official 2026 E-5 workbook. Historical sheets in that release may contain revised estimates. This is housing stock, not annual production."
Solana Beach,solana beach,2022,Jurisdiction,4456.0,single_family_total,California Department of Finance E-5,2026 E-5 release,2022,2026-10-07,Housing units (count),"January 1 annual estimate from the official 2026 E-5 workbook. Historical sheets in that release may contain revised estimates. This is housing stock, not annual production."
Vista,vista,2022,Jurisdiction,19103.0,single_family_total,California Department of Finance E-5,2026 E-5 release,2022,2026-10-07,Housing units (count),"January 1 annual estimate from the official 2026 E-5 workbook. Historical sheets in that release may contain revised estimates. This is housing stock, not annual production."
Unincorporated San Diego County,unincorporated san diego county,2022,Jurisdiction,135007.0,single_family_total,California Department of Finance E-5,2026 E-5 release,2022,2026-10-07,Housing units (count),"January 1 annual estimate from the official 2026 E-5 workbook. Historical sheets in that release may contain revised estimates. This is housing stock, not annual production."
San Diego County (Countywide),san diego county countywide,2022,Countywide,738299.0,single_family_total,California Department of Finance E-5,2026 E-5 release,2022,2026-10-07,Housing units (count),"January 1 annual estimate from the official 2026 E-5 workbook. Historical sheets in that release may contain revised estimates. This is housing stock, not annual production."
Carlsbad,carlsbad,2023,Jurisdiction,33682.0,single_family_total,California Department of Finance E-5,2026 E-5 release,2023,2026-10-07,Housing units (count),"January 1 annual estimate from the official 2026 E-5 workbook. Historical sheets in that release may contain revised estimates. This is housing stock, not annual production."
Chula Vista,chula vista,2023,Jurisdiction,56216.0,single_family_total,California Department of Finance E-5,2026 E-5 release,2023,2026-10-07,Housing units (count),"January 1 annual estimate from the official 2026 E-5 workbook. Historical sheets in that release may contain revised estimates. This is housing stock, not annual production."
Coronado,coronado,2023,Jurisdiction,5446.0,single_family_total,California Department of Finance E-5,2026 E-5 release,2023,2026-10-07,Housing units (count),"January 1 annual estimate from the official 2026 E-5 workbook. Historical sheets in that release may contain revised estimates. This is housing stock, not annual production."
Del Mar,del mar,2023,Jurisdiction,1863.0,single_family_total,California Department of Finance E-5,2026 E-5 release,2023,2026-10-07,Housing units (count),"January 1 annual estimate from the official 2026 E-5 workbook. Historical sheets in that release may contain revised estimates. This is housing stock, not annual production."
El Cajon,el cajon,2023,Jurisdiction,17169.0,single_family_total,California Department of Finance E-5,2026 E-5 release,2023,2026-10-07,Housing units (count),"January 1 annual estimate from the official 2026 E-5 workbook. Historical sheets in that release may contain revised estimates. This is housing stock, not annual production."
Encinitas,encinitas,2023,Jurisdiction,20731.0,single_family_total,California Department of Finance E-5,2026 E-5 release,2023,2026-10-07,Housing units (count),"January 1 annual estimate from the official 2026 E-5 workbook. Historical sheets in that release may contain revised estimates. This is housing stock, not annual production."
Escondido,escondido,2023,Jurisdiction,29096.0,single_family_total,California Department of Finance E-5,2026 E-5 release,2023,2026-10-07,Housing units (count),"January 1 annual estimate from the official 2026 E-5 workbook. Historical sheets in that release may contain revised estimates. This is housing stock, not annual production."
Imperial Beach,imperial beach,2023,Jurisdiction,4865.0,single_family_total,California Department of Finance E-5,2026 E-5 release,2023,2026-10-07,Housing units (count),"January 1 annual estimate from the official 2026 E-5 workbook. Historical sheets in that release may contain revised estimates. This is housing stock, not annual production."
La Mesa,la mesa,2023,Jurisdiction,13916.0,single_family_total,California Department of Finance E-5,2026 E-5 release,2023,2026-10-07,Housing units (count),"January 1 annual estimate from the official 2026 E-5 workbook. Historical sheets in that release may contain revised estimates. This is housing stock, not annual production."
Lemon Grove,lemon grove,2023,Jurisdiction,7165.0,single_family_total,California Department of Finance E-5,2026 E-5 release,2023,2026-10-07,Housing units (count),"January 1 annual estimate from the official 2026 E-5 workbook. Historical sheets in that release may contain revised estimates. This is housing stock, not annual production."
National City,national city,2023,Jurisdiction,9413.0,single_family_total,California Department of Finance E-5,2026 E-5 release,2023,2026-10-07,Housing units (count),"January 1 annual estimate from the official 2026 E-5 workbook. Historical sheets in that release may contain revised estimates. This is housing stock, not annual production."
Oceanside,oceanside,2023,Jurisdiction,43585.0,single_family_total,California Department of Finance E-5,2026 E-5 release,2023,2026-10-07,Housing units (count),"January 1 annual estimate from the official 2026 E-5 workbook. Historical sheets in that release may contain revised estimates. This is housing stock, not annual production."
Poway,poway,2023,Jurisdiction,13475.0,single_family_total,California Department of Finance E-5,2026 E-5 release,2023,2026-10-07,Housing units (count),"January 1 annual estimate from the official 2026 E-5 workbook. Historical sheets in that release may contain revised estimates. This is housing stock, not annual production."
San Diego,san diego,2023,Jurisdiction,293506.0,single_family_total,California Department of Finance E-5,2026 E-5 release,2023,2026-10-07,Housing units (count),"January 1 annual estimate from the official 2026 E-5 workbook. Historical sheets in that release may contain revised estimates. This is housing stock, not annual production."
San Marcos,san marcos,2023,Jurisdiction,19205.0,single_family_total,California Department of Finance E-5,2026 E-5 release,2023,2026-10-07,Housing units (count),"January 1 annual estimate from the official 2026 E-5 workbook. Historical sheets in that release may contain revised estimates. This is housing stock, not annual production."
Santee,santee,2023,Jurisdiction,14478.0,single_family_total,California Department of Finance E-5,2026 E-5 release,2023,2026-10-07,Housing units (count),"January 1 annual estimate from the official 2026 E-5 workbook. Historical sheets in that release may contain revised estimates. This is housing stock, not annual production."
Solana Beach,solana beach,2023,Jurisdiction,4482.0,single_family_total,California Department of Finance E-5,2026 E-5 release,2023,2026-10-07,Housing units (count),"January 1 annual estimate from the official 2026 E-5 workbook. Historical sheets in that release may contain revised estimates. This is housing stock, not annual production."
Vista,vista,2023,Jurisdiction,19162.0,single_family_total,California Department of Finance E-5,2026 E-5 release,2023,2026-10-07,Housing units (count),"January 1 annual estimate from the official 2026 E-5 workbook. Historical sheets in that release may contain revised estimates. This is housing stock, not annual production."
Unincorporated San Diego County,unincorporated san diego county,2023,Jurisdiction,136006.0,single_family_total,California Department of Finance E-5,2026 E-5 release,2023,2026-10-07,Housing units (count),"January 1 annual estimate from the official 2026 E-5 workbook. Historical sheets in that release may contain revised estimates. This is housing stock, not annual production."
San Diego County (Countywide),san diego county countywide,2023,Countywide,743461.0,single_family_total,California Department of Finance E-5,2026 E-5 release,2023,2026-10-07,Housing units (count),"January 1 annual estimate from the official 2026 E-5 workbook. Historical sheets in that release may contain revised estimates. This is housing stock, not annual production."
Carlsbad,carlsbad,2024,Jurisdiction,33740.0,single_family_total,California Department of Finance E-5,2026 E-5 release,2024,2026-10-07,Housing units (count),"January 1 annual estimate from the official 2026 E-5 workbook. Historical sheets in that release may contain revised estimates. This is housing stock, not annual production."
Chula Vista,chula vista,2024,Jurisdiction,56545.0,single_family_total,California Department of Finance E-5,2026 E-5 release,2024,2026-10-07,Housing units (count),"January 1 annual estimate from the official 2026 E-5 workbook. Historical sheets in that release may contain revised estimates. This is housing stock, not annual production."
Coronado,coronado,2024,Jurisdiction,5456.0,single_family_total,California Department of Finance E-5,2026 E-5 release,2024,2026-10-07,Housing units (count),"January 1 annual estimate from the official 2026 E-5 workbook. Historical sheets in that release may contain revised estimates. This is housing stock, not annual production."
Del Mar,del mar,2024,Jurisdiction,1883.0,single_family_total,California Department of Finance E-5,2026 E-5 release,2024,2026-10-07,Housing units (count),"January 1 annual estimate from the official 2026 E-5 workbook. Historical sheets in that release may contain revised estimates. This is housing stock, not annual production."
El Cajon,el cajon,2024,Jurisdiction,17213.0,single_family_total,California Department of Finance E-5,2026 E-5 release,2024,2026-10-07,Housing units (count),"January 1 annual estimate from the official 2026 E-5 workbook. Historical sheets in that release may contain revised estimates. This is housing stock, not annual production."
Encinitas,encinitas,2024,Jurisdiction,20835.0,single_family_total,California Department of Finance E-5,2026 E-5 release,2024,2026-10-07,Housing units (count),"January 1 annual estimate from the official 2026 E-5 workbook. Historical sheets in that release may contain revised estimates. This is housing stock, not annual production."
Escondido,escondido,2024,Jurisdiction,29225.0,single_family_total,California Department of Finance E-5,2026 E-5 release,2024,2026-10-07,Housing units (count),"January 1 annual estimate from the official 2026 E-5 workbook. Historical sheets in that release may contain revised estimates. This is housing stock, not annual production."
Imperial Beach,imperial beach,2024,Jurisdiction,4897.0,single_family_total,California Department of Finance E-5,2026 E-5 release,2024,2026-10-07,Housing units (count),"January 1 annual estimate from the official 2026 E-5 workbook. Historical sheets in that release may contain revised estimates. This is housing stock, not annual production."
La Mesa,la mesa,2024,Jurisdiction,13965.0,single_family_total,California Department of Finance E-5,2026 E-5 release,2024,2026-10-07,Housing units (count),"January 1 annual estimate from the official 2026 E-5 workbook. Historical sheets in that release may contain revised estimates. This is housing stock, not annual production."
Lemon Grove,lemon grove,2024,Jurisdiction,7256.0,single_family_total,California Department of Finance E-5,2026 E-5 release,2024,2026-10-07,Housing units (count),"January 1 annual estimate from the official 2026 E-5 workbook. Historical sheets in that release may contain revised estimates. This is housing stock, not annual production."
National City,national city,2024,Jurisdiction,9437.0,single_family_total,California Department of Finance E-5,2026 E-5 release,2024,2026-10-07,Housing units (count),"January 1 annual estimate from the official 2026 E-5 workbook. Historical sheets in that release may contain revised estimates. This is housing stock, not annual production."
Oceanside,oceanside,2024,Jurisdiction,43705.0,single_family_total,California Department of Finance E-5,2026 E-5 release,2024,2026-10-07,Housing units (count),"January 1 annual estimate from the official 2026 E-5 workbook. Historical sheets in that release may contain revised estimates. This is housing stock, not annual production."
Poway,poway,2024,Jurisdiction,13628.0,single_family_total,California Department of Finance E-5,2026 E-5 release,2024,2026-10-07,Housing units (count),"January 1 annual estimate from the official 2026 E-5 workbook. Historical sheets in that release may contain revised estimates. This is housing stock, not annual production."
San Diego,san diego,2024,Jurisdiction,294971.0,single_family_total,California Department of Finance E-5,2026 E-5 release,2024,2026-10-07,Housing units (count),"January 1 annual estimate from the official 2026 E-5 workbook. Historical sheets in that release may contain revised estimates. This is housing stock, not annual production."
San Marcos,san marcos,2024,Jurisdiction,19653.0,single_family_total,California Department of Finance E-5,2026 E-5 release,2024,2026-10-07,Housing units (count),"January 1 annual estimate from the official 2026 E-5 workbook. Historical sheets in that release may contain revised estimates. This is housing stock, not annual production."
Santee,santee,2024,Jurisdiction,14500.0,single_family_total,California Department of Finance E-5,2026 E-5 release,2024,2026-10-07,Housing units (count),"January 1 annual estimate from the official 2026 E-5 workbook. Historical sheets in that release may contain revised estimates. This is housing stock, not annual production."
Solana Beach,solana beach,2024,Jurisdiction,4500.0,single_family_total,California Department of Finance E-5,2026 E-5 release,2024,2026-10-07,Housing units (count),"January 1 annual estimate from the official 2026 E-5 workbook. Historical sheets in that release may contain revised estimates. This is housing stock, not annual production."
Vista,vista,2024,Jurisdiction,19319.0,single_family_total,California Department of Finance E-5,2026 E-5 release,2024,2026-10-07,Housing units (count),"January 1 annual estimate from the official 2026 E-5 workbook. Historical sheets in that release may contain revised estimates. This is housing stock, not annual production."
Unincorporated San Diego County,unincorporated san diego county,2024,Jurisdiction,136759.0,single_family_total,California Department of Finance E-5,2026 E-5 release,2024,2026-10-07,Housing units (count),"January 1 annual estimate from the official 2026 E-5 workbook. Historical sheets in that release may contain revised estimates. This is housing stock, not annual production."
San Diego County (Countywide),san diego county countywide,2024,Countywide,747487.0,single_family_total,California Department of Finance E-5,2026 E-5 release,2024,2026-10-07,Housing units (count),"January 1 annual estimate from the official 2026 E-5 workbook. Historical sheets in that release may contain revised estimates. This is housing stock, not annual production."
Carlsbad,carlsbad,2025,Jurisdiction,33861.0,single_family_total,California Department of Finance E-5,2026 E-5 release,2025,2026-10-07,Housing units (count),"January 1 annual estimate from the official 2026 E-5 workbook. Historical sheets in that release may contain revised estimates. This is housing stock, not annual production."
Chula Vista,chula vista,2025,Jurisdiction,56792.0,single_family_total,California Department of Finance E-5,2026 E-5 release,2025,2026-10-07,Housing units (count),"January 1 annual estimate from the official 2026 E-5 workbook. Historical sheets in that release may contain revised estimates. This is housing stock, not annual production."
Coronado,coronado,2025,Jurisdiction,5463.0,single_family_total,California Department of Finance E-5,2026 E-5 release,2025,2026-10-07,Housing units (count),"January 1 annual estimate from the official 2026 E-5 workbook. Historical sheets in that release may contain revised estimates. This is housing stock, not annual production."
Del Mar,del mar,2025,Jurisdiction,1903.0,single_family_total,California Department of Finance E-5,2026 E-5 release,2025,2026-10-07,Housing units (count),"January 1 annual estimate from the official 2026 E-5 workbook. Historical sheets in that release may contain revised estimates. This is housing stock, not annual production."
El Cajon,el cajon,2025,Jurisdiction,17276.0,single_family_total,California Department of Finance E-5,2026 E-5 release,2025,2026-10-07,Housing units (count),"January 1 annual estimate from the official 2026 E-5 workbook. Historical sheets in that release may contain revised estimates. This is housing stock, not annual production."
Encinitas,encinitas,2025,Jurisdiction,20958.0,single_family_total,California Department of Finance E-5,2026 E-5 release,2025,2026-10-07,Housing units (count),"January 1 annual estimate from the official 2026 E-5 workbook. Historical sheets in that release may contain revised estimates. This is housing stock, not annual production."
Escondido,escondido,2025,Jurisdiction,29260.0,single_family_total,California Department of Finance E-5,2026 E-5 release,2025,2026-10-07,Housing units (count),"January 1 annual estimate from the official 2026 E-5 workbook. Historical sheets in that release may contain revised estimates. This is housing stock, not annual production."
Imperial Beach,imperial beach,2025,Jurisdiction,4934.0,single_family_total,California Department of Finance E-5,2026 E-5 release,2025,2026-10-07,Housing units (count),"January 1 annual estimate from the official 2026 E-5 workbook. Historical sheets in that release may contain revised estimates. This is housing stock, not annual production."
La Mesa,la mesa,2025,Jurisdiction,14068.0,single_family_total,California Department of Finance E-5,2026 E-5 release,2025,2026-10-07,Housing units (count),"January 1 annual estimate from the official 2026 E-5 workbook. Historical sheets in that release may contain revised estimates. This is housing stock, not annual production."
Lemon Grove,lemon grove,2025,Jurisdiction,7310.0,single_family_total,California Department of Finance E-5,2026 E-5 release,2025,2026-10-07,Housing units (count),"January 1 annual estimate from the official 2026 E-5 workbook. Historical sheets in that release may contain revised estimates. This is housing stock, not annual production."
National City,national city,2025,Jurisdiction,9477.0,single_family_total,California Department of Finance E-5,2026 E-5 release,2025,2026-10-07,Housing units (count),"January 1 annual estimate from the official 2026 E-5 workbook. Historical sheets in that release may contain revised estimates. This is housing stock, not annual production."
Oceanside,oceanside,2025,Jurisdiction,43895.0,single_family_total,California Department of Finance E-5,2026 E-5 release,2025,2026-10-07,Housing units (count),"January 1 annual estimate from the official 2026 E-5 workbook. Historical sheets in that release may contain revised estimates. This is housing stock, not annual production."
Poway,poway,2025,Jurisdiction,13695.0,single_family_total,California Department of Finance E-5,2026 E-5 release,2025,2026-10-07,Housing units (count),"January 1 annual estimate from the official 2026 E-5 workbook. Historical sheets in that release may contain revised estimates. This is housing stock, not annual production."
San Diego,san diego,2025,Jurisdiction,297453.0,single_family_total,California Department of Finance E-5,2026 E-5 release,2025,2026-10-07,Housing units (count),"January 1 annual estimate from the official 2026 E-5 workbook. Historical sheets in that release may contain revised estimates. This is housing stock, not annual production."
San Marcos,san marcos,2025,Jurisdiction,19742.0,single_family_total,California Department of Finance E-5,2026 E-5 release,2025,2026-10-07,Housing units (count),"January 1 annual estimate from the official 2026 E-5 workbook. Historical sheets in that release may contain revised estimates. This is housing stock, not annual production."
Santee,santee,2025,Jurisdiction,14535.0,single_family_total,California Department of Finance E-5,2026 E-5 release,2025,2026-10-07,Housing units (count),"January 1 annual estimate from the official 2026 E-5 workbook. Historical sheets in that release may contain revised estimates. This is housing stock, not annual production."
Solana Beach,solana beach,2025,Jurisdiction,4513.0,single_family_total,California Department of Finance E-5,2026 E-5 release,2025,2026-10-07,Housing units (count),"January 1 annual estimate from the official 2026 E-5 workbook. Historical sheets in that release may contain revised estimates. This is housing stock, not annual production."
Vista,vista,2025,Jurisdiction,19470.0,single_family_total,California Department of Finance E-5,2026 E-5 release,2025,2026-10-07,Housing units (count),"January 1 annual estimate from the official 2026 E-5 workbook. Historical sheets in that release may contain revised estimates. This is housing stock, not annual production."
Unincorporated San Diego County,unincorporated san diego county,2025,Jurisdiction,137602.0,single_family_total,California Department of Finance E-5,2026 E-5 release,2025,2026-10-07,Housing units (count),"January 1 annual estimate from the official 2026 E-5 workbook. Historical sheets in that release may contain revised estimates. This is housing stock, not annual production."
San Diego County (Countywide),san diego county countywide,2025,Countywide,752207.0,single_family_total,California Department of Finance E-5,2026 E-5 release,2025,2026-10-07,Housing units (count),"January 1 annual estimate from the official 2026 E-5 workbook. Historical sheets in that release may contain revised estimates. This is housing stock, not annual production."
Carlsbad,carlsbad,2020,Jurisdiction,2561.0,two_to_four_units,California Department of Finance E-5,2026 E-5 release,2020,2026-10-07,Housing units (count),"January 1 annual estimate from the official 2026 E-5 workbook. Historical sheets in that release may contain revised estimates. This is housing stock, not annual production."
Chula Vista,chula vista,2020,Jurisdiction,5183.0,two_to_four_units,California Department of Finance E-5,2026 E-5 release,2020,2026-10-07,Housing units (count),"January 1 annual estimate from the official 2026 E-5 workbook. Historical sheets in that release may contain revised estimates. This is housing stock, not annual production."
Coronado,coronado,2020,Jurisdiction,636.0,two_to_four_units,California Department of Finance E-5,2026 E-5 release,2020,2026-10-07,Housing units (count),"January 1 annual estimate from the official 2026 E-5 workbook. Historical sheets in that release may contain revised estimates. This is housing stock, not annual production."
Del Mar,del mar,2020,Jurisdiction,193.0,two_to_four_units,California Department of Finance E-5,2026 E-5 release,2020,2026-10-07,Housing units (count),"January 1 annual estimate from the official 2026 E-5 workbook. Historical sheets in that release may contain revised estimates. This is housing stock, not annual production."
El Cajon,el cajon,2020,Jurisdiction,2822.0,two_to_four_units,California Department of Finance E-5,2026 E-5 release,2020,2026-10-07,Housing units (count),"January 1 annual estimate from the official 2026 E-5 workbook. Historical sheets in that release may contain revised estimates. This is housing stock, not annual production."
Encinitas,encinitas,2020,Jurisdiction,1758.0,two_to_four_units,California Department of Finance E-5,2026 E-5 release,2020,2026-10-07,Housing units (count),"January 1 annual estimate from the official 2026 E-5 workbook. Historical sheets in that release may contain revised estimates. This is housing stock, not annual production."
Escondido,escondido,2020,Jurisdiction,3346.0,two_to_four_units,California Department of Finance E-5,2026 E-5 release,2020,2026-10-07,Housing units (count),"January 1 annual estimate from the official 2026 E-5 workbook. Historical sheets in that release may contain revised estimates. This is housing stock, not annual production."
Imperial Beach,imperial beach,2020,Jurisdiction,1208.0,two_to_four_units,California Department of Finance E-5,2026 E-5 release,2020,2026-10-07,Housing units (count),"January 1 annual estimate from the official 2026 E-5 workbook. Historical sheets in that release may contain revised estimates. This is housing stock, not annual production."
La Mesa,la mesa,2020,Jurisdiction,2325.0,two_to_four_units,California Department of Finance E-5,2026 E-5 release,2020,2026-10-07,Housing units (count),"January 1 annual estimate from the official 2026 E-5 workbook. Historical sheets in that release may contain revised estimates. This is housing stock, not annual production."
Lemon Grove,lemon grove,2020,Jurisdiction,659.0,two_to_four_units,California Department of Finance E-5,2026 E-5 release,2020,2026-10-07,Housing units (count),"January 1 annual estimate from the official 2026 E-5 workbook. Historical sheets in that release may contain revised estimates. This is housing stock, not annual production."
National City,national city,2020,Jurisdiction,1586.0,two_to_four_units,California Department of Finance E-5,2026 E-5 release,2020,2026-10-07,Housing units (count),"January 1 annual estimate from the official 2026 E-5 workbook. Historical sheets in that release may contain revised estimates. This is housing stock, not annual production."
Oceanside,oceanside,2020,Jurisdiction,5760.0,two_to_four_units,California Department of Finance E-5,2026 E-5 release,2020,2026-10-07,Housing units (count),"January 1 annual estimate from the official 2026 E-5 workbook. Historical sheets in that release may contain revised estimates. This is housing stock, not annual production."
Poway,poway,2020,Jurisdiction,393.0,two_to_four_units,California Department of Finance E-5,2026 E-5 release,2020,2026-10-07,Housing units (count),"January 1 annual estimate from the official 2026 E-5 workbook. Historical sheets in that release may contain revised estimates. This is housing stock, not annual production."
San Diego,san diego,2020,Jurisdiction,44222.0,two_to_four_units,California Department of Finance E-5,2026 E-5 release,2020,2026-10-07,Housing units (count),"January 1 annual estimate from the official 2026 E-5 workbook. Historical sheets in that release may contain revised estimates. This is housing stock, not annual production."
San Marcos,san marcos,2020,Jurisdiction,1183.0,two_to_four_units,California Department of Finance E-5,2026 E-5 release,2020,2026-10-07,Housing units (count),"January 1 annual estimate from the official 2026 E-5 workbook. Historical sheets in that release may contain revised estimates. This is housing stock, not annual production."
Santee,santee,2020,Jurisdiction,1256.0,two_to_four_units,California Department of Finance E-5,2026 E-5 release,2020,2026-10-07,Housing units (count),"January 1 annual estimate from the official 2026 E-5 workbook. Historical sheets in that release may contain revised estimates. This is housing stock, not annual production."
Solana Beach,solana beach,2020,Jurisdiction,401.0,two_to_four_units,California Department of Finance E-5,2026 E-5 release,2020,2026-10-07,Housing units (count),"January 1 annual estimate from the official 2026 E-5 workbook. Historical sheets in that release may contain revised estimates. This is housing stock, not annual production."
Vista,vista,2020,Jurisdiction,2280.0,two_to_four_units,California Department of Finance E-5,2026 E-5 release,2020,2026-10-07,Housing units (count),"January 1 annual estimate from the official 2026 E-5 workbook. Historical sheets in that release may contain revised estimates. This is housing stock, not annual production."
Unincorporated San Diego County,unincorporated san diego county,2020,Jurisdiction,8111.0,two_to_four_units,California Department of Finance E-5,2026 E-5 release,2020,2026-10-07,Housing units (count),"January 1 annual estimate from the official 2026 E-5 workbook. Historical sheets in that release may contain revised estimates. This is housing stock, not annual production."
San Diego County (Countywide),san diego county countywide,2020,Countywide,85883.0,two_to_four_units,California Department of Finance E-5,2026 E-5 release,2020,2026-10-07,Housing units (count),"January 1 annual estimate from the official 2026 E-5 workbook. Historical sheets in that release may contain revised estimates. This is housing stock, not annual production."
Carlsbad,carlsbad,2021,Jurisdiction,2597.0,two_to_four_units,California Department of Finance E-5,2026 E-5 release,2021,2026-10-07,Housing units (count),"January 1 annual estimate from the official 2026 E-5 workbook. Historical sheets in that release may contain revised estimates. This is housing stock, not annual production."
Chula Vista,chula vista,2021,Jurisdiction,5266.0,two_to_four_units,California Department of Finance E-5,2026 E-5 release,2021,2026-10-07,Housing units (count),"January 1 annual estimate from the official 2026 E-5 workbook. Historical sheets in that release may contain revised estimates. This is housing stock, not annual production."
Coronado,coronado,2021,Jurisdiction,636.0,two_to_four_units,California Department of Finance E-5,2026 E-5 release,2021,2026-10-07,Housing units (count),"January 1 annual estimate from the official 2026 E-5 workbook. Historical sheets in that release may contain revised estimates. This is housing stock, not annual production."
Del Mar,del mar,2021,Jurisdiction,195.0,two_to_four_units,California Department of Finance E-5,2026 E-5 release,2021,2026-10-07,Housing units (count),"January 1 annual estimate from the official 2026 E-5 workbook. Historical sheets in that release may contain revised estimates. This is housing stock, not annual production."
El Cajon,el cajon,2021,Jurisdiction,2835.0,two_to_four_units,California Department of Finance E-5,2026 E-5 release,2021,2026-10-07,Housing units (count),"January 1 annual estimate from the official 2026 E-5 workbook. Historical sheets in that release may contain revised estimates. This is housing stock, not annual production."
Encinitas,encinitas,2021,Jurisdiction,1788.0,two_to_four_units,California Department of Finance E-5,2026 E-5 release,2021,2026-10-07,Housing units (count),"January 1 annual estimate from the official 2026 E-5 workbook. Historical sheets in that release may contain revised estimates. This is housing stock, not annual production."
Escondido,escondido,2021,Jurisdiction,3350.0,two_to_four_units,California Department of Finance E-5,2026 E-5 release,2021,2026-10-07,Housing units (count),"January 1 annual estimate from the official 2026 E-5 workbook. Historical sheets in that release may contain revised estimates. This is housing stock, not annual production."
Imperial Beach,imperial beach,2021,Jurisdiction,1209.0,two_to_four_units,California Department of Finance E-5,2026 E-5 release,2021,2026-10-07,Housing units (count),"January 1 annual estimate from the official 2026 E-5 workbook. Historical sheets in that release may contain revised estimates. This is housing stock, not annual production."
La Mesa,la mesa,2021,Jurisdiction,2335.0,two_to_four_units,California Department of Finance E-5,2026 E-5 release,2021,2026-10-07,Housing units (count),"January 1 annual estimate from the official 2026 E-5 workbook. Historical sheets in that release may contain revised estimates. This is housing stock, not annual production."
Lemon Grove,lemon grove,2021,Jurisdiction,663.0,two_to_four_units,California Department of Finance E-5,2026 E-5 release,2021,2026-10-07,Housing units (count),"January 1 annual estimate from the official 2026 E-5 workbook. Historical sheets in that release may contain revised estimates. This is housing stock, not annual production."
National City,national city,2021,Jurisdiction,1586.0,two_to_four_units,California Department of Finance E-5,2026 E-5 release,2021,2026-10-07,Housing units (count),"January 1 annual estimate from the official 2026 E-5 workbook. Historical sheets in that release may contain revised estimates. This is housing stock, not annual production."
Oceanside,oceanside,2021,Jurisdiction,5831.0,two_to_four_units,California Department of Finance E-5,2026 E-5 release,2021,2026-10-07,Housing units (count),"January 1 annual estimate from the official 2026 E-5 workbook. Historical sheets in that release may contain revised estimates. This is housing stock, not annual production."
Poway,poway,2021,Jurisdiction,401.0,two_to_four_units,California Department of Finance E-5,2026 E-5 release,2021,2026-10-07,Housing units (count),"January 1 annual estimate from the official 2026 E-5 workbook. Historical sheets in that release may contain revised estimates. This is housing stock, not annual production."
San Diego,san diego,2021,Jurisdiction,45189.0,two_to_four_units,California Department of Finance E-5,2026 E-5 release,2021,2026-10-07,Housing units (count),"January 1 annual estimate from the official 2026 E-5 workbook. Historical sheets in that release may contain revised estimates. This is housing stock, not annual production."
San Marcos,san marcos,2021,Jurisdiction,1185.0,two_to_four_units,California Department of Finance E-5,2026 E-5 release,2021,2026-10-07,Housing units (count),"January 1 annual estimate from the official 2026 E-5 workbook. Historical sheets in that release may contain revised estimates. This is housing stock, not annual production."
Santee,santee,2021,Jurisdiction,1256.0,two_to_four_units,California Department of Finance E-5,2026 E-5 release,2021,2026-10-07,Housing units (count),"January 1 annual estimate from the official 2026 E-5 workbook. Historical sheets in that release may contain revised estimates. This is housing stock, not annual production."
Solana Beach,solana beach,2021,Jurisdiction,401.0,two_to_four_units,California Department of Finance E-5,2026 E-5 release,2021,2026-10-07,Housing units (count),"January 1 annual estimate from the official 2026 E-5 workbook. Historical sheets in that release may contain revised estimates. This is housing stock, not annual production."
Vista,vista,2021,Jurisdiction,2280.0,two_to_four_units,California Department of Finance E-5,2026 E-5 release,2021,2026-10-07,Housing units (count),"January 1 annual estimate from the official 2026 E-5 workbook. Historical sheets in that release may contain revised estimates. This is housing stock, not annual production."
Unincorporated San Diego County,unincorporated san diego county,2021,Jurisdiction,8111.0,two_to_four_units,California Department of Finance E-5,2026 E-5 release,2021,2026-10-07,Housing units (count),"January 1 annual estimate from the official 2026 E-5 workbook. Historical sheets in that release may contain revised estimates. This is housing stock, not annual production."
San Diego County (Countywide),san diego county countywide,2021,Countywide,87114.0,two_to_four_units,California Department of Finance E-5,2026 E-5 release,2021,2026-10-07,Housing units (count),"January 1 annual estimate from the official 2026 E-5 workbook. Historical sheets in that release may contain revised estimates. This is housing stock, not annual production."
Carlsbad,carlsbad,2022,Jurisdiction,2655.0,two_to_four_units,California Department of Finance E-5,2026 E-5 release,2022,2026-10-07,Housing units (count),"January 1 annual estimate from the official 2026 E-5 workbook. Historical sheets in that release may contain revised estimates. This is housing stock, not annual production."
Chula Vista,chula vista,2022,Jurisdiction,5303.0,two_to_four_units,California Department of Finance E-5,2026 E-5 release,2022,2026-10-07,Housing units (count),"January 1 annual estimate from the official 2026 E-5 workbook. Historical sheets in that release may contain revised estimates. This is housing stock, not annual production."
Coronado,coronado,2022,Jurisdiction,636.0,two_to_four_units,California Department of Finance E-5,2026 E-5 release,2022,2026-10-07,Housing units (count),"January 1 annual estimate from the official 2026 E-5 workbook. Historical sheets in that release may contain revised estimates. This is housing stock, not annual production."
Del Mar,del mar,2022,Jurisdiction,201.0,two_to_four_units,California Department of Finance E-5,2026 E-5 release,2022,2026-10-07,Housing units (count),"January 1 annual estimate from the official 2026 E-5 workbook. Historical sheets in that release may contain revised estimates. This is housing stock, not annual production."
El Cajon,el cajon,2022,Jurisdiction,2857.0,two_to_four_units,California Department of Finance E-5,2026 E-5 release,2022,2026-10-07,Housing units (count),"January 1 annual estimate from the official 2026 E-5 workbook. Historical sheets in that release may contain revised estimates. This is housing stock, not annual production."
Encinitas,encinitas,2022,Jurisdiction,1798.0,two_to_four_units,California Department of Finance E-5,2026 E-5 release,2022,2026-10-07,Housing units (count),"January 1 annual estimate from the official 2026 E-5 workbook. Historical sheets in that release may contain revised estimates. This is housing stock, not annual production."
Escondido,escondido,2022,Jurisdiction,3354.0,two_to_four_units,California Department of Finance E-5,2026 E-5 release,2022,2026-10-07,Housing units (count),"January 1 annual estimate from the official 2026 E-5 workbook. Historical sheets in that release may contain revised estimates. This is housing stock, not annual production."
Imperial Beach,imperial beach,2022,Jurisdiction,1212.0,two_to_four_units,California Department of Finance E-5,2026 E-5 release,2022,2026-10-07,Housing units (count),"January 1 annual estimate from the official 2026 E-5 workbook. Historical sheets in that release may contain revised estimates. This is housing stock, not annual production."
La Mesa,la mesa,2022,Jurisdiction,2335.0,two_to_four_units,California Department of Finance E-5,2026 E-5 release,2022,2026-10-07,Housing units (count),"January 1 annual estimate from the official 2026 E-5 workbook. Historical sheets in that release may contain revised estimates. This is housing stock, not annual production."
Lemon Grove,lemon grove,2022,Jurisdiction,673.0,two_to_four_units,California Department of Finance E-5,2026 E-5 release,2022,2026-10-07,Housing units (count),"January 1 annual estimate from the official 2026 E-5 workbook. Historical sheets in that release may contain revised estimates. This is housing stock, not annual production."
National City,national city,2022,Jurisdiction,1586.0,two_to_four_units,California Department of Finance E-5,2026 E-5 release,2022,2026-10-07,Housing units (count),"January 1 annual estimate from the official 2026 E-5 workbook. Historical sheets in that release may contain revised estimates. This is housing stock, not annual production."
Oceanside,oceanside,2022,Jurisdiction,5938.0,two_to_four_units,California Department of Finance E-5,2026 E-5 release,2022,2026-10-07,Housing units (count),"January 1 annual estimate from the official 2026 E-5 workbook. Historical sheets in that release may contain revised estimates. This is housing stock, not annual production."
Poway,poway,2022,Jurisdiction,442.0,two_to_four_units,California Department of Finance E-5,2026 E-5 release,2022,2026-10-07,Housing units (count),"January 1 annual estimate from the official 2026 E-5 workbook. Historical sheets in that release may contain revised estimates. This is housing stock, not annual production."
San Diego,san diego,2022,Jurisdiction,45399.0,two_to_four_units,California Department of Finance E-5,2026 E-5 release,2022,2026-10-07,Housing units (count),"January 1 annual estimate from the official 2026 E-5 workbook. Historical sheets in that release may contain revised estimates. This is housing stock, not annual production."
San Marcos,san marcos,2022,Jurisdiction,1207.0,two_to_four_units,California Department of Finance E-5,2026 E-5 release,2022,2026-10-07,Housing units (count),"January 1 annual estimate from the official 2026 E-5 workbook. Historical sheets in that release may contain revised estimates. This is housing stock, not annual production."
Santee,santee,2022,Jurisdiction,1280.0,two_to_four_units,California Department of Finance E-5,2026 E-5 release,2022,2026-10-07,Housing units (count),"January 1 annual estimate from the official 2026 E-5 workbook. Historical sheets in that release may contain revised estimates. This is housing stock, not annual production."
Solana Beach,solana beach,2022,Jurisdiction,403.0,two_to_four_units,California Department of Finance E-5,2026 E-5 release,2022,2026-10-07,Housing units (count),"January 1 annual estimate from the official 2026 E-5 workbook. Historical sheets in that release may contain revised estimates. This is housing stock, not annual production."
Vista,vista,2022,Jurisdiction,2284.0,two_to_four_units,California Department of Finance E-5,2026 E-5 release,2022,2026-10-07,Housing units (count),"January 1 annual estimate from the official 2026 E-5 workbook. Historical sheets in that release may contain revised estimates. This is housing stock, not annual production."
Unincorporated San Diego County,unincorporated san diego county,2022,Jurisdiction,8119.0,two_to_four_units,California Department of Finance E-5,2026 E-5 release,2022,2026-10-07,Housing units (count),"January 1 annual estimate from the official 2026 E-5 workbook. Historical sheets in that release may contain revised estimates. This is housing stock, not annual production."
San Diego County (Countywide),san diego county countywide,2022,Countywide,87682.0,two_to_four_units,California Department of Finance E-5,2026 E-5 release,2022,2026-10-07,Housing units (count),"January 1 annual estimate from the official 2026 E-5 workbook. Historical sheets in that release may contain revised estimates. This is housing stock, not annual production."
Carlsbad,carlsbad,2023,Jurisdiction,2655.0,two_to_four_units,California Department of Finance E-5,2026 E-5 release,2023,2026-10-07,Housing units (count),"January 1 annual estimate from the official 2026 E-5 workbook. Historical sheets in that release may contain revised estimates. This is housing stock, not annual production."
Chula Vista,chula vista,2023,Jurisdiction,5317.0,two_to_four_units,California Department of Finance E-5,2026 E-5 release,2023,2026-10-07,Housing units (count),"January 1 annual estimate from the official 2026 E-5 workbook. Historical sheets in that release may contain revised estimates. This is housing stock, not annual production."
Coronado,coronado,2023,Jurisdiction,636.0,two_to_four_units,California Department of Finance E-5,2026 E-5 release,2023,2026-10-07,Housing units (count),"January 1 annual estimate from the official 2026 E-5 workbook. Historical sheets in that release may contain revised estimates. This is housing stock, not annual production."
Del Mar,del mar,2023,Jurisdiction,201.0,two_to_four_units,California Department of Finance E-5,2026 E-5 release,2023,2026-10-07,Housing units (count),"January 1 annual estimate from the official 2026 E-5 workbook. Historical sheets in that release may contain revised estimates. This is housing stock, not annual production."
El Cajon,el cajon,2023,Jurisdiction,2857.0,two_to_four_units,California Department of Finance E-5,2026 E-5 release,2023,2026-10-07,Housing units (count),"January 1 annual estimate from the official 2026 E-5 workbook. Historical sheets in that release may contain revised estimates. This is housing stock, not annual production."
Encinitas,encinitas,2023,Jurisdiction,1814.0,two_to_four_units,California Department of Finance E-5,2026 E-5 release,2023,2026-10-07,Housing units (count),"January 1 annual estimate from the official 2026 E-5 workbook. Historical sheets in that release may contain revised estimates. This is housing stock, not annual production."
Escondido,escondido,2023,Jurisdiction,3348.0,two_to_four_units,California Department of Finance E-5,2026 E-5 release,2023,2026-10-07,Housing units (count),"January 1 annual estimate from the official 2026 E-5 workbook. Historical sheets in that release may contain revised estimates. This is housing stock, not annual production."
Imperial Beach,imperial beach,2023,Jurisdiction,1222.0,two_to_four_units,California Department of Finance E-5,2026 E-5 release,2023,2026-10-07,Housing units (count),"January 1 annual estimate from the official 2026 E-5 workbook. Historical sheets in that release may contain revised estimates. This is housing stock, not annual production."
La Mesa,la mesa,2023,Jurisdiction,2335.0,two_to_four_units,California Department of Finance E-5,2026 E-5 release,2023,2026-10-07,Housing units (count),"January 1 annual estimate from the official 2026 E-5 workbook. Historical sheets in that release may contain revised estimates. This is housing stock, not annual production."
Lemon Grove,lemon grove,2023,Jurisdiction,675.0,two_to_four_units,California Department of Finance E-5,2026 E-5 release,2023,2026-10-07,Housing units (count),"January 1 annual estimate from the official 2026 E-5 workbook. Historical sheets in that release may contain revised estimates. This is housing stock, not annual production."
National City,national city,2023,Jurisdiction,1586.0,two_to_four_units,California Department of Finance E-5,2026 E-5 release,2023,2026-10-07,Housing units (count),"January 1 annual estimate from the official 2026 E-5 workbook. Historical sheets in that release may contain revised estimates. This is housing stock, not annual production."
Oceanside,oceanside,2023,Jurisdiction,5944.0,two_to_four_units,California Department of Finance E-5,2026 E-5 release,2023,2026-10-07,Housing units (count),"January 1 annual estimate from the official 2026 E-5 workbook. Historical sheets in that release may contain revised estimates. This is housing stock, not annual production."
Poway,poway,2023,Jurisdiction,476.0,two_to_four_units,California Department of Finance E-5,2026 E-5 release,2023,2026-10-07,Housing units (count),"January 1 annual estimate from the official 2026 E-5 workbook. Historical sheets in that release may contain revised estimates. This is housing stock, not annual production."
San Diego,san diego,2023,Jurisdiction,45537.0,two_to_four_units,California Department of Finance E-5,2026 E-5 release,2023,2026-10-07,Housing units (count),"January 1 annual estimate from the official 2026 E-5 workbook. Historical sheets in that release may contain revised estimates. This is housing stock, not annual production."
San Marcos,san marcos,2023,Jurisdiction,1207.0,two_to_four_units,California Department of Finance E-5,2026 E-5 release,2023,2026-10-07,Housing units (count),"January 1 annual estimate from the official 2026 E-5 workbook. Historical sheets in that release may contain revised estimates. This is housing stock, not annual production."
Santee,santee,2023,Jurisdiction,1280.0,two_to_four_units,California Department of Finance E-5,2026 E-5 release,2023,2026-10-07,Housing units (count),"January 1 annual estimate from the official 2026 E-5 workbook. Historical sheets in that release may contain revised estimates. This is housing stock, not annual production."
Solana Beach,solana beach,2023,Jurisdiction,403.0,two_to_four_units,California Department of Finance E-5,2026 E-5 release,2023,2026-10-07,Housing units (count),"January 1 annual estimate from the official 2026 E-5 workbook. Historical sheets in that release may contain revised estimates. This is housing stock, not annual production."
Vista,vista,2023,Jurisdiction,2290.0,two_to_four_units,California Department of Finance E-5,2026 E-5 release,2023,2026-10-07,Housing units (count),"January 1 annual estimate from the official 2026 E-5 workbook. Historical sheets in that release may contain revised estimates. This is housing stock, not annual production."
Unincorporated San Diego County,unincorporated san diego county,2023,Jurisdiction,8196.0,two_to_four_units,California Department of Finance E-5,2026 E-5 release,2023,2026-10-07,Housing units (count),"January 1 annual estimate from the official 2026 E-5 workbook. Historical sheets in that release may contain revised estimates. This is housing stock, not annual production."
San Diego County (Countywide),san diego county countywide,2023,Countywide,87979.0,two_to_four_units,California Department of Finance E-5,2026 E-5 release,2023,2026-10-07,Housing units (count),"January 1 annual estimate from the official 2026 E-5 workbook. Historical sheets in that release may contain revised estimates. This is housing stock, not annual production."
Carlsbad,carlsbad,2024,Jurisdiction,2655.0,two_to_four_units,California Department of Finance E-5,2026 E-5 release,2024,2026-10-07,Housing units (count),"January 1 annual estimate from the official 2026 E-5 workbook. Historical sheets in that release may contain revised estimates. This is housing stock, not annual production."
Chula Vista,chula vista,2024,Jurisdiction,5317.0,two_to_four_units,California Department of Finance E-5,2026 E-5 release,2024,2026-10-07,Housing units (count),"January 1 annual estimate from the official 2026 E-5 workbook. Historical sheets in that release may contain revised estimates. This is housing stock, not annual production."
Coronado,coronado,2024,Jurisdiction,642.0,two_to_four_units,California Department of Finance E-5,2026 E-5 release,2024,2026-10-07,Housing units (count),"January 1 annual estimate from the official 2026 E-5 workbook. Historical sheets in that release may contain revised estimates. This is housing stock, not annual production."
Del Mar,del mar,2024,Jurisdiction,201.0,two_to_four_units,California Department of Finance E-5,2026 E-5 release,2024,2026-10-07,Housing units (count),"January 1 annual estimate from the official 2026 E-5 workbook. Historical sheets in that release may contain revised estimates. This is housing stock, not annual production."
El Cajon,el cajon,2024,Jurisdiction,2857.0,two_to_four_units,California Department of Finance E-5,2026 E-5 release,2024,2026-10-07,Housing units (count),"January 1 annual estimate from the official 2026 E-5 workbook. Historical sheets in that release may contain revised estimates. This is housing stock, not annual production."
Encinitas,encinitas,2024,Jurisdiction,1814.0,two_to_four_units,California Department of Finance E-5,2026 E-5 release,2024,2026-10-07,Housing units (count),"January 1 annual estimate from the official 2026 E-5 workbook. Historical sheets in that release may contain revised estimates. This is housing stock, not annual production."
Escondido,escondido,2024,Jurisdiction,3348.0,two_to_four_units,California Department of Finance E-5,2026 E-5 release,2024,2026-10-07,Housing units (count),"January 1 annual estimate from the official 2026 E-5 workbook. Historical sheets in that release may contain revised estimates. This is housing stock, not annual production."
Imperial Beach,imperial beach,2024,Jurisdiction,1222.0,two_to_four_units,California Department of Finance E-5,2026 E-5 release,2024,2026-10-07,Housing units (count),"January 1 annual estimate from the official 2026 E-5 workbook. Historical sheets in that release may contain revised estimates. This is housing stock, not annual production."
La Mesa,la mesa,2024,Jurisdiction,2343.0,two_to_four_units,California Department of Finance E-5,2026 E-5 release,2024,2026-10-07,Housing units (count),"January 1 annual estimate from the official 2026 E-5 workbook. Historical sheets in that release may contain revised estimates. This is housing stock, not annual production."
Lemon Grove,lemon grove,2024,Jurisdiction,675.0,two_to_four_units,California Department of Finance E-5,2026 E-5 release,2024,2026-10-07,Housing units (count),"January 1 annual estimate from the official 2026 E-5 workbook. Historical sheets in that release may contain revised estimates. This is housing stock, not annual production."
National City,national city,2024,Jurisdiction,1588.0,two_to_four_units,California Department of Finance E-5,2026 E-5 release,2024,2026-10-07,Housing units (count),"January 1 annual estimate from the official 2026 E-5 workbook. Historical sheets in that release may contain revised estimates. This is housing stock, not annual production."
Oceanside,oceanside,2024,Jurisdiction,5983.0,two_to_four_units,California Department of Finance E-5,2026 E-5 release,2024,2026-10-07,Housing units (count),"January 1 annual estimate from the official 2026 E-5 workbook. Historical sheets in that release may contain revised estimates. This is housing stock, not annual production."
Poway,poway,2024,Jurisdiction,476.0,two_to_four_units,California Department of Finance E-5,2026 E-5 release,2024,2026-10-07,Housing units (count),"January 1 annual estimate from the official 2026 E-5 workbook. Historical sheets in that release may contain revised estimates. This is housing stock, not annual production."
San Diego,san diego,2024,Jurisdiction,45659.0,two_to_four_units,California Department of Finance E-5,2026 E-5 release,2024,2026-10-07,Housing units (count),"January 1 annual estimate from the official 2026 E-5 workbook. Historical sheets in that release may contain revised estimates. This is housing stock, not annual production."
San Marcos,san marcos,2024,Jurisdiction,1207.0,two_to_four_units,California Department of Finance E-5,2026 E-5 release,2024,2026-10-07,Housing units (count),"January 1 annual estimate from the official 2026 E-5 workbook. Historical sheets in that release may contain revised estimates. This is housing stock, not annual production."
Santee,santee,2024,Jurisdiction,1280.0,two_to_four_units,California Department of Finance E-5,2026 E-5 release,2024,2026-10-07,Housing units (count),"January 1 annual estimate from the official 2026 E-5 workbook. Historical sheets in that release may contain revised estimates. This is housing stock, not annual production."
Solana Beach,solana beach,2024,Jurisdiction,403.0,two_to_four_units,California Department of Finance E-5,2026 E-5 release,2024,2026-10-07,Housing units (count),"January 1 annual estimate from the official 2026 E-5 workbook. Historical sheets in that release may contain revised estimates. This is housing stock, not annual production."
Vista,vista,2024,Jurisdiction,2298.0,two_to_four_units,California Department of Finance E-5,2026 E-5 release,2024,2026-10-07,Housing units (count),"January 1 annual estimate from the official 2026 E-5 workbook. Historical sheets in that release may contain revised estimates. This is housing stock, not annual production."
Unincorporated San Diego County,unincorporated san diego county,2024,Jurisdiction,8224.0,two_to_four_units,California Department of Finance E-5,2026 E-5 release,2024,2026-10-07,Housing units (count),"January 1 annual estimate from the official 2026 E-5 workbook. Historical sheets in that release may contain revised estimates. This is housing stock, not annual production."
San Diego County (Countywide),san diego county countywide,2024,Countywide,88192.0,two_to_four_units,California Department of Finance E-5,2026 E-5 release,2024,2026-10-07,Housing units (count),"January 1 annual estimate from the official 2026 E-5 workbook. Historical sheets in that release may contain revised estimates. This is housing stock, not annual production."
Carlsbad,carlsbad,2025,Jurisdiction,2659.0,two_to_four_units,California Department of Finance E-5,2026 E-5 release,2025,2026-10-07,Housing units (count),"January 1 annual estimate from the official 2026 E-5 workbook. Historical sheets in that release may contain revised estimates. This is housing stock, not annual production."
Chula Vista,chula vista,2025,Jurisdiction,5431.0,two_to_four_units,California Department of Finance E-5,2026 E-5 release,2025,2026-10-07,Housing units (count),"January 1 annual estimate from the official 2026 E-5 workbook. Historical sheets in that release may contain revised estimates. This is housing stock, not annual production."
Coronado,coronado,2025,Jurisdiction,654.0,two_to_four_units,California Department of Finance E-5,2026 E-5 release,2025,2026-10-07,Housing units (count),"January 1 annual estimate from the official 2026 E-5 workbook. Historical sheets in that release may contain revised estimates. This is housing stock, not annual production."
Del Mar,del mar,2025,Jurisdiction,201.0,two_to_four_units,California Department of Finance E-5,2026 E-5 release,2025,2026-10-07,Housing units (count),"January 1 annual estimate from the official 2026 E-5 workbook. Historical sheets in that release may contain revised estimates. This is housing stock, not annual production."
El Cajon,el cajon,2025,Jurisdiction,2863.0,two_to_four_units,California Department of Finance E-5,2026 E-5 release,2025,2026-10-07,Housing units (count),"January 1 annual estimate from the official 2026 E-5 workbook. Historical sheets in that release may contain revised estimates. This is housing stock, not annual production."
Encinitas,encinitas,2025,Jurisdiction,1824.0,two_to_four_units,California Department of Finance E-5,2026 E-5 release,2025,2026-10-07,Housing units (count),"January 1 annual estimate from the official 2026 E-5 workbook. Historical sheets in that release may contain revised estimates. This is housing stock, not annual production."
Escondido,escondido,2025,Jurisdiction,3348.0,two_to_four_units,California Department of Finance E-5,2026 E-5 release,2025,2026-10-07,Housing units (count),"January 1 annual estimate from the official 2026 E-5 workbook. Historical sheets in that release may contain revised estimates. This is housing stock, not annual production."
Imperial Beach,imperial beach,2025,Jurisdiction,1234.0,two_to_four_units,California Department of Finance E-5,2026 E-5 release,2025,2026-10-07,Housing units (count),"January 1 annual estimate from the official 2026 E-5 workbook. Historical sheets in that release may contain revised estimates. This is housing stock, not annual production."
La Mesa,la mesa,2025,Jurisdiction,2343.0,two_to_four_units,California Department of Finance E-5,2026 E-5 release,2025,2026-10-07,Housing units (count),"January 1 annual estimate from the official 2026 E-5 workbook. Historical sheets in that release may contain revised estimates. This is housing stock, not annual production."
Lemon Grove,lemon grove,2025,Jurisdiction,675.0,two_to_four_units,California Department of Finance E-5,2026 E-5 release,2025,2026-10-07,Housing units (count),"January 1 annual estimate from the official 2026 E-5 workbook. Historical sheets in that release may contain revised estimates. This is housing stock, not annual production."
National City,national city,2025,Jurisdiction,1597.0,two_to_four_units,California Department of Finance E-5,2026 E-5 release,2025,2026-10-07,Housing units (count),"January 1 annual estimate from the official 2026 E-5 workbook. Historical sheets in that release may contain revised estimates. This is housing stock, not annual production."
Oceanside,oceanside,2025,Jurisdiction,6011.0,two_to_four_units,California Department of Finance E-5,2026 E-5 release,2025,2026-10-07,Housing units (count),"January 1 annual estimate from the official 2026 E-5 workbook. Historical sheets in that release may contain revised estimates. This is housing stock, not annual production."
Poway,poway,2025,Jurisdiction,476.0,two_to_four_units,California Department of Finance E-5,2026 E-5 release,2025,2026-10-07,Housing units (count),"January 1 annual estimate from the official 2026 E-5 workbook. Historical sheets in that release may contain revised estimates. This is housing stock, not annual production."
San Diego,san diego,2025,Jurisdiction,45665.0,two_to_four_units,California Department of Finance E-5,2026 E-5 release,2025,2026-10-07,Housing units (count),"January 1 annual estimate from the official 2026 E-5 workbook. Historical sheets in that release may contain revised estimates. This is housing stock, not annual production."
San Marcos,san marcos,2025,Jurisdiction,1207.0,two_to_four_units,California Department of Finance E-5,2026 E-5 release,2025,2026-10-07,Housing units (count),"January 1 annual estimate from the official 2026 E-5 workbook. Historical sheets in that release may contain revised estimates. This is housing stock, not annual production."
Santee,santee,2025,Jurisdiction,1292.0,two_to_four_units,California Department of Finance E-5,2026 E-5 release,2025,2026-10-07,Housing units (count),"January 1 annual estimate from the official 2026 E-5 workbook. Historical sheets in that release may contain revised estimates. This is housing stock, not annual production."
Solana Beach,solana beach,2025,Jurisdiction,403.0,two_to_four_units,California Department of Finance E-5,2026 E-5 release,2025,2026-10-07,Housing units (count),"January 1 annual estimate from the official 2026 E-5 workbook. Historical sheets in that release may contain revised estimates. This is housing stock, not annual production."
Vista,vista,2025,Jurisdiction,2298.0,two_to_four_units,California Department of Finance E-5,2026 E-5 release,2025,2026-10-07,Housing units (count),"January 1 annual estimate from the official 2026 E-5 workbook. Historical sheets in that release may contain revised estimates. This is housing stock, not annual production."
Unincorporated San Diego County,unincorporated san diego county,2025,Jurisdiction,8234.0,two_to_four_units,California Department of Finance E-5,2026 E-5 release,2025,2026-10-07,Housing units (count),"January 1 annual estimate from the official 2026 E-5 workbook. Historical sheets in that release may contain revised estimates. This is housing stock, not annual production."
San Diego County (Countywide),san diego county countywide,2025,Countywide,88415.0,two_to_four_units,California Department of Finance E-5,2026 E-5 release,2025,2026-10-07,Housing units (count),"January 1 annual estimate from the official 2026 E-5 workbook. Historical sheets in that release may contain revised estimates. This is housing stock, not annual production."
Carlsbad,carlsbad,2020,Jurisdiction,10752.0,five_plus_units,California Department of Finance E-5,2026 E-5 release,2020,2026-10-07,Housing units (count),"January 1 annual estimate from the official 2026 E-5 workbook. Historical sheets in that release may contain revised estimates. This is housing stock, not annual production."
Chula Vista,chula vista,2020,Jurisdiction,23034.0,five_plus_units,California Department of Finance E-5,2026 E-5 release,2020,2026-10-07,Housing units (count),"January 1 annual estimate from the official 2026 E-5 workbook. Historical sheets in that release may contain revised estimates. This is housing stock, not annual production."
Coronado,coronado,2020,Jurisdiction,3511.0,five_plus_units,California Department of Finance E-5,2026 E-5 release,2020,2026-10-07,Housing units (count),"January 1 annual estimate from the official 2026 E-5 workbook. Historical sheets in that release may contain revised estimates. This is housing stock, not annual production."
Del Mar,del mar,2020,Jurisdiction,537.0,five_plus_units,California Department of Finance E-5,2026 E-5 release,2020,2026-10-07,Housing units (count),"January 1 annual estimate from the official 2026 E-5 workbook. Historical sheets in that release may contain revised estimates. This is housing stock, not annual production."
El Cajon,el cajon,2020,Jurisdiction,14962.0,five_plus_units,California Department of Finance E-5,2026 E-5 release,2020,2026-10-07,Housing units (count),"January 1 annual estimate from the official 2026 E-5 workbook. Historical sheets in that release may contain revised estimates. This is housing stock, not annual production."
Encinitas,encinitas,2020,Jurisdiction,3593.0,five_plus_units,California Department of Finance E-5,2026 E-5 release,2020,2026-10-07,Housing units (count),"January 1 annual estimate from the official 2026 E-5 workbook. Historical sheets in that release may contain revised estimates. This is housing stock, not annual production."
Escondido,escondido,2020,Jurisdiction,14424.0,five_plus_units,California Department of Finance E-5,2026 E-5 release,2020,2026-10-07,Housing units (count),"January 1 annual estimate from the official 2026 E-5 workbook. Historical sheets in that release may contain revised estimates. This is housing stock, not annual production."
Imperial Beach,imperial beach,2020,Jurisdiction,3799.0,five_plus_units,California Department of Finance E-5,2026 E-5 release,2020,2026-10-07,Housing units (count),"January 1 annual estimate from the official 2026 E-5 workbook. Historical sheets in that release may contain revised estimates. This is housing stock, not annual production."
La Mesa,la mesa,2020,Jurisdiction,9748.0,five_plus_units,California Department of Finance E-5,2026 E-5 release,2020,2026-10-07,Housing units (count),"January 1 annual estimate from the official 2026 E-5 workbook. Historical sheets in that release may contain revised estimates. This is housing stock, not annual production."
Lemon Grove,lemon grove,2020,Jurisdiction,1618.0,five_plus_units,California Department of Finance E-5,2026 E-5 release,2020,2026-10-07,Housing units (count),"January 1 annual estimate from the official 2026 E-5 workbook. Historical sheets in that release may contain revised estimates. This is housing stock, not annual production."
National City,national city,2020,Jurisdiction,6306.0,five_plus_units,California Department of Finance E-5,2026 E-5 release,2020,2026-10-07,Housing units (count),"January 1 annual estimate from the official 2026 E-5 workbook. Historical sheets in that release may contain revised estimates. This is housing stock, not annual production."
Oceanside,oceanside,2020,Jurisdiction,15043.0,five_plus_units,California Department of Finance E-5,2026 E-5 release,2020,2026-10-07,Housing units (count),"January 1 annual estimate from the official 2026 E-5 workbook. Historical sheets in that release may contain revised estimates. This is housing stock, not annual production."
Poway,poway,2020,Jurisdiction,2294.0,five_plus_units,California Department of Finance E-5,2026 E-5 release,2020,2026-10-07,Housing units (count),"January 1 annual estimate from the official 2026 E-5 workbook. Historical sheets in that release may contain revised estimates. This is housing stock, not annual production."
San Diego,san diego,2020,Jurisdiction,208002.0,five_plus_units,California Department of Finance E-5,2026 E-5 release,2020,2026-10-07,Housing units (count),"January 1 annual estimate from the official 2026 E-5 workbook. Historical sheets in that release may contain revised estimates. This is housing stock, not annual production."
San Marcos,san marcos,2020,Jurisdiction,8745.0,five_plus_units,California Department of Finance E-5,2026 E-5 release,2020,2026-10-07,Housing units (count),"January 1 annual estimate from the official 2026 E-5 workbook. Historical sheets in that release may contain revised estimates. This is housing stock, not annual production."
Santee,santee,2020,Jurisdiction,3978.0,five_plus_units,California Department of Finance E-5,2026 E-5 release,2020,2026-10-07,Housing units (count),"January 1 annual estimate from the official 2026 E-5 workbook. Historical sheets in that release may contain revised estimates. This is housing stock, not annual production."
Solana Beach,solana beach,2020,Jurisdiction,1721.0,five_plus_units,California Department of Finance E-5,2026 E-5 release,2020,2026-10-07,Housing units (count),"January 1 annual estimate from the official 2026 E-5 workbook. Historical sheets in that release may contain revised estimates. This is housing stock, not annual production."
Vista,vista,2020,Jurisdiction,9964.0,five_plus_units,California Department of Finance E-5,2026 E-5 release,2020,2026-10-07,Housing units (count),"January 1 annual estimate from the official 2026 E-5 workbook. Historical sheets in that release may contain revised estimates. This is housing stock, not annual production."
Unincorporated San Diego County,unincorporated san diego county,2020,Jurisdiction,22180.0,five_plus_units,California Department of Finance E-5,2026 E-5 release,2020,2026-10-07,Housing units (count),"January 1 annual estimate from the official 2026 E-5 workbook. Historical sheets in that release may contain revised estimates. This is housing stock, not annual production."
San Diego County (Countywide),san diego county countywide,2020,Countywide,364211.0,five_plus_units,California Department of Finance E-5,2026 E-5 release,2020,2026-10-07,Housing units (count),"January 1 annual estimate from the official 2026 E-5 workbook. Historical sheets in that release may contain revised estimates. This is housing stock, not annual production."
Carlsbad,carlsbad,2021,Jurisdiction,10775.0,five_plus_units,California Department of Finance E-5,2026 E-5 release,2021,2026-10-07,Housing units (count),"January 1 annual estimate from the official 2026 E-5 workbook. Historical sheets in that release may contain revised estimates. This is housing stock, not annual production."
Chula Vista,chula vista,2021,Jurisdiction,23239.0,five_plus_units,California Department of Finance E-5,2026 E-5 release,2021,2026-10-07,Housing units (count),"January 1 annual estimate from the official 2026 E-5 workbook. Historical sheets in that release may contain revised estimates. This is housing stock, not annual production."
Coronado,coronado,2021,Jurisdiction,3511.0,five_plus_units,California Department of Finance E-5,2026 E-5 release,2021,2026-10-07,Housing units (count),"January 1 annual estimate from the official 2026 E-5 workbook. Historical sheets in that release may contain revised estimates. This is housing stock, not annual production."
Del Mar,del mar,2021,Jurisdiction,537.0,five_plus_units,California Department of Finance E-5,2026 E-5 release,2021,2026-10-07,Housing units (count),"January 1 annual estimate from the official 2026 E-5 workbook. Historical sheets in that release may contain revised estimates. This is housing stock, not annual production."
El Cajon,el cajon,2021,Jurisdiction,14962.0,five_plus_units,California Department of Finance E-5,2026 E-5 release,2021,2026-10-07,Housing units (count),"January 1 annual estimate from the official 2026 E-5 workbook. Historical sheets in that release may contain revised estimates. This is housing stock, not annual production."
Encinitas,encinitas,2021,Jurisdiction,3593.0,five_plus_units,California Department of Finance E-5,2026 E-5 release,2021,2026-10-07,Housing units (count),"January 1 annual estimate from the official 2026 E-5 workbook. Historical sheets in that release may contain revised estimates. This is housing stock, not annual production."
Escondido,escondido,2021,Jurisdiction,14506.0,five_plus_units,California Department of Finance E-5,2026 E-5 release,2021,2026-10-07,Housing units (count),"January 1 annual estimate from the official 2026 E-5 workbook. Historical sheets in that release may contain revised estimates. This is housing stock, not annual production."
Imperial Beach,imperial beach,2021,Jurisdiction,3799.0,five_plus_units,California Department of Finance E-5,2026 E-5 release,2021,2026-10-07,Housing units (count),"January 1 annual estimate from the official 2026 E-5 workbook. Historical sheets in that release may contain revised estimates. This is housing stock, not annual production."
La Mesa,la mesa,2021,Jurisdiction,9797.0,five_plus_units,California Department of Finance E-5,2026 E-5 release,2021,2026-10-07,Housing units (count),"January 1 annual estimate from the official 2026 E-5 workbook. Historical sheets in that release may contain revised estimates. This is housing stock, not annual production."
Lemon Grove,lemon grove,2021,Jurisdiction,1618.0,five_plus_units,California Department of Finance E-5,2026 E-5 release,2021,2026-10-07,Housing units (count),"January 1 annual estimate from the official 2026 E-5 workbook. Historical sheets in that release may contain revised estimates. This is housing stock, not annual production."
National City,national city,2021,Jurisdiction,6455.0,five_plus_units,California Department of Finance E-5,2026 E-5 release,2021,2026-10-07,Housing units (count),"January 1 annual estimate from the official 2026 E-5 workbook. Historical sheets in that release may contain revised estimates. This is housing stock, not annual production."
Oceanside,oceanside,2021,Jurisdiction,15138.0,five_plus_units,California Department of Finance E-5,2026 E-5 release,2021,2026-10-07,Housing units (count),"January 1 annual estimate from the official 2026 E-5 workbook. Historical sheets in that release may contain revised estimates. This is housing stock, not annual production."
Poway,poway,2021,Jurisdiction,2294.0,five_plus_units,California Department of Finance E-5,2026 E-5 release,2021,2026-10-07,Housing units (count),"January 1 annual estimate from the official 2026 E-5 workbook. Historical sheets in that release may contain revised estimates. This is housing stock, not annual production."
San Diego,san diego,2021,Jurisdiction,210520.0,five_plus_units,California Department of Finance E-5,2026 E-5 release,2021,2026-10-07,Housing units (count),"January 1 annual estimate from the official 2026 E-5 workbook. Historical sheets in that release may contain revised estimates. This is housing stock, not annual production."
San Marcos,san marcos,2021,Jurisdiction,8811.0,five_plus_units,California Department of Finance E-5,2026 E-5 release,2021,2026-10-07,Housing units (count),"January 1 annual estimate from the official 2026 E-5 workbook. Historical sheets in that release may contain revised estimates. This is housing stock, not annual production."
Santee,santee,2021,Jurisdiction,3978.0,five_plus_units,California Department of Finance E-5,2026 E-5 release,2021,2026-10-07,Housing units (count),"January 1 annual estimate from the official 2026 E-5 workbook. Historical sheets in that release may contain revised estimates. This is housing stock, not annual production."
Solana Beach,solana beach,2021,Jurisdiction,1721.0,five_plus_units,California Department of Finance E-5,2026 E-5 release,2021,2026-10-07,Housing units (count),"January 1 annual estimate from the official 2026 E-5 workbook. Historical sheets in that release may contain revised estimates. This is housing stock, not annual production."
Vista,vista,2021,Jurisdiction,10224.0,five_plus_units,California Department of Finance E-5,2026 E-5 release,2021,2026-10-07,Housing units (count),"January 1 annual estimate from the official 2026 E-5 workbook. Historical sheets in that release may contain revised estimates. This is housing stock, not annual production."
Unincorporated San Diego County,unincorporated san diego county,2021,Jurisdiction,22180.0,five_plus_units,California Department of Finance E-5,2026 E-5 release,2021,2026-10-07,Housing units (count),"January 1 annual estimate from the official 2026 E-5 workbook. Historical sheets in that release may contain revised estimates. This is housing stock, not annual production."
San Diego County (Countywide),san diego county countywide,2021,Countywide,367658.0,five_plus_units,California Department of Finance E-5,2026 E-5 release,2021,2026-10-07,Housing units (count),"January 1 annual estimate from the official 2026 E-5 workbook. Historical sheets in that release may contain revised estimates. This is housing stock, not annual production."
Carlsbad,carlsbad,2022,Jurisdiction,10992.0,five_plus_units,California Department of Finance E-5,2026 E-5 release,2022,2026-10-07,Housing units (count),"January 1 annual estimate from the official 2026 E-5 workbook. Historical sheets in that release may contain revised estimates. This is housing stock, not annual production."
Chula Vista,chula vista,2022,Jurisdiction,23501.0,five_plus_units,California Department of Finance E-5,2026 E-5 release,2022,2026-10-07,Housing units (count),"January 1 annual estimate from the official 2026 E-5 workbook. Historical sheets in that release may contain revised estimates. This is housing stock, not annual production."
Coronado,coronado,2022,Jurisdiction,3516.0,five_plus_units,California Department of Finance E-5,2026 E-5 release,2022,2026-10-07,Housing units (count),"January 1 annual estimate from the official 2026 E-5 workbook. Historical sheets in that release may contain revised estimates. This is housing stock, not annual production."
Del Mar,del mar,2022,Jurisdiction,537.0,five_plus_units,California Department of Finance E-5,2026 E-5 release,2022,2026-10-07,Housing units (count),"January 1 annual estimate from the official 2026 E-5 workbook. Historical sheets in that release may contain revised estimates. This is housing stock, not annual production."
El Cajon,el cajon,2022,Jurisdiction,14962.0,five_plus_units,California Department of Finance E-5,2026 E-5 release,2022,2026-10-07,Housing units (count),"January 1 annual estimate from the official 2026 E-5 workbook. Historical sheets in that release may contain revised estimates. This is housing stock, not annual production."
Encinitas,encinitas,2022,Jurisdiction,3593.0,five_plus_units,California Department of Finance E-5,2026 E-5 release,2022,2026-10-07,Housing units (count),"January 1 annual estimate from the official 2026 E-5 workbook. Historical sheets in that release may contain revised estimates. This is housing stock, not annual production."
Escondido,escondido,2022,Jurisdiction,14506.0,five_plus_units,California Department of Finance E-5,2026 E-5 release,2022,2026-10-07,Housing units (count),"January 1 annual estimate from the official 2026 E-5 workbook. Historical sheets in that release may contain revised estimates. This is housing stock, not annual production."
Imperial Beach,imperial beach,2022,Jurisdiction,3799.0,five_plus_units,California Department of Finance E-5,2026 E-5 release,2022,2026-10-07,Housing units (count),"January 1 annual estimate from the official 2026 E-5 workbook. Historical sheets in that release may contain revised estimates. This is housing stock, not annual production."
La Mesa,la mesa,2022,Jurisdiction,9940.0,five_plus_units,California Department of Finance E-5,2026 E-5 release,2022,2026-10-07,Housing units (count),"January 1 annual estimate from the official 2026 E-5 workbook. Historical sheets in that release may contain revised estimates. This is housing stock, not annual production."
Lemon Grove,lemon grove,2022,Jurisdiction,1618.0,five_plus_units,California Department of Finance E-5,2026 E-5 release,2022,2026-10-07,Housing units (count),"January 1 annual estimate from the official 2026 E-5 workbook. Historical sheets in that release may contain revised estimates. This is housing stock, not annual production."
National City,national city,2022,Jurisdiction,6455.0,five_plus_units,California Department of Finance E-5,2026 E-5 release,2022,2026-10-07,Housing units (count),"January 1 annual estimate from the official 2026 E-5 workbook. Historical sheets in that release may contain revised estimates. This is housing stock, not annual production."
Oceanside,oceanside,2022,Jurisdiction,15263.0,five_plus_units,California Department of Finance E-5,2026 E-5 release,2022,2026-10-07,Housing units (count),"January 1 annual estimate from the official 2026 E-5 workbook. Historical sheets in that release may contain revised estimates. This is housing stock, not annual production."
Poway,poway,2022,Jurisdiction,2354.0,five_plus_units,California Department of Finance E-5,2026 E-5 release,2022,2026-10-07,Housing units (count),"January 1 annual estimate from the official 2026 E-5 workbook. Historical sheets in that release may contain revised estimates. This is housing stock, not annual production."
San Diego,san diego,2022,Jurisdiction,215938.0,five_plus_units,California Department of Finance E-5,2026 E-5 release,2022,2026-10-07,Housing units (count),"January 1 annual estimate from the official 2026 E-5 workbook. Historical sheets in that release may contain revised estimates. This is housing stock, not annual production."
San Marcos,san marcos,2022,Jurisdiction,8751.0,five_plus_units,California Department of Finance E-5,2026 E-5 release,2022,2026-10-07,Housing units (count),"January 1 annual estimate from the official 2026 E-5 workbook. Historical sheets in that release may contain revised estimates. This is housing stock, not annual production."
Santee,santee,2022,Jurisdiction,4038.0,five_plus_units,California Department of Finance E-5,2026 E-5 release,2022,2026-10-07,Housing units (count),"January 1 annual estimate from the official 2026 E-5 workbook. Historical sheets in that release may contain revised estimates. This is housing stock, not annual production."
Solana Beach,solana beach,2022,Jurisdiction,1721.0,five_plus_units,California Department of Finance E-5,2026 E-5 release,2022,2026-10-07,Housing units (count),"January 1 annual estimate from the official 2026 E-5 workbook. Historical sheets in that release may contain revised estimates. This is housing stock, not annual production."
Vista,vista,2022,Jurisdiction,10567.0,five_plus_units,California Department of Finance E-5,2026 E-5 release,2022,2026-10-07,Housing units (count),"January 1 annual estimate from the official 2026 E-5 workbook. Historical sheets in that release may contain revised estimates. This is housing stock, not annual production."
Unincorporated San Diego County,unincorporated san diego county,2022,Jurisdiction,22254.0,five_plus_units,California Department of Finance E-5,2026 E-5 release,2022,2026-10-07,Housing units (count),"January 1 annual estimate from the official 2026 E-5 workbook. Historical sheets in that release may contain revised estimates. This is housing stock, not annual production."
San Diego County (Countywide),san diego county countywide,2022,Countywide,374305.0,five_plus_units,California Department of Finance E-5,2026 E-5 release,2022,2026-10-07,Housing units (count),"January 1 annual estimate from the official 2026 E-5 workbook. Historical sheets in that release may contain revised estimates. This is housing stock, not annual production."
Carlsbad,carlsbad,2023,Jurisdiction,11054.0,five_plus_units,California Department of Finance E-5,2026 E-5 release,2023,2026-10-07,Housing units (count),"January 1 annual estimate from the official 2026 E-5 workbook. Historical sheets in that release may contain revised estimates. This is housing stock, not annual production."
Chula Vista,chula vista,2023,Jurisdiction,24059.0,five_plus_units,California Department of Finance E-5,2026 E-5 release,2023,2026-10-07,Housing units (count),"January 1 annual estimate from the official 2026 E-5 workbook. Historical sheets in that release may contain revised estimates. This is housing stock, not annual production."
Coronado,coronado,2023,Jurisdiction,3516.0,five_plus_units,California Department of Finance E-5,2026 E-5 release,2023,2026-10-07,Housing units (count),"January 1 annual estimate from the official 2026 E-5 workbook. Historical sheets in that release may contain revised estimates. This is housing stock, not annual production."
Del Mar,del mar,2023,Jurisdiction,537.0,five_plus_units,California Department of Finance E-5,2026 E-5 release,2023,2026-10-07,Housing units (count),"January 1 annual estimate from the official 2026 E-5 workbook. Historical sheets in that release may contain revised estimates. This is housing stock, not annual production."
El Cajon,el cajon,2023,Jurisdiction,14962.0,five_plus_units,California Department of Finance E-5,2026 E-5 release,2023,2026-10-07,Housing units (count),"January 1 annual estimate from the official 2026 E-5 workbook. Historical sheets in that release may contain revised estimates. This is housing stock, not annual production."
Encinitas,encinitas,2023,Jurisdiction,3593.0,five_plus_units,California Department of Finance E-5,2026 E-5 release,2023,2026-10-07,Housing units (count),"January 1 annual estimate from the official 2026 E-5 workbook. Historical sheets in that release may contain revised estimates. This is housing stock, not annual production."
Escondido,escondido,2023,Jurisdiction,14506.0,five_plus_units,California Department of Finance E-5,2026 E-5 release,2023,2026-10-07,Housing units (count),"January 1 annual estimate from the official 2026 E-5 workbook. Historical sheets in that release may contain revised estimates. This is housing stock, not annual production."
Imperial Beach,imperial beach,2023,Jurisdiction,3799.0,five_plus_units,California Department of Finance E-5,2026 E-5 release,2023,2026-10-07,Housing units (count),"January 1 annual estimate from the official 2026 E-5 workbook. Historical sheets in that release may contain revised estimates. This is housing stock, not annual production."
La Mesa,la mesa,2023,Jurisdiction,10170.0,five_plus_units,California Department of Finance E-5,2026 E-5 release,2023,2026-10-07,Housing units (count),"January 1 annual estimate from the official 2026 E-5 workbook. Historical sheets in that release may contain revised estimates. This is housing stock, not annual production."
Lemon Grove,lemon grove,2023,Jurisdiction,1642.0,five_plus_units,California Department of Finance E-5,2026 E-5 release,2023,2026-10-07,Housing units (count),"January 1 annual estimate from the official 2026 E-5 workbook. Historical sheets in that release may contain revised estimates. This is housing stock, not annual production."
National City,national city,2023,Jurisdiction,6537.0,five_plus_units,California Department of Finance E-5,2026 E-5 release,2023,2026-10-07,Housing units (count),"January 1 annual estimate from the official 2026 E-5 workbook. Historical sheets in that release may contain revised estimates. This is housing stock, not annual production."
Oceanside,oceanside,2023,Jurisdiction,15332.0,five_plus_units,California Department of Finance E-5,2026 E-5 release,2023,2026-10-07,Housing units (count),"January 1 annual estimate from the official 2026 E-5 workbook. Historical sheets in that release may contain revised estimates. This is housing stock, not annual production."
Poway,poway,2023,Jurisdiction,2398.0,five_plus_units,California Department of Finance E-5,2026 E-5 release,2023,2026-10-07,Housing units (count),"January 1 annual estimate from the official 2026 E-5 workbook. Historical sheets in that release may contain revised estimates. This is housing stock, not annual production."
San Diego,san diego,2023,Jurisdiction,220368.0,five_plus_units,California Department of Finance E-5,2026 E-5 release,2023,2026-10-07,Housing units (count),"January 1 annual estimate from the official 2026 E-5 workbook. Historical sheets in that release may contain revised estimates. This is housing stock, not annual production."
San Marcos,san marcos,2023,Jurisdiction,8823.0,five_plus_units,California Department of Finance E-5,2026 E-5 release,2023,2026-10-07,Housing units (count),"January 1 annual estimate from the official 2026 E-5 workbook. Historical sheets in that release may contain revised estimates. This is housing stock, not annual production."
Santee,santee,2023,Jurisdiction,4315.0,five_plus_units,California Department of Finance E-5,2026 E-5 release,2023,2026-10-07,Housing units (count),"January 1 annual estimate from the official 2026 E-5 workbook. Historical sheets in that release may contain revised estimates. This is housing stock, not annual production."
Solana Beach,solana beach,2023,Jurisdiction,1746.0,five_plus_units,California Department of Finance E-5,2026 E-5 release,2023,2026-10-07,Housing units (count),"January 1 annual estimate from the official 2026 E-5 workbook. Historical sheets in that release may contain revised estimates. This is housing stock, not annual production."
Vista,vista,2023,Jurisdiction,10736.0,five_plus_units,California Department of Finance E-5,2026 E-5 release,2023,2026-10-07,Housing units (count),"January 1 annual estimate from the official 2026 E-5 workbook. Historical sheets in that release may contain revised estimates. This is housing stock, not annual production."
Unincorporated San Diego County,unincorporated san diego county,2023,Jurisdiction,22338.0,five_plus_units,California Department of Finance E-5,2026 E-5 release,2023,2026-10-07,Housing units (count),"January 1 annual estimate from the official 2026 E-5 workbook. Historical sheets in that release may contain revised estimates. This is housing stock, not annual production."
San Diego County (Countywide),san diego county countywide,2023,Countywide,380431.0,five_plus_units,California Department of Finance E-5,2026 E-5 release,2023,2026-10-07,Housing units (count),"January 1 annual estimate from the official 2026 E-5 workbook. Historical sheets in that release may contain revised estimates. This is housing stock, not annual production."
Carlsbad,carlsbad,2024,Jurisdiction,11054.0,five_plus_units,California Department of Finance E-5,2026 E-5 release,2024,2026-10-07,Housing units (count),"January 1 annual estimate from the official 2026 E-5 workbook. Historical sheets in that release may contain revised estimates. This is housing stock, not annual production."
Chula Vista,chula vista,2024,Jurisdiction,24884.0,five_plus_units,California Department of Finance E-5,2026 E-5 release,2024,2026-10-07,Housing units (count),"January 1 annual estimate from the official 2026 E-5 workbook. Historical sheets in that release may contain revised estimates. This is housing stock, not annual production."
Coronado,coronado,2024,Jurisdiction,3516.0,five_plus_units,California Department of Finance E-5,2026 E-5 release,2024,2026-10-07,Housing units (count),"January 1 annual estimate from the official 2026 E-5 workbook. Historical sheets in that release may contain revised estimates. This is housing stock, not annual production."
Del Mar,del mar,2024,Jurisdiction,537.0,five_plus_units,California Department of Finance E-5,2026 E-5 release,2024,2026-10-07,Housing units (count),"January 1 annual estimate from the official 2026 E-5 workbook. Historical sheets in that release may contain revised estimates. This is housing stock, not annual production."
El Cajon,el cajon,2024,Jurisdiction,14972.0,five_plus_units,California Department of Finance E-5,2026 E-5 release,2024,2026-10-07,Housing units (count),"January 1 annual estimate from the official 2026 E-5 workbook. Historical sheets in that release may contain revised estimates. This is housing stock, not annual production."
Encinitas,encinitas,2024,Jurisdiction,3592.0,five_plus_units,California Department of Finance E-5,2026 E-5 release,2024,2026-10-07,Housing units (count),"January 1 annual estimate from the official 2026 E-5 workbook. Historical sheets in that release may contain revised estimates. This is housing stock, not annual production."
Escondido,escondido,2024,Jurisdiction,14570.0,five_plus_units,California Department of Finance E-5,2026 E-5 release,2024,2026-10-07,Housing units (count),"January 1 annual estimate from the official 2026 E-5 workbook. Historical sheets in that release may contain revised estimates. This is housing stock, not annual production."
Imperial Beach,imperial beach,2024,Jurisdiction,3799.0,five_plus_units,California Department of Finance E-5,2026 E-5 release,2024,2026-10-07,Housing units (count),"January 1 annual estimate from the official 2026 E-5 workbook. Historical sheets in that release may contain revised estimates. This is housing stock, not annual production."
La Mesa,la mesa,2024,Jurisdiction,10256.0,five_plus_units,California Department of Finance E-5,2026 E-5 release,2024,2026-10-07,Housing units (count),"January 1 annual estimate from the official 2026 E-5 workbook. Historical sheets in that release may contain revised estimates. This is housing stock, not annual production."
Lemon Grove,lemon grove,2024,Jurisdiction,1642.0,five_plus_units,California Department of Finance E-5,2026 E-5 release,2024,2026-10-07,Housing units (count),"January 1 annual estimate from the official 2026 E-5 workbook. Historical sheets in that release may contain revised estimates. This is housing stock, not annual production."
National City,national city,2024,Jurisdiction,6701.0,five_plus_units,California Department of Finance E-5,2026 E-5 release,2024,2026-10-07,Housing units (count),"January 1 annual estimate from the official 2026 E-5 workbook. Historical sheets in that release may contain revised estimates. This is housing stock, not annual production."
Oceanside,oceanside,2024,Jurisdiction,15407.0,five_plus_units,California Department of Finance E-5,2026 E-5 release,2024,2026-10-07,Housing units (count),"January 1 annual estimate from the official 2026 E-5 workbook. Historical sheets in that release may contain revised estimates. This is housing stock, not annual production."
Poway,poway,2024,Jurisdiction,2610.0,five_plus_units,California Department of Finance E-5,2026 E-5 release,2024,2026-10-07,Housing units (count),"January 1 annual estimate from the official 2026 E-5 workbook. Historical sheets in that release may contain revised estimates. This is housing stock, not annual production."
San Diego,san diego,2024,Jurisdiction,224501.0,five_plus_units,California Department of Finance E-5,2026 E-5 release,2024,2026-10-07,Housing units (count),"January 1 annual estimate from the official 2026 E-5 workbook. Historical sheets in that release may contain revised estimates. This is housing stock, not annual production."
San Marcos,san marcos,2024,Jurisdiction,9008.0,five_plus_units,California Department of Finance E-5,2026 E-5 release,2024,2026-10-07,Housing units (count),"January 1 annual estimate from the official 2026 E-5 workbook. Historical sheets in that release may contain revised estimates. This is housing stock, not annual production."
Santee,santee,2024,Jurisdiction,4315.0,five_plus_units,California Department of Finance E-5,2026 E-5 release,2024,2026-10-07,Housing units (count),"January 1 annual estimate from the official 2026 E-5 workbook. Historical sheets in that release may contain revised estimates. This is housing stock, not annual production."
Solana Beach,solana beach,2024,Jurisdiction,1808.0,five_plus_units,California Department of Finance E-5,2026 E-5 release,2024,2026-10-07,Housing units (count),"January 1 annual estimate from the official 2026 E-5 workbook. Historical sheets in that release may contain revised estimates. This is housing stock, not annual production."
Vista,vista,2024,Jurisdiction,10747.0,five_plus_units,California Department of Finance E-5,2026 E-5 release,2024,2026-10-07,Housing units (count),"January 1 annual estimate from the official 2026 E-5 workbook. Historical sheets in that release may contain revised estimates. This is housing stock, not annual production."
Unincorporated San Diego County,unincorporated san diego county,2024,Jurisdiction,22604.0,five_plus_units,California Department of Finance E-5,2026 E-5 release,2024,2026-10-07,Housing units (count),"January 1 annual estimate from the official 2026 E-5 workbook. Historical sheets in that release may contain revised estimates. This is housing stock, not annual production."
San Diego County (Countywide),san diego county countywide,2024,Countywide,386523.0,five_plus_units,California Department of Finance E-5,2026 E-5 release,2024,2026-10-07,Housing units (count),"January 1 annual estimate from the official 2026 E-5 workbook. Historical sheets in that release may contain revised estimates. This is housing stock, not annual production."
Carlsbad,carlsbad,2025,Jurisdiction,11158.0,five_plus_units,California Department of Finance E-5,2026 E-5 release,2025,2026-10-07,Housing units (count),"January 1 annual estimate from the official 2026 E-5 workbook. Historical sheets in that release may contain revised estimates. This is housing stock, not annual production."
Chula Vista,chula vista,2025,Jurisdiction,25369.0,five_plus_units,California Department of Finance E-5,2026 E-5 release,2025,2026-10-07,Housing units (count),"January 1 annual estimate from the official 2026 E-5 workbook. Historical sheets in that release may contain revised estimates. This is housing stock, not annual production."
Coronado,coronado,2025,Jurisdiction,3526.0,five_plus_units,California Department of Finance E-5,2026 E-5 release,2025,2026-10-07,Housing units (count),"January 1 annual estimate from the official 2026 E-5 workbook. Historical sheets in that release may contain revised estimates. This is housing stock, not annual production."
Del Mar,del mar,2025,Jurisdiction,537.0,five_plus_units,California Department of Finance E-5,2026 E-5 release,2025,2026-10-07,Housing units (count),"January 1 annual estimate from the official 2026 E-5 workbook. Historical sheets in that release may contain revised estimates. This is housing stock, not annual production."
El Cajon,el cajon,2025,Jurisdiction,14989.0,five_plus_units,California Department of Finance E-5,2026 E-5 release,2025,2026-10-07,Housing units (count),"January 1 annual estimate from the official 2026 E-5 workbook. Historical sheets in that release may contain revised estimates. This is housing stock, not annual production."
Encinitas,encinitas,2025,Jurisdiction,3698.0,five_plus_units,California Department of Finance E-5,2026 E-5 release,2025,2026-10-07,Housing units (count),"January 1 annual estimate from the official 2026 E-5 workbook. Historical sheets in that release may contain revised estimates. This is housing stock, not annual production."
Escondido,escondido,2025,Jurisdiction,14570.0,five_plus_units,California Department of Finance E-5,2026 E-5 release,2025,2026-10-07,Housing units (count),"January 1 annual estimate from the official 2026 E-5 workbook. Historical sheets in that release may contain revised estimates. This is housing stock, not annual production."
Imperial Beach,imperial beach,2025,Jurisdiction,3799.0,five_plus_units,California Department of Finance E-5,2026 E-5 release,2025,2026-10-07,Housing units (count),"January 1 annual estimate from the official 2026 E-5 workbook. Historical sheets in that release may contain revised estimates. This is housing stock, not annual production."
La Mesa,la mesa,2025,Jurisdiction,10272.0,five_plus_units,California Department of Finance E-5,2026 E-5 release,2025,2026-10-07,Housing units (count),"January 1 annual estimate from the official 2026 E-5 workbook. Historical sheets in that release may contain revised estimates. This is housing stock, not annual production."
Lemon Grove,lemon grove,2025,Jurisdiction,1749.0,five_plus_units,California Department of Finance E-5,2026 E-5 release,2025,2026-10-07,Housing units (count),"January 1 annual estimate from the official 2026 E-5 workbook. Historical sheets in that release may contain revised estimates. This is housing stock, not annual production."
National City,national city,2025,Jurisdiction,6796.0,five_plus_units,California Department of Finance E-5,2026 E-5 release,2025,2026-10-07,Housing units (count),"January 1 annual estimate from the official 2026 E-5 workbook. Historical sheets in that release may contain revised estimates. This is housing stock, not annual production."
Oceanside,oceanside,2025,Jurisdiction,15986.0,five_plus_units,California Department of Finance E-5,2026 E-5 release,2025,2026-10-07,Housing units (count),"January 1 annual estimate from the official 2026 E-5 workbook. Historical sheets in that release may contain revised estimates. This is housing stock, not annual production."
Poway,poway,2025,Jurisdiction,2822.0,five_plus_units,California Department of Finance E-5,2026 E-5 release,2025,2026-10-07,Housing units (count),"January 1 annual estimate from the official 2026 E-5 workbook. Historical sheets in that release may contain revised estimates. This is housing stock, not annual production."
San Diego,san diego,2025,Jurisdiction,231520.0,five_plus_units,California Department of Finance E-5,2026 E-5 release,2025,2026-10-07,Housing units (count),"January 1 annual estimate from the official 2026 E-5 workbook. Historical sheets in that release may contain revised estimates. This is housing stock, not annual production."
San Marcos,san marcos,2025,Jurisdiction,9104.0,five_plus_units,California Department of Finance E-5,2026 E-5 release,2025,2026-10-07,Housing units (count),"January 1 annual estimate from the official 2026 E-5 workbook. Historical sheets in that release may contain revised estimates. This is housing stock, not annual production."
Santee,santee,2025,Jurisdiction,4335.0,five_plus_units,California Department of Finance E-5,2026 E-5 release,2025,2026-10-07,Housing units (count),"January 1 annual estimate from the official 2026 E-5 workbook. Historical sheets in that release may contain revised estimates. This is housing stock, not annual production."
Solana Beach,solana beach,2025,Jurisdiction,1808.0,five_plus_units,California Department of Finance E-5,2026 E-5 release,2025,2026-10-07,Housing units (count),"January 1 annual estimate from the official 2026 E-5 workbook. Historical sheets in that release may contain revised estimates. This is housing stock, not annual production."
Vista,vista,2025,Jurisdiction,10806.0,five_plus_units,California Department of Finance E-5,2026 E-5 release,2025,2026-10-07,Housing units (count),"January 1 annual estimate from the official 2026 E-5 workbook. Historical sheets in that release may contain revised estimates. This is housing stock, not annual production."
Unincorporated San Diego County,unincorporated san diego county,2025,Jurisdiction,22625.0,five_plus_units,California Department of Finance E-5,2026 E-5 release,2025,2026-10-07,Housing units (count),"January 1 annual estimate from the official 2026 E-5 workbook. Historical sheets in that release may contain revised estimates. This is housing stock, not annual production."
San Diego County (Countywide),san diego county countywide,2025,Countywide,395469.0,five_plus_units,California Department of Finance E-5,2026 E-5 release,2025,2026-10-07,Housing units (count),"January 1 annual estimate from the official 2026 E-5 workbook. Historical sheets in that release may contain revised estimates. This is housing stock, not annual production."
Carlsbad,carlsbad,2020,Jurisdiction,13313.0,multifamily_total,California Department of Finance E-5,2026 E-5 release,2020,2026-10-07,Housing units (count),"January 1 annual estimate from the official 2026 E-5 workbook. Historical sheets in that release may contain revised estimates. This is housing stock, not annual production."
Chula Vista,chula vista,2020,Jurisdiction,28217.0,multifamily_total,California Department of Finance E-5,2026 E-5 release,2020,2026-10-07,Housing units (count),"January 1 annual estimate from the official 2026 E-5 workbook. Historical sheets in that release may contain revised estimates. This is housing stock, not annual production."
Coronado,coronado,2020,Jurisdiction,4147.0,multifamily_total,California Department of Finance E-5,2026 E-5 release,2020,2026-10-07,Housing units (count),"January 1 annual estimate from the official 2026 E-5 workbook. Historical sheets in that release may contain revised estimates. This is housing stock, not annual production."
Del Mar,del mar,2020,Jurisdiction,730.0,multifamily_total,California Department of Finance E-5,2026 E-5 release,2020,2026-10-07,Housing units (count),"January 1 annual estimate from the official 2026 E-5 workbook. Historical sheets in that release may contain revised estimates. This is housing stock, not annual production."
El Cajon,el cajon,2020,Jurisdiction,17784.0,multifamily_total,California Department of Finance E-5,2026 E-5 release,2020,2026-10-07,Housing units (count),"January 1 annual estimate from the official 2026 E-5 workbook. Historical sheets in that release may contain revised estimates. This is housing stock, not annual production."
Encinitas,encinitas,2020,Jurisdiction,5351.0,multifamily_total,California Department of Finance E-5,2026 E-5 release,2020,2026-10-07,Housing units (count),"January 1 annual estimate from the official 2026 E-5 workbook. Historical sheets in that release may contain revised estimates. This is housing stock, not annual production."
Escondido,escondido,2020,Jurisdiction,17770.0,multifamily_total,California Department of Finance E-5,2026 E-5 release,2020,2026-10-07,Housing units (count),"January 1 annual estimate from the official 2026 E-5 workbook. Historical sheets in that release may contain revised estimates. This is housing stock, not annual production."
Imperial Beach,imperial beach,2020,Jurisdiction,5007.0,multifamily_total,California Department of Finance E-5,2026 E-5 release,2020,2026-10-07,Housing units (count),"January 1 annual estimate from the official 2026 E-5 workbook. Historical sheets in that release may contain revised estimates. This is housing stock, not annual production."
La Mesa,la mesa,2020,Jurisdiction,12073.0,multifamily_total,California Department of Finance E-5,2026 E-5 release,2020,2026-10-07,Housing units (count),"January 1 annual estimate from the official 2026 E-5 workbook. Historical sheets in that release may contain revised estimates. This is housing stock, not annual production."
Lemon Grove,lemon grove,2020,Jurisdiction,2277.0,multifamily_total,California Department of Finance E-5,2026 E-5 release,2020,2026-10-07,Housing units (count),"January 1 annual estimate from the official 2026 E-5 workbook. Historical sheets in that release may contain revised estimates. This is housing stock, not annual production."
National City,national city,2020,Jurisdiction,7892.0,multifamily_total,California Department of Finance E-5,2026 E-5 release,2020,2026-10-07,Housing units (count),"January 1 annual estimate from the official 2026 E-5 workbook. Historical sheets in that release may contain revised estimates. This is housing stock, not annual production."
Oceanside,oceanside,2020,Jurisdiction,20803.0,multifamily_total,California Department of Finance E-5,2026 E-5 release,2020,2026-10-07,Housing units (count),"January 1 annual estimate from the official 2026 E-5 workbook. Historical sheets in that release may contain revised estimates. This is housing stock, not annual production."
Poway,poway,2020,Jurisdiction,2687.0,multifamily_total,California Department of Finance E-5,2026 E-5 release,2020,2026-10-07,Housing units (count),"January 1 annual estimate from the official 2026 E-5 workbook. Historical sheets in that release may contain revised estimates. This is housing stock, not annual production."
San Diego,san diego,2020,Jurisdiction,252224.0,multifamily_total,California Department of Finance E-5,2026 E-5 release,2020,2026-10-07,Housing units (count),"January 1 annual estimate from the official 2026 E-5 workbook. Historical sheets in that release may contain revised estimates. This is housing stock, not annual production."
San Marcos,san marcos,2020,Jurisdiction,9928.0,multifamily_total,California Department of Finance E-5,2026 E-5 release,2020,2026-10-07,Housing units (count),"January 1 annual estimate from the official 2026 E-5 workbook. Historical sheets in that release may contain revised estimates. This is housing stock, not annual production."
Santee,santee,2020,Jurisdiction,5234.0,multifamily_total,California Department of Finance E-5,2026 E-5 release,2020,2026-10-07,Housing units (count),"January 1 annual estimate from the official 2026 E-5 workbook. Historical sheets in that release may contain revised estimates. This is housing stock, not annual production."
Solana Beach,solana beach,2020,Jurisdiction,2122.0,multifamily_total,California Department of Finance E-5,2026 E-5 release,2020,2026-10-07,Housing units (count),"January 1 annual estimate from the official 2026 E-5 workbook. Historical sheets in that release may contain revised estimates. This is housing stock, not annual production."
Vista,vista,2020,Jurisdiction,12244.0,multifamily_total,California Department of Finance E-5,2026 E-5 release,2020,2026-10-07,Housing units (count),"January 1 annual estimate from the official 2026 E-5 workbook. Historical sheets in that release may contain revised estimates. This is housing stock, not annual production."
Unincorporated San Diego County,unincorporated san diego county,2020,Jurisdiction,30291.0,multifamily_total,California Department of Finance E-5,2026 E-5 release,2020,2026-10-07,Housing units (count),"January 1 annual estimate from the official 2026 E-5 workbook. Historical sheets in that release may contain revised estimates. This is housing stock, not annual production."
San Diego County (Countywide),san diego county countywide,2020,Countywide,450094.0,multifamily_total,California Department of Finance E-5,2026 E-5 release,2020,2026-10-07,Housing units (count),"January 1 annual estimate from the official 2026 E-5 workbook. Historical sheets in that release may contain revised estimates. This is housing stock, not annual production."
Carlsbad,carlsbad,2021,Jurisdiction,13372.0,multifamily_total,California Department of Finance E-5,2026 E-5 release,2021,2026-10-07,Housing units (count),"January 1 annual estimate from the official 2026 E-5 workbook. Historical sheets in that release may contain revised estimates. This is housing stock, not annual production."
Chula Vista,chula vista,2021,Jurisdiction,28505.0,multifamily_total,California Department of Finance E-5,2026 E-5 release,2021,2026-10-07,Housing units (count),"January 1 annual estimate from the official 2026 E-5 workbook. Historical sheets in that release may contain revised estimates. This is housing stock, not annual production."
Coronado,coronado,2021,Jurisdiction,4147.0,multifamily_total,California Department of Finance E-5,2026 E-5 release,2021,2026-10-07,Housing units (count),"January 1 annual estimate from the official 2026 E-5 workbook. Historical sheets in that release may contain revised estimates. This is housing stock, not annual production."
Del Mar,del mar,2021,Jurisdiction,732.0,multifamily_total,California Department of Finance E-5,2026 E-5 release,2021,2026-10-07,Housing units (count),"January 1 annual estimate from the official 2026 E-5 workbook. Historical sheets in that release may contain revised estimates. This is housing stock, not annual production."
El Cajon,el cajon,2021,Jurisdiction,17797.0,multifamily_total,California Department of Finance E-5,2026 E-5 release,2021,2026-10-07,Housing units (count),"January 1 annual estimate from the official 2026 E-5 workbook. Historical sheets in that release may contain revised estimates. This is housing stock, not annual production."
Encinitas,encinitas,2021,Jurisdiction,5381.0,multifamily_total,California Department of Finance E-5,2026 E-5 release,2021,2026-10-07,Housing units (count),"January 1 annual estimate from the official 2026 E-5 workbook. Historical sheets in that release may contain revised estimates. This is housing stock, not annual production."
Escondido,escondido,2021,Jurisdiction,17856.0,multifamily_total,California Department of Finance E-5,2026 E-5 release,2021,2026-10-07,Housing units (count),"January 1 annual estimate from the official 2026 E-5 workbook. Historical sheets in that release may contain revised estimates. This is housing stock, not annual production."
Imperial Beach,imperial beach,2021,Jurisdiction,5008.0,multifamily_total,California Department of Finance E-5,2026 E-5 release,2021,2026-10-07,Housing units (count),"January 1 annual estimate from the official 2026 E-5 workbook. Historical sheets in that release may contain revised estimates. This is housing stock, not annual production."
La Mesa,la mesa,2021,Jurisdiction,12132.0,multifamily_total,California Department of Finance E-5,2026 E-5 release,2021,2026-10-07,Housing units (count),"January 1 annual estimate from the official 2026 E-5 workbook. Historical sheets in that release may contain revised estimates. This is housing stock, not annual production."
Lemon Grove,lemon grove,2021,Jurisdiction,2281.0,multifamily_total,California Department of Finance E-5,2026 E-5 release,2021,2026-10-07,Housing units (count),"January 1 annual estimate from the official 2026 E-5 workbook. Historical sheets in that release may contain revised estimates. This is housing stock, not annual production."
National City,national city,2021,Jurisdiction,8041.0,multifamily_total,California Department of Finance E-5,2026 E-5 release,2021,2026-10-07,Housing units (count),"January 1 annual estimate from the official 2026 E-5 workbook. Historical sheets in that release may contain revised estimates. This is housing stock, not annual production."
Oceanside,oceanside,2021,Jurisdiction,20969.0,multifamily_total,California Department of Finance E-5,2026 E-5 release,2021,2026-10-07,Housing units (count),"January 1 annual estimate from the official 2026 E-5 workbook. Historical sheets in that release may contain revised estimates. This is housing stock, not annual production."
Poway,poway,2021,Jurisdiction,2695.0,multifamily_total,California Department of Finance E-5,2026 E-5 release,2021,2026-10-07,Housing units (count),"January 1 annual estimate from the official 2026 E-5 workbook. Historical sheets in that release may contain revised estimates. This is housing stock, not annual production."
San Diego,san diego,2021,Jurisdiction,255709.0,multifamily_total,California Department of Finance E-5,2026 E-5 release,2021,2026-10-07,Housing units (count),"January 1 annual estimate from the official 2026 E-5 workbook. Historical sheets in that release may contain revised estimates. This is housing stock, not annual production."
San Marcos,san marcos,2021,Jurisdiction,9996.0,multifamily_total,California Department of Finance E-5,2026 E-5 release,2021,2026-10-07,Housing units (count),"January 1 annual estimate from the official 2026 E-5 workbook. Historical sheets in that release may contain revised estimates. This is housing stock, not annual production."
Santee,santee,2021,Jurisdiction,5234.0,multifamily_total,California Department of Finance E-5,2026 E-5 release,2021,2026-10-07,Housing units (count),"January 1 annual estimate from the official 2026 E-5 workbook. Historical sheets in that release may contain revised estimates. This is housing stock, not annual production."
Solana Beach,solana beach,2021,Jurisdiction,2122.0,multifamily_total,California Department of Finance E-5,2026 E-5 release,2021,2026-10-07,Housing units (count),"January 1 annual estimate from the official 2026 E-5 workbook. Historical sheets in that release may contain revised estimates. This is housing stock, not annual production."
Vista,vista,2021,Jurisdiction,12504.0,multifamily_total,California Department of Finance E-5,2026 E-5 release,2021,2026-10-07,Housing units (count),"January 1 annual estimate from the official 2026 E-5 workbook. Historical sheets in that release may contain revised estimates. This is housing stock, not annual production."
Unincorporated San Diego County,unincorporated san diego county,2021,Jurisdiction,30291.0,multifamily_total,California Department of Finance E-5,2026 E-5 release,2021,2026-10-07,Housing units (count),"January 1 annual estimate from the official 2026 E-5 workbook. Historical sheets in that release may contain revised estimates. This is housing stock, not annual production."
San Diego County (Countywide),san diego county countywide,2021,Countywide,454772.0,multifamily_total,California Department of Finance E-5,2026 E-5 release,2021,2026-10-07,Housing units (count),"January 1 annual estimate from the official 2026 E-5 workbook. Historical sheets in that release may contain revised estimates. This is housing stock, not annual production."
Carlsbad,carlsbad,2022,Jurisdiction,13647.0,multifamily_total,California Department of Finance E-5,2026 E-5 release,2022,2026-10-07,Housing units (count),"January 1 annual estimate from the official 2026 E-5 workbook. Historical sheets in that release may contain revised estimates. This is housing stock, not annual production."
Chula Vista,chula vista,2022,Jurisdiction,28804.0,multifamily_total,California Department of Finance E-5,2026 E-5 release,2022,2026-10-07,Housing units (count),"January 1 annual estimate from the official 2026 E-5 workbook. Historical sheets in that release may contain revised estimates. This is housing stock, not annual production."
Coronado,coronado,2022,Jurisdiction,4152.0,multifamily_total,California Department of Finance E-5,2026 E-5 release,2022,2026-10-07,Housing units (count),"January 1 annual estimate from the official 2026 E-5 workbook. Historical sheets in that release may contain revised estimates. This is housing stock, not annual production."
Del Mar,del mar,2022,Jurisdiction,738.0,multifamily_total,California Department of Finance E-5,2026 E-5 release,2022,2026-10-07,Housing units (count),"January 1 annual estimate from the official 2026 E-5 workbook. Historical sheets in that release may contain revised estimates. This is housing stock, not annual production."
El Cajon,el cajon,2022,Jurisdiction,17819.0,multifamily_total,California Department of Finance E-5,2026 E-5 release,2022,2026-10-07,Housing units (count),"January 1 annual estimate from the official 2026 E-5 workbook. Historical sheets in that release may contain revised estimates. This is housing stock, not annual production."
Encinitas,encinitas,2022,Jurisdiction,5391.0,multifamily_total,California Department of Finance E-5,2026 E-5 release,2022,2026-10-07,Housing units (count),"January 1 annual estimate from the official 2026 E-5 workbook. Historical sheets in that release may contain revised estimates. This is housing stock, not annual production."
Escondido,escondido,2022,Jurisdiction,17860.0,multifamily_total,California Department of Finance E-5,2026 E-5 release,2022,2026-10-07,Housing units (count),"January 1 annual estimate from the official 2026 E-5 workbook. Historical sheets in that release may contain revised estimates. This is housing stock, not annual production."
Imperial Beach,imperial beach,2022,Jurisdiction,5011.0,multifamily_total,California Department of Finance E-5,2026 E-5 release,2022,2026-10-07,Housing units (count),"January 1 annual estimate from the official 2026 E-5 workbook. Historical sheets in that release may contain revised estimates. This is housing stock, not annual production."
La Mesa,la mesa,2022,Jurisdiction,12275.0,multifamily_total,California Department of Finance E-5,2026 E-5 release,2022,2026-10-07,Housing units (count),"January 1 annual estimate from the official 2026 E-5 workbook. Historical sheets in that release may contain revised estimates. This is housing stock, not annual production."
Lemon Grove,lemon grove,2022,Jurisdiction,2291.0,multifamily_total,California Department of Finance E-5,2026 E-5 release,2022,2026-10-07,Housing units (count),"January 1 annual estimate from the official 2026 E-5 workbook. Historical sheets in that release may contain revised estimates. This is housing stock, not annual production."
National City,national city,2022,Jurisdiction,8041.0,multifamily_total,California Department of Finance E-5,2026 E-5 release,2022,2026-10-07,Housing units (count),"January 1 annual estimate from the official 2026 E-5 workbook. Historical sheets in that release may contain revised estimates. This is housing stock, not annual production."
Oceanside,oceanside,2022,Jurisdiction,21201.0,multifamily_total,California Department of Finance E-5,2026 E-5 release,2022,2026-10-07,Housing units (count),"January 1 annual estimate from the official 2026 E-5 workbook. Historical sheets in that release may contain revised estimates. This is housing stock, not annual production."
Poway,poway,2022,Jurisdiction,2796.0,multifamily_total,California Department of Finance E-5,2026 E-5 release,2022,2026-10-07,Housing units (count),"January 1 annual estimate from the official 2026 E-5 workbook. Historical sheets in that release may contain revised estimates. This is housing stock, not annual production."
San Diego,san diego,2022,Jurisdiction,261337.0,multifamily_total,California Department of Finance E-5,2026 E-5 release,2022,2026-10-07,Housing units (count),"January 1 annual estimate from the official 2026 E-5 workbook. Historical sheets in that release may contain revised estimates. This is housing stock, not annual production."
San Marcos,san marcos,2022,Jurisdiction,9958.0,multifamily_total,California Department of Finance E-5,2026 E-5 release,2022,2026-10-07,Housing units (count),"January 1 annual estimate from the official 2026 E-5 workbook. Historical sheets in that release may contain revised estimates. This is housing stock, not annual production."
Santee,santee,2022,Jurisdiction,5318.0,multifamily_total,California Department of Finance E-5,2026 E-5 release,2022,2026-10-07,Housing units (count),"January 1 annual estimate from the official 2026 E-5 workbook. Historical sheets in that release may contain revised estimates. This is housing stock, not annual production."
Solana Beach,solana beach,2022,Jurisdiction,2124.0,multifamily_total,California Department of Finance E-5,2026 E-5 release,2022,2026-10-07,Housing units (count),"January 1 annual estimate from the official 2026 E-5 workbook. Historical sheets in that release may contain revised estimates. This is housing stock, not annual production."
Vista,vista,2022,Jurisdiction,12851.0,multifamily_total,California Department of Finance E-5,2026 E-5 release,2022,2026-10-07,Housing units (count),"January 1 annual estimate from the official 2026 E-5 workbook. Historical sheets in that release may contain revised estimates. This is housing stock, not annual production."
Unincorporated San Diego County,unincorporated san diego county,2022,Jurisdiction,30373.0,multifamily_total,California Department of Finance E-5,2026 E-5 release,2022,2026-10-07,Housing units (count),"January 1 annual estimate from the official 2026 E-5 workbook. Historical sheets in that release may contain revised estimates. This is housing stock, not annual production."
San Diego County (Countywide),san diego county countywide,2022,Countywide,461987.0,multifamily_total,California Department of Finance E-5,2026 E-5 release,2022,2026-10-07,Housing units (count),"January 1 annual estimate from the official 2026 E-5 workbook. Historical sheets in that release may contain revised estimates. This is housing stock, not annual production."
Carlsbad,carlsbad,2023,Jurisdiction,13709.0,multifamily_total,California Department of Finance E-5,2026 E-5 release,2023,2026-10-07,Housing units (count),"January 1 annual estimate from the official 2026 E-5 workbook. Historical sheets in that release may contain revised estimates. This is housing stock, not annual production."
Chula Vista,chula vista,2023,Jurisdiction,29376.0,multifamily_total,California Department of Finance E-5,2026 E-5 release,2023,2026-10-07,Housing units (count),"January 1 annual estimate from the official 2026 E-5 workbook. Historical sheets in that release may contain revised estimates. This is housing stock, not annual production."
Coronado,coronado,2023,Jurisdiction,4152.0,multifamily_total,California Department of Finance E-5,2026 E-5 release,2023,2026-10-07,Housing units (count),"January 1 annual estimate from the official 2026 E-5 workbook. Historical sheets in that release may contain revised estimates. This is housing stock, not annual production."
Del Mar,del mar,2023,Jurisdiction,738.0,multifamily_total,California Department of Finance E-5,2026 E-5 release,2023,2026-10-07,Housing units (count),"January 1 annual estimate from the official 2026 E-5 workbook. Historical sheets in that release may contain revised estimates. This is housing stock, not annual production."
El Cajon,el cajon,2023,Jurisdiction,17819.0,multifamily_total,California Department of Finance E-5,2026 E-5 release,2023,2026-10-07,Housing units (count),"January 1 annual estimate from the official 2026 E-5 workbook. Historical sheets in that release may contain revised estimates. This is housing stock, not annual production."
Encinitas,encinitas,2023,Jurisdiction,5407.0,multifamily_total,California Department of Finance E-5,2026 E-5 release,2023,2026-10-07,Housing units (count),"January 1 annual estimate from the official 2026 E-5 workbook. Historical sheets in that release may contain revised estimates. This is housing stock, not annual production."
Escondido,escondido,2023,Jurisdiction,17854.0,multifamily_total,California Department of Finance E-5,2026 E-5 release,2023,2026-10-07,Housing units (count),"January 1 annual estimate from the official 2026 E-5 workbook. Historical sheets in that release may contain revised estimates. This is housing stock, not annual production."
Imperial Beach,imperial beach,2023,Jurisdiction,5021.0,multifamily_total,California Department of Finance E-5,2026 E-5 release,2023,2026-10-07,Housing units (count),"January 1 annual estimate from the official 2026 E-5 workbook. Historical sheets in that release may contain revised estimates. This is housing stock, not annual production."
La Mesa,la mesa,2023,Jurisdiction,12505.0,multifamily_total,California Department of Finance E-5,2026 E-5 release,2023,2026-10-07,Housing units (count),"January 1 annual estimate from the official 2026 E-5 workbook. Historical sheets in that release may contain revised estimates. This is housing stock, not annual production."
Lemon Grove,lemon grove,2023,Jurisdiction,2317.0,multifamily_total,California Department of Finance E-5,2026 E-5 release,2023,2026-10-07,Housing units (count),"January 1 annual estimate from the official 2026 E-5 workbook. Historical sheets in that release may contain revised estimates. This is housing stock, not annual production."
National City,national city,2023,Jurisdiction,8123.0,multifamily_total,California Department of Finance E-5,2026 E-5 release,2023,2026-10-07,Housing units (count),"January 1 annual estimate from the official 2026 E-5 workbook. Historical sheets in that release may contain revised estimates. This is housing stock, not annual production."
Oceanside,oceanside,2023,Jurisdiction,21276.0,multifamily_total,California Department of Finance E-5,2026 E-5 release,2023,2026-10-07,Housing units (count),"January 1 annual estimate from the official 2026 E-5 workbook. Historical sheets in that release may contain revised estimates. This is housing stock, not annual production."
Poway,poway,2023,Jurisdiction,2874.0,multifamily_total,California Department of Finance E-5,2026 E-5 release,2023,2026-10-07,Housing units (count),"January 1 annual estimate from the official 2026 E-5 workbook. Historical sheets in that release may contain revised estimates. This is housing stock, not annual production."
San Diego,san diego,2023,Jurisdiction,265905.0,multifamily_total,California Department of Finance E-5,2026 E-5 release,2023,2026-10-07,Housing units (count),"January 1 annual estimate from the official 2026 E-5 workbook. Historical sheets in that release may contain revised estimates. This is housing stock, not annual production."
San Marcos,san marcos,2023,Jurisdiction,10030.0,multifamily_total,California Department of Finance E-5,2026 E-5 release,2023,2026-10-07,Housing units (count),"January 1 annual estimate from the official 2026 E-5 workbook. Historical sheets in that release may contain revised estimates. This is housing stock, not annual production."
Santee,santee,2023,Jurisdiction,5595.0,multifamily_total,California Department of Finance E-5,2026 E-5 release,2023,2026-10-07,Housing units (count),"January 1 annual estimate from the official 2026 E-5 workbook. Historical sheets in that release may contain revised estimates. This is housing stock, not annual production."
Solana Beach,solana beach,2023,Jurisdiction,2149.0,multifamily_total,California Department of Finance E-5,2026 E-5 release,2023,2026-10-07,Housing units (count),"January 1 annual estimate from the official 2026 E-5 workbook. Historical sheets in that release may contain revised estimates. This is housing stock, not annual production."
Vista,vista,2023,Jurisdiction,13026.0,multifamily_total,California Department of Finance E-5,2026 E-5 release,2023,2026-10-07,Housing units (count),"January 1 annual estimate from the official 2026 E-5 workbook. Historical sheets in that release may contain revised estimates. This is housing stock, not annual production."
Unincorporated San Diego County,unincorporated san diego county,2023,Jurisdiction,30534.0,multifamily_total,California Department of Finance E-5,2026 E-5 release,2023,2026-10-07,Housing units (count),"January 1 annual estimate from the official 2026 E-5 workbook. Historical sheets in that release may contain revised estimates. This is housing stock, not annual production."
San Diego County (Countywide),san diego county countywide,2023,Countywide,468410.0,multifamily_total,California Department of Finance E-5,2026 E-5 release,2023,2026-10-07,Housing units (count),"January 1 annual estimate from the official 2026 E-5 workbook. Historical sheets in that release may contain revised estimates. This is housing stock, not annual production."
Carlsbad,carlsbad,2024,Jurisdiction,13709.0,multifamily_total,California Department of Finance E-5,2026 E-5 release,2024,2026-10-07,Housing units (count),"January 1 annual estimate from the official 2026 E-5 workbook. Historical sheets in that release may contain revised estimates. This is housing stock, not annual production."
Chula Vista,chula vista,2024,Jurisdiction,30201.0,multifamily_total,California Department of Finance E-5,2026 E-5 release,2024,2026-10-07,Housing units (count),"January 1 annual estimate from the official 2026 E-5 workbook. Historical sheets in that release may contain revised estimates. This is housing stock, not annual production."
Coronado,coronado,2024,Jurisdiction,4158.0,multifamily_total,California Department of Finance E-5,2026 E-5 release,2024,2026-10-07,Housing units (count),"January 1 annual estimate from the official 2026 E-5 workbook. Historical sheets in that release may contain revised estimates. This is housing stock, not annual production."
Del Mar,del mar,2024,Jurisdiction,738.0,multifamily_total,California Department of Finance E-5,2026 E-5 release,2024,2026-10-07,Housing units (count),"January 1 annual estimate from the official 2026 E-5 workbook. Historical sheets in that release may contain revised estimates. This is housing stock, not annual production."
El Cajon,el cajon,2024,Jurisdiction,17829.0,multifamily_total,California Department of Finance E-5,2026 E-5 release,2024,2026-10-07,Housing units (count),"January 1 annual estimate from the official 2026 E-5 workbook. Historical sheets in that release may contain revised estimates. This is housing stock, not annual production."
Encinitas,encinitas,2024,Jurisdiction,5406.0,multifamily_total,California Department of Finance E-5,2026 E-5 release,2024,2026-10-07,Housing units (count),"January 1 annual estimate from the official 2026 E-5 workbook. Historical sheets in that release may contain revised estimates. This is housing stock, not annual production."
Escondido,escondido,2024,Jurisdiction,17918.0,multifamily_total,California Department of Finance E-5,2026 E-5 release,2024,2026-10-07,Housing units (count),"January 1 annual estimate from the official 2026 E-5 workbook. Historical sheets in that release may contain revised estimates. This is housing stock, not annual production."
Imperial Beach,imperial beach,2024,Jurisdiction,5021.0,multifamily_total,California Department of Finance E-5,2026 E-5 release,2024,2026-10-07,Housing units (count),"January 1 annual estimate from the official 2026 E-5 workbook. Historical sheets in that release may contain revised estimates. This is housing stock, not annual production."
La Mesa,la mesa,2024,Jurisdiction,12599.0,multifamily_total,California Department of Finance E-5,2026 E-5 release,2024,2026-10-07,Housing units (count),"January 1 annual estimate from the official 2026 E-5 workbook. Historical sheets in that release may contain revised estimates. This is housing stock, not annual production."
Lemon Grove,lemon grove,2024,Jurisdiction,2317.0,multifamily_total,California Department of Finance E-5,2026 E-5 release,2024,2026-10-07,Housing units (count),"January 1 annual estimate from the official 2026 E-5 workbook. Historical sheets in that release may contain revised estimates. This is housing stock, not annual production."
National City,national city,2024,Jurisdiction,8289.0,multifamily_total,California Department of Finance E-5,2026 E-5 release,2024,2026-10-07,Housing units (count),"January 1 annual estimate from the official 2026 E-5 workbook. Historical sheets in that release may contain revised estimates. This is housing stock, not annual production."
Oceanside,oceanside,2024,Jurisdiction,21390.0,multifamily_total,California Department of Finance E-5,2026 E-5 release,2024,2026-10-07,Housing units (count),"January 1 annual estimate from the official 2026 E-5 workbook. Historical sheets in that release may contain revised estimates. This is housing stock, not annual production."
Poway,poway,2024,Jurisdiction,3086.0,multifamily_total,California Department of Finance E-5,2026 E-5 release,2024,2026-10-07,Housing units (count),"January 1 annual estimate from the official 2026 E-5 workbook. Historical sheets in that release may contain revised estimates. This is housing stock, not annual production."
San Diego,san diego,2024,Jurisdiction,270160.0,multifamily_total,California Department of Finance E-5,2026 E-5 release,2024,2026-10-07,Housing units (count),"January 1 annual estimate from the official 2026 E-5 workbook. Historical sheets in that release may contain revised estimates. This is housing stock, not annual production."
San Marcos,san marcos,2024,Jurisdiction,10215.0,multifamily_total,California Department of Finance E-5,2026 E-5 release,2024,2026-10-07,Housing units (count),"January 1 annual estimate from the official 2026 E-5 workbook. Historical sheets in that release may contain revised estimates. This is housing stock, not annual production."
Santee,santee,2024,Jurisdiction,5595.0,multifamily_total,California Department of Finance E-5,2026 E-5 release,2024,2026-10-07,Housing units (count),"January 1 annual estimate from the official 2026 E-5 workbook. Historical sheets in that release may contain revised estimates. This is housing stock, not annual production."
Solana Beach,solana beach,2024,Jurisdiction,2211.0,multifamily_total,California Department of Finance E-5,2026 E-5 release,2024,2026-10-07,Housing units (count),"January 1 annual estimate from the official 2026 E-5 workbook. Historical sheets in that release may contain revised estimates. This is housing stock, not annual production."
Vista,vista,2024,Jurisdiction,13045.0,multifamily_total,California Department of Finance E-5,2026 E-5 release,2024,2026-10-07,Housing units (count),"January 1 annual estimate from the official 2026 E-5 workbook. Historical sheets in that release may contain revised estimates. This is housing stock, not annual production."
Unincorporated San Diego County,unincorporated san diego county,2024,Jurisdiction,30828.0,multifamily_total,California Department of Finance E-5,2026 E-5 release,2024,2026-10-07,Housing units (count),"January 1 annual estimate from the official 2026 E-5 workbook. Historical sheets in that release may contain revised estimates. This is housing stock, not annual production."
San Diego County (Countywide),san diego county countywide,2024,Countywide,474715.0,multifamily_total,California Department of Finance E-5,2026 E-5 release,2024,2026-10-07,Housing units (count),"January 1 annual estimate from the official 2026 E-5 workbook. Historical sheets in that release may contain revised estimates. This is housing stock, not annual production."
Carlsbad,carlsbad,2025,Jurisdiction,13817.0,multifamily_total,California Department of Finance E-5,2026 E-5 release,2025,2026-10-07,Housing units (count),"January 1 annual estimate from the official 2026 E-5 workbook. Historical sheets in that release may contain revised estimates. This is housing stock, not annual production."
Chula Vista,chula vista,2025,Jurisdiction,30800.0,multifamily_total,California Department of Finance E-5,2026 E-5 release,2025,2026-10-07,Housing units (count),"January 1 annual estimate from the official 2026 E-5 workbook. Historical sheets in that release may contain revised estimates. This is housing stock, not annual production."
Coronado,coronado,2025,Jurisdiction,4180.0,multifamily_total,California Department of Finance E-5,2026 E-5 release,2025,2026-10-07,Housing units (count),"January 1 annual estimate from the official 2026 E-5 workbook. Historical sheets in that release may contain revised estimates. This is housing stock, not annual production."
Del Mar,del mar,2025,Jurisdiction,738.0,multifamily_total,California Department of Finance E-5,2026 E-5 release,2025,2026-10-07,Housing units (count),"January 1 annual estimate from the official 2026 E-5 workbook. Historical sheets in that release may contain revised estimates. This is housing stock, not annual production."
El Cajon,el cajon,2025,Jurisdiction,17852.0,multifamily_total,California Department of Finance E-5,2026 E-5 release,2025,2026-10-07,Housing units (count),"January 1 annual estimate from the official 2026 E-5 workbook. Historical sheets in that release may contain revised estimates. This is housing stock, not annual production."
Encinitas,encinitas,2025,Jurisdiction,5522.0,multifamily_total,California Department of Finance E-5,2026 E-5 release,2025,2026-10-07,Housing units (count),"January 1 annual estimate from the official 2026 E-5 workbook. Historical sheets in that release may contain revised estimates. This is housing stock, not annual production."
Escondido,escondido,2025,Jurisdiction,17918.0,multifamily_total,California Department of Finance E-5,2026 E-5 release,2025,2026-10-07,Housing units (count),"January 1 annual estimate from the official 2026 E-5 workbook. Historical sheets in that release may contain revised estimates. This is housing stock, not annual production."
Imperial Beach,imperial beach,2025,Jurisdiction,5033.0,multifamily_total,California Department of Finance E-5,2026 E-5 release,2025,2026-10-07,Housing units (count),"January 1 annual estimate from the official 2026 E-5 workbook. Historical sheets in that release may contain revised estimates. This is housing stock, not annual production."
La Mesa,la mesa,2025,Jurisdiction,12615.0,multifamily_total,California Department of Finance E-5,2026 E-5 release,2025,2026-10-07,Housing units (count),"January 1 annual estimate from the official 2026 E-5 workbook. Historical sheets in that release may contain revised estimates. This is housing stock, not annual production."
Lemon Grove,lemon grove,2025,Jurisdiction,2424.0,multifamily_total,California Department of Finance E-5,2026 E-5 release,2025,2026-10-07,Housing units (count),"January 1 annual estimate from the official 2026 E-5 workbook. Historical sheets in that release may contain revised estimates. This is housing stock, not annual production."
National City,national city,2025,Jurisdiction,8393.0,multifamily_total,California Department of Finance E-5,2026 E-5 release,2025,2026-10-07,Housing units (count),"January 1 annual estimate from the official 2026 E-5 workbook. Historical sheets in that release may contain revised estimates. This is housing stock, not annual production."
Oceanside,oceanside,2025,Jurisdiction,21997.0,multifamily_total,California Department of Finance E-5,2026 E-5 release,2025,2026-10-07,Housing units (count),"January 1 annual estimate from the official 2026 E-5 workbook. Historical sheets in that release may contain revised estimates. This is housing stock, not annual production."
Poway,poway,2025,Jurisdiction,3298.0,multifamily_total,California Department of Finance E-5,2026 E-5 release,2025,2026-10-07,Housing units (count),"January 1 annual estimate from the official 2026 E-5 workbook. Historical sheets in that release may contain revised estimates. This is housing stock, not annual production."
San Diego,san diego,2025,Jurisdiction,277185.0,multifamily_total,California Department of Finance E-5,2026 E-5 release,2025,2026-10-07,Housing units (count),"January 1 annual estimate from the official 2026 E-5 workbook. Historical sheets in that release may contain revised estimates. This is housing stock, not annual production."
San Marcos,san marcos,2025,Jurisdiction,10311.0,multifamily_total,California Department of Finance E-5,2026 E-5 release,2025,2026-10-07,Housing units (count),"January 1 annual estimate from the official 2026 E-5 workbook. Historical sheets in that release may contain revised estimates. This is housing stock, not annual production."
Santee,santee,2025,Jurisdiction,5627.0,multifamily_total,California Department of Finance E-5,2026 E-5 release,2025,2026-10-07,Housing units (count),"January 1 annual estimate from the official 2026 E-5 workbook. Historical sheets in that release may contain revised estimates. This is housing stock, not annual production."
Solana Beach,solana beach,2025,Jurisdiction,2211.0,multifamily_total,California Department of Finance E-5,2026 E-5 release,2025,2026-10-07,Housing units (count),"January 1 annual estimate from the official 2026 E-5 workbook. Historical sheets in that release may contain revised estimates. This is housing stock, not annual production."
Vista,vista,2025,Jurisdiction,13104.0,multifamily_total,California Department of Finance E-5,2026 E-5 release,2025,2026-10-07,Housing units (count),"January 1 annual estimate from the official 2026 E-5 workbook. Historical sheets in that release may contain revised estimates. This is housing stock, not annual production."
Unincorporated San Diego County,unincorporated san diego county,2025,Jurisdiction,30859.0,multifamily_total,California Department of Finance E-5,2026 E-5 release,2025,2026-10-07,Housing units (count),"January 1 annual estimate from the official 2026 E-5 workbook. Historical sheets in that release may contain revised estimates. This is housing stock, not annual production."
San Diego County (Countywide),san diego county countywide,2025,Countywide,483884.0,multifamily_total,California Department of Finance E-5,2026 E-5 release,2025,2026-10-07,Housing units (count),"January 1 annual estimate from the official 2026 E-5 workbook. Historical sheets in that release may contain revised estimates. This is housing stock, not annual production."
Carlsbad,carlsbad,2020,Jurisdiction,1210.0,mobile_homes,California Department of Finance E-5,2026 E-5 release,2020,2026-10-07,Housing units (count),"January 1 annual estimate from the official 2026 E-5 workbook. Historical sheets in that release may contain revised estimates. This is housing stock, not annual production."
Chula Vista,chula vista,2020,Jurisdiction,3881.0,mobile_homes,California Department of Finance E-5,2026 E-5 release,2020,2026-10-07,Housing units (count),"January 1 annual estimate from the official 2026 E-5 workbook. Historical sheets in that release may contain revised estimates. This is housing stock, not annual production."
Coronado,coronado,2020,Jurisdiction,3.0,mobile_homes,California Department of Finance E-5,2026 E-5 release,2020,2026-10-07,Housing units (count),"January 1 annual estimate from the official 2026 E-5 workbook. Historical sheets in that release may contain revised estimates. This is housing stock, not annual production."
Del Mar,del mar,2020,Jurisdiction,0.0,mobile_homes,California Department of Finance E-5,2026 E-5 release,2020,2026-10-07,Housing units (count),"January 1 annual estimate from the official 2026 E-5 workbook. Historical sheets in that release may contain revised estimates. This is housing stock, not annual production."
El Cajon,el cajon,2020,Jurisdiction,1879.0,mobile_homes,California Department of Finance E-5,2026 E-5 release,2020,2026-10-07,Housing units (count),"January 1 annual estimate from the official 2026 E-5 workbook. Historical sheets in that release may contain revised estimates. This is housing stock, not annual production."
Encinitas,encinitas,2020,Jurisdiction,638.0,mobile_homes,California Department of Finance E-5,2026 E-5 release,2020,2026-10-07,Housing units (count),"January 1 annual estimate from the official 2026 E-5 workbook. Historical sheets in that release may contain revised estimates. This is housing stock, not annual production."
Escondido,escondido,2020,Jurisdiction,3688.0,mobile_homes,California Department of Finance E-5,2026 E-5 release,2020,2026-10-07,Housing units (count),"January 1 annual estimate from the official 2026 E-5 workbook. Historical sheets in that release may contain revised estimates. This is housing stock, not annual production."
Imperial Beach,imperial beach,2020,Jurisdiction,302.0,mobile_homes,California Department of Finance E-5,2026 E-5 release,2020,2026-10-07,Housing units (count),"January 1 annual estimate from the official 2026 E-5 workbook. Historical sheets in that release may contain revised estimates. This is housing stock, not annual production."
La Mesa,la mesa,2020,Jurisdiction,168.0,mobile_homes,California Department of Finance E-5,2026 E-5 release,2020,2026-10-07,Housing units (count),"January 1 annual estimate from the official 2026 E-5 workbook. Historical sheets in that release may contain revised estimates. This is housing stock, not annual production."
Lemon Grove,lemon grove,2020,Jurisdiction,78.0,mobile_homes,California Department of Finance E-5,2026 E-5 release,2020,2026-10-07,Housing units (count),"January 1 annual estimate from the official 2026 E-5 workbook. Historical sheets in that release may contain revised estimates. This is housing stock, not annual production."
National City,national city,2020,Jurisdiction,428.0,mobile_homes,California Department of Finance E-5,2026 E-5 release,2020,2026-10-07,Housing units (count),"January 1 annual estimate from the official 2026 E-5 workbook. Historical sheets in that release may contain revised estimates. This is housing stock, not annual production."
Oceanside,oceanside,2020,Jurisdiction,3182.0,mobile_homes,California Department of Finance E-5,2026 E-5 release,2020,2026-10-07,Housing units (count),"January 1 annual estimate from the official 2026 E-5 workbook. Historical sheets in that release may contain revised estimates. This is housing stock, not annual production."
Poway,poway,2020,Jurisdiction,780.0,mobile_homes,California Department of Finance E-5,2026 E-5 release,2020,2026-10-07,Housing units (count),"January 1 annual estimate from the official 2026 E-5 workbook. Historical sheets in that release may contain revised estimates. This is housing stock, not annual production."
San Diego,san diego,2020,Jurisdiction,6411.0,mobile_homes,California Department of Finance E-5,2026 E-5 release,2020,2026-10-07,Housing units (count),"January 1 annual estimate from the official 2026 E-5 workbook. Historical sheets in that release may contain revised estimates. This is housing stock, not annual production."
San Marcos,san marcos,2020,Jurisdiction,3104.0,mobile_homes,California Department of Finance E-5,2026 E-5 release,2020,2026-10-07,Housing units (count),"January 1 annual estimate from the official 2026 E-5 workbook. Historical sheets in that release may contain revised estimates. This is housing stock, not annual production."
Santee,santee,2020,Jurisdiction,2296.0,mobile_homes,California Department of Finance E-5,2026 E-5 release,2020,2026-10-07,Housing units (count),"January 1 annual estimate from the official 2026 E-5 workbook. Historical sheets in that release may contain revised estimates. This is housing stock, not annual production."
Solana Beach,solana beach,2020,Jurisdiction,12.0,mobile_homes,California Department of Finance E-5,2026 E-5 release,2020,2026-10-07,Housing units (count),"January 1 annual estimate from the official 2026 E-5 workbook. Historical sheets in that release may contain revised estimates. This is housing stock, not annual production."
Vista,vista,2020,Jurisdiction,1804.0,mobile_homes,California Department of Finance E-5,2026 E-5 release,2020,2026-10-07,Housing units (count),"January 1 annual estimate from the official 2026 E-5 workbook. Historical sheets in that release may contain revised estimates. This is housing stock, not annual production."
Unincorporated San Diego County,unincorporated san diego county,2020,Jurisdiction,14482.0,mobile_homes,California Department of Finance E-5,2026 E-5 release,2020,2026-10-07,Housing units (count),"January 1 annual estimate from the official 2026 E-5 workbook. Historical sheets in that release may contain revised estimates. This is housing stock, not annual production."
San Diego County (Countywide),san diego county countywide,2020,Countywide,44346.0,mobile_homes,California Department of Finance E-5,2026 E-5 release,2020,2026-10-07,Housing units (count),"January 1 annual estimate from the official 2026 E-5 workbook. Historical sheets in that release may contain revised estimates. This is housing stock, not annual production."
Carlsbad,carlsbad,2021,Jurisdiction,1210.0,mobile_homes,California Department of Finance E-5,2026 E-5 release,2021,2026-10-07,Housing units (count),"January 1 annual estimate from the official 2026 E-5 workbook. Historical sheets in that release may contain revised estimates. This is housing stock, not annual production."
Chula Vista,chula vista,2021,Jurisdiction,3881.0,mobile_homes,California Department of Finance E-5,2026 E-5 release,2021,2026-10-07,Housing units (count),"January 1 annual estimate from the official 2026 E-5 workbook. Historical sheets in that release may contain revised estimates. This is housing stock, not annual production."
Coronado,coronado,2021,Jurisdiction,3.0,mobile_homes,California Department of Finance E-5,2026 E-5 release,2021,2026-10-07,Housing units (count),"January 1 annual estimate from the official 2026 E-5 workbook. Historical sheets in that release may contain revised estimates. This is housing stock, not annual production."
Del Mar,del mar,2021,Jurisdiction,0.0,mobile_homes,California Department of Finance E-5,2026 E-5 release,2021,2026-10-07,Housing units (count),"January 1 annual estimate from the official 2026 E-5 workbook. Historical sheets in that release may contain revised estimates. This is housing stock, not annual production."
El Cajon,el cajon,2021,Jurisdiction,1882.0,mobile_homes,California Department of Finance E-5,2026 E-5 release,2021,2026-10-07,Housing units (count),"January 1 annual estimate from the official 2026 E-5 workbook. Historical sheets in that release may contain revised estimates. This is housing stock, not annual production."
Encinitas,encinitas,2021,Jurisdiction,638.0,mobile_homes,California Department of Finance E-5,2026 E-5 release,2021,2026-10-07,Housing units (count),"January 1 annual estimate from the official 2026 E-5 workbook. Historical sheets in that release may contain revised estimates. This is housing stock, not annual production."
Escondido,escondido,2021,Jurisdiction,3694.0,mobile_homes,California Department of Finance E-5,2026 E-5 release,2021,2026-10-07,Housing units (count),"January 1 annual estimate from the official 2026 E-5 workbook. Historical sheets in that release may contain revised estimates. This is housing stock, not annual production."
Imperial Beach,imperial beach,2021,Jurisdiction,302.0,mobile_homes,California Department of Finance E-5,2026 E-5 release,2021,2026-10-07,Housing units (count),"January 1 annual estimate from the official 2026 E-5 workbook. Historical sheets in that release may contain revised estimates. This is housing stock, not annual production."
La Mesa,la mesa,2021,Jurisdiction,168.0,mobile_homes,California Department of Finance E-5,2026 E-5 release,2021,2026-10-07,Housing units (count),"January 1 annual estimate from the official 2026 E-5 workbook. Historical sheets in that release may contain revised estimates. This is housing stock, not annual production."
Lemon Grove,lemon grove,2021,Jurisdiction,78.0,mobile_homes,California Department of Finance E-5,2026 E-5 release,2021,2026-10-07,Housing units (count),"January 1 annual estimate from the official 2026 E-5 workbook. Historical sheets in that release may contain revised estimates. This is housing stock, not annual production."
National City,national city,2021,Jurisdiction,428.0,mobile_homes,California Department of Finance E-5,2026 E-5 release,2021,2026-10-07,Housing units (count),"January 1 annual estimate from the official 2026 E-5 workbook. Historical sheets in that release may contain revised estimates. This is housing stock, not annual production."
Oceanside,oceanside,2021,Jurisdiction,3187.0,mobile_homes,California Department of Finance E-5,2026 E-5 release,2021,2026-10-07,Housing units (count),"January 1 annual estimate from the official 2026 E-5 workbook. Historical sheets in that release may contain revised estimates. This is housing stock, not annual production."
Poway,poway,2021,Jurisdiction,780.0,mobile_homes,California Department of Finance E-5,2026 E-5 release,2021,2026-10-07,Housing units (count),"January 1 annual estimate from the official 2026 E-5 workbook. Historical sheets in that release may contain revised estimates. This is housing stock, not annual production."
San Diego,san diego,2021,Jurisdiction,6411.0,mobile_homes,California Department of Finance E-5,2026 E-5 release,2021,2026-10-07,Housing units (count),"January 1 annual estimate from the official 2026 E-5 workbook. Historical sheets in that release may contain revised estimates. This is housing stock, not annual production."
San Marcos,san marcos,2021,Jurisdiction,3104.0,mobile_homes,California Department of Finance E-5,2026 E-5 release,2021,2026-10-07,Housing units (count),"January 1 annual estimate from the official 2026 E-5 workbook. Historical sheets in that release may contain revised estimates. This is housing stock, not annual production."
Santee,santee,2021,Jurisdiction,2296.0,mobile_homes,California Department of Finance E-5,2026 E-5 release,2021,2026-10-07,Housing units (count),"January 1 annual estimate from the official 2026 E-5 workbook. Historical sheets in that release may contain revised estimates. This is housing stock, not annual production."
Solana Beach,solana beach,2021,Jurisdiction,12.0,mobile_homes,California Department of Finance E-5,2026 E-5 release,2021,2026-10-07,Housing units (count),"January 1 annual estimate from the official 2026 E-5 workbook. Historical sheets in that release may contain revised estimates. This is housing stock, not annual production."
Vista,vista,2021,Jurisdiction,1807.0,mobile_homes,California Department of Finance E-5,2026 E-5 release,2021,2026-10-07,Housing units (count),"January 1 annual estimate from the official 2026 E-5 workbook. Historical sheets in that release may contain revised estimates. This is housing stock, not annual production."
Unincorporated San Diego County,unincorporated san diego county,2021,Jurisdiction,14512.0,mobile_homes,California Department of Finance E-5,2026 E-5 release,2021,2026-10-07,Housing units (count),"January 1 annual estimate from the official 2026 E-5 workbook. Historical sheets in that release may contain revised estimates. This is housing stock, not annual production."
San Diego County (Countywide),san diego county countywide,2021,Countywide,44393.0,mobile_homes,California Department of Finance E-5,2026 E-5 release,2021,2026-10-07,Housing units (count),"January 1 annual estimate from the official 2026 E-5 workbook. Historical sheets in that release may contain revised estimates. This is housing stock, not annual production."
Carlsbad,carlsbad,2022,Jurisdiction,1210.0,mobile_homes,California Department of Finance E-5,2026 E-5 release,2022,2026-10-07,Housing units (count),"January 1 annual estimate from the official 2026 E-5 workbook. Historical sheets in that release may contain revised estimates. This is housing stock, not annual production."
Chula Vista,chula vista,2022,Jurisdiction,3895.0,mobile_homes,California Department of Finance E-5,2026 E-5 release,2022,2026-10-07,Housing units (count),"January 1 annual estimate from the official 2026 E-5 workbook. Historical sheets in that release may contain revised estimates. This is housing stock, not annual production."
Coronado,coronado,2022,Jurisdiction,3.0,mobile_homes,California Department of Finance E-5,2026 E-5 release,2022,2026-10-07,Housing units (count),"January 1 annual estimate from the official 2026 E-5 workbook. Historical sheets in that release may contain revised estimates. This is housing stock, not annual production."
Del Mar,del mar,2022,Jurisdiction,0.0,mobile_homes,California Department of Finance E-5,2026 E-5 release,2022,2026-10-07,Housing units (count),"January 1 annual estimate from the official 2026 E-5 workbook. Historical sheets in that release may contain revised estimates. This is housing stock, not annual production."
El Cajon,el cajon,2022,Jurisdiction,1883.0,mobile_homes,California Department of Finance E-5,2026 E-5 release,2022,2026-10-07,Housing units (count),"January 1 annual estimate from the official 2026 E-5 workbook. Historical sheets in that release may contain revised estimates. This is housing stock, not annual production."
Encinitas,encinitas,2022,Jurisdiction,638.0,mobile_homes,California Department of Finance E-5,2026 E-5 release,2022,2026-10-07,Housing units (count),"January 1 annual estimate from the official 2026 E-5 workbook. Historical sheets in that release may contain revised estimates. This is housing stock, not annual production."
Escondido,escondido,2022,Jurisdiction,3704.0,mobile_homes,California Department of Finance E-5,2026 E-5 release,2022,2026-10-07,Housing units (count),"January 1 annual estimate from the official 2026 E-5 workbook. Historical sheets in that release may contain revised estimates. This is housing stock, not annual production."
Imperial Beach,imperial beach,2022,Jurisdiction,302.0,mobile_homes,California Department of Finance E-5,2026 E-5 release,2022,2026-10-07,Housing units (count),"January 1 annual estimate from the official 2026 E-5 workbook. Historical sheets in that release may contain revised estimates. This is housing stock, not annual production."
La Mesa,la mesa,2022,Jurisdiction,168.0,mobile_homes,California Department of Finance E-5,2026 E-5 release,2022,2026-10-07,Housing units (count),"January 1 annual estimate from the official 2026 E-5 workbook. Historical sheets in that release may contain revised estimates. This is housing stock, not annual production."
Lemon Grove,lemon grove,2022,Jurisdiction,78.0,mobile_homes,California Department of Finance E-5,2026 E-5 release,2022,2026-10-07,Housing units (count),"January 1 annual estimate from the official 2026 E-5 workbook. Historical sheets in that release may contain revised estimates. This is housing stock, not annual production."
National City,national city,2022,Jurisdiction,428.0,mobile_homes,California Department of Finance E-5,2026 E-5 release,2022,2026-10-07,Housing units (count),"January 1 annual estimate from the official 2026 E-5 workbook. Historical sheets in that release may contain revised estimates. This is housing stock, not annual production."
Oceanside,oceanside,2022,Jurisdiction,3187.0,mobile_homes,California Department of Finance E-5,2026 E-5 release,2022,2026-10-07,Housing units (count),"January 1 annual estimate from the official 2026 E-5 workbook. Historical sheets in that release may contain revised estimates. This is housing stock, not annual production."
Poway,poway,2022,Jurisdiction,780.0,mobile_homes,California Department of Finance E-5,2026 E-5 release,2022,2026-10-07,Housing units (count),"January 1 annual estimate from the official 2026 E-5 workbook. Historical sheets in that release may contain revised estimates. This is housing stock, not annual production."
San Diego,san diego,2022,Jurisdiction,6411.0,mobile_homes,California Department of Finance E-5,2026 E-5 release,2022,2026-10-07,Housing units (count),"January 1 annual estimate from the official 2026 E-5 workbook. Historical sheets in that release may contain revised estimates. This is housing stock, not annual production."
San Marcos,san marcos,2022,Jurisdiction,3104.0,mobile_homes,California Department of Finance E-5,2026 E-5 release,2022,2026-10-07,Housing units (count),"January 1 annual estimate from the official 2026 E-5 workbook. Historical sheets in that release may contain revised estimates. This is housing stock, not annual production."
Santee,santee,2022,Jurisdiction,2296.0,mobile_homes,California Department of Finance E-5,2026 E-5 release,2022,2026-10-07,Housing units (count),"January 1 annual estimate from the official 2026 E-5 workbook. Historical sheets in that release may contain revised estimates. This is housing stock, not annual production."
Solana Beach,solana beach,2022,Jurisdiction,12.0,mobile_homes,California Department of Finance E-5,2026 E-5 release,2022,2026-10-07,Housing units (count),"January 1 annual estimate from the official 2026 E-5 workbook. Historical sheets in that release may contain revised estimates. This is housing stock, not annual production."
Vista,vista,2022,Jurisdiction,1808.0,mobile_homes,California Department of Finance E-5,2026 E-5 release,2022,2026-10-07,Housing units (count),"January 1 annual estimate from the official 2026 E-5 workbook. Historical sheets in that release may contain revised estimates. This is housing stock, not annual production."
Unincorporated San Diego County,unincorporated san diego county,2022,Jurisdiction,14601.0,mobile_homes,California Department of Finance E-5,2026 E-5 release,2022,2026-10-07,Housing units (count),"January 1 annual estimate from the official 2026 E-5 workbook. Historical sheets in that release may contain revised estimates. This is housing stock, not annual production."
San Diego County (Countywide),san diego county countywide,2022,Countywide,44508.0,mobile_homes,California Department of Finance E-5,2026 E-5 release,2022,2026-10-07,Housing units (count),"January 1 annual estimate from the official 2026 E-5 workbook. Historical sheets in that release may contain revised estimates. This is housing stock, not annual production."
Carlsbad,carlsbad,2023,Jurisdiction,1210.0,mobile_homes,California Department of Finance E-5,2026 E-5 release,2023,2026-10-07,Housing units (count),"January 1 annual estimate from the official 2026 E-5 workbook. Historical sheets in that release may contain revised estimates. This is housing stock, not annual production."
Chula Vista,chula vista,2023,Jurisdiction,3890.0,mobile_homes,California Department of Finance E-5,2026 E-5 release,2023,2026-10-07,Housing units (count),"January 1 annual estimate from the official 2026 E-5 workbook. Historical sheets in that release may contain revised estimates. This is housing stock, not annual production."
Coronado,coronado,2023,Jurisdiction,3.0,mobile_homes,California Department of Finance E-5,2026 E-5 release,2023,2026-10-07,Housing units (count),"January 1 annual estimate from the official 2026 E-5 workbook. Historical sheets in that release may contain revised estimates. This is housing stock, not annual production."
Del Mar,del mar,2023,Jurisdiction,0.0,mobile_homes,California Department of Finance E-5,2026 E-5 release,2023,2026-10-07,Housing units (count),"January 1 annual estimate from the official 2026 E-5 workbook. Historical sheets in that release may contain revised estimates. This is housing stock, not annual production."
El Cajon,el cajon,2023,Jurisdiction,1883.0,mobile_homes,California Department of Finance E-5,2026 E-5 release,2023,2026-10-07,Housing units (count),"January 1 annual estimate from the official 2026 E-5 workbook. Historical sheets in that release may contain revised estimates. This is housing stock, not annual production."
Encinitas,encinitas,2023,Jurisdiction,638.0,mobile_homes,California Department of Finance E-5,2026 E-5 release,2023,2026-10-07,Housing units (count),"January 1 annual estimate from the official 2026 E-5 workbook. Historical sheets in that release may contain revised estimates. This is housing stock, not annual production."
Escondido,escondido,2023,Jurisdiction,3705.0,mobile_homes,California Department of Finance E-5,2026 E-5 release,2023,2026-10-07,Housing units (count),"January 1 annual estimate from the official 2026 E-5 workbook. Historical sheets in that release may contain revised estimates. This is housing stock, not annual production."
Imperial Beach,imperial beach,2023,Jurisdiction,302.0,mobile_homes,California Department of Finance E-5,2026 E-5 release,2023,2026-10-07,Housing units (count),"January 1 annual estimate from the official 2026 E-5 workbook. Historical sheets in that release may contain revised estimates. This is housing stock, not annual production."
La Mesa,la mesa,2023,Jurisdiction,168.0,mobile_homes,California Department of Finance E-5,2026 E-5 release,2023,2026-10-07,Housing units (count),"January 1 annual estimate from the official 2026 E-5 workbook. Historical sheets in that release may contain revised estimates. This is housing stock, not annual production."
Lemon Grove,lemon grove,2023,Jurisdiction,78.0,mobile_homes,California Department of Finance E-5,2026 E-5 release,2023,2026-10-07,Housing units (count),"January 1 annual estimate from the official 2026 E-5 workbook. Historical sheets in that release may contain revised estimates. This is housing stock, not annual production."
National City,national city,2023,Jurisdiction,428.0,mobile_homes,California Department of Finance E-5,2026 E-5 release,2023,2026-10-07,Housing units (count),"January 1 annual estimate from the official 2026 E-5 workbook. Historical sheets in that release may contain revised estimates. This is housing stock, not annual production."
Oceanside,oceanside,2023,Jurisdiction,3203.0,mobile_homes,California Department of Finance E-5,2026 E-5 release,2023,2026-10-07,Housing units (count),"January 1 annual estimate from the official 2026 E-5 workbook. Historical sheets in that release may contain revised estimates. This is housing stock, not annual production."
Poway,poway,2023,Jurisdiction,780.0,mobile_homes,California Department of Finance E-5,2026 E-5 release,2023,2026-10-07,Housing units (count),"January 1 annual estimate from the official 2026 E-5 workbook. Historical sheets in that release may contain revised estimates. This is housing stock, not annual production."
San Diego,san diego,2023,Jurisdiction,6411.0,mobile_homes,California Department of Finance E-5,2026 E-5 release,2023,2026-10-07,Housing units (count),"January 1 annual estimate from the official 2026 E-5 workbook. Historical sheets in that release may contain revised estimates. This is housing stock, not annual production."
San Marcos,san marcos,2023,Jurisdiction,3104.0,mobile_homes,California Department of Finance E-5,2026 E-5 release,2023,2026-10-07,Housing units (count),"January 1 annual estimate from the official 2026 E-5 workbook. Historical sheets in that release may contain revised estimates. This is housing stock, not annual production."
Santee,santee,2023,Jurisdiction,2296.0,mobile_homes,California Department of Finance E-5,2026 E-5 release,2023,2026-10-07,Housing units (count),"January 1 annual estimate from the official 2026 E-5 workbook. Historical sheets in that release may contain revised estimates. This is housing stock, not annual production."
Solana Beach,solana beach,2023,Jurisdiction,12.0,mobile_homes,California Department of Finance E-5,2026 E-5 release,2023,2026-10-07,Housing units (count),"January 1 annual estimate from the official 2026 E-5 workbook. Historical sheets in that release may contain revised estimates. This is housing stock, not annual production."
Vista,vista,2023,Jurisdiction,1810.0,mobile_homes,California Department of Finance E-5,2026 E-5 release,2023,2026-10-07,Housing units (count),"January 1 annual estimate from the official 2026 E-5 workbook. Historical sheets in that release may contain revised estimates. This is housing stock, not annual production."
Unincorporated San Diego County,unincorporated san diego county,2023,Jurisdiction,14705.0,mobile_homes,California Department of Finance E-5,2026 E-5 release,2023,2026-10-07,Housing units (count),"January 1 annual estimate from the official 2026 E-5 workbook. Historical sheets in that release may contain revised estimates. This is housing stock, not annual production."
San Diego County (Countywide),san diego county countywide,2023,Countywide,44626.0,mobile_homes,California Department of Finance E-5,2026 E-5 release,2023,2026-10-07,Housing units (count),"January 1 annual estimate from the official 2026 E-5 workbook. Historical sheets in that release may contain revised estimates. This is housing stock, not annual production."
Carlsbad,carlsbad,2024,Jurisdiction,1210.0,mobile_homes,California Department of Finance E-5,2026 E-5 release,2024,2026-10-07,Housing units (count),"January 1 annual estimate from the official 2026 E-5 workbook. Historical sheets in that release may contain revised estimates. This is housing stock, not annual production."
Chula Vista,chula vista,2024,Jurisdiction,3893.0,mobile_homes,California Department of Finance E-5,2026 E-5 release,2024,2026-10-07,Housing units (count),"January 1 annual estimate from the official 2026 E-5 workbook. Historical sheets in that release may contain revised estimates. This is housing stock, not annual production."
Coronado,coronado,2024,Jurisdiction,3.0,mobile_homes,California Department of Finance E-5,2026 E-5 release,2024,2026-10-07,Housing units (count),"January 1 annual estimate from the official 2026 E-5 workbook. Historical sheets in that release may contain revised estimates. This is housing stock, not annual production."
Del Mar,del mar,2024,Jurisdiction,0.0,mobile_homes,California Department of Finance E-5,2026 E-5 release,2024,2026-10-07,Housing units (count),"January 1 annual estimate from the official 2026 E-5 workbook. Historical sheets in that release may contain revised estimates. This is housing stock, not annual production."
El Cajon,el cajon,2024,Jurisdiction,1883.0,mobile_homes,California Department of Finance E-5,2026 E-5 release,2024,2026-10-07,Housing units (count),"January 1 annual estimate from the official 2026 E-5 workbook. Historical sheets in that release may contain revised estimates. This is housing stock, not annual production."
Encinitas,encinitas,2024,Jurisdiction,638.0,mobile_homes,California Department of Finance E-5,2026 E-5 release,2024,2026-10-07,Housing units (count),"January 1 annual estimate from the official 2026 E-5 workbook. Historical sheets in that release may contain revised estimates. This is housing stock, not annual production."
Escondido,escondido,2024,Jurisdiction,3705.0,mobile_homes,California Department of Finance E-5,2026 E-5 release,2024,2026-10-07,Housing units (count),"January 1 annual estimate from the official 2026 E-5 workbook. Historical sheets in that release may contain revised estimates. This is housing stock, not annual production."
Imperial Beach,imperial beach,2024,Jurisdiction,302.0,mobile_homes,California Department of Finance E-5,2026 E-5 release,2024,2026-10-07,Housing units (count),"January 1 annual estimate from the official 2026 E-5 workbook. Historical sheets in that release may contain revised estimates. This is housing stock, not annual production."
La Mesa,la mesa,2024,Jurisdiction,168.0,mobile_homes,California Department of Finance E-5,2026 E-5 release,2024,2026-10-07,Housing units (count),"January 1 annual estimate from the official 2026 E-5 workbook. Historical sheets in that release may contain revised estimates. This is housing stock, not annual production."
Lemon Grove,lemon grove,2024,Jurisdiction,78.0,mobile_homes,California Department of Finance E-5,2026 E-5 release,2024,2026-10-07,Housing units (count),"January 1 annual estimate from the official 2026 E-5 workbook. Historical sheets in that release may contain revised estimates. This is housing stock, not annual production."
National City,national city,2024,Jurisdiction,428.0,mobile_homes,California Department of Finance E-5,2026 E-5 release,2024,2026-10-07,Housing units (count),"January 1 annual estimate from the official 2026 E-5 workbook. Historical sheets in that release may contain revised estimates. This is housing stock, not annual production."
Oceanside,oceanside,2024,Jurisdiction,3205.0,mobile_homes,California Department of Finance E-5,2026 E-5 release,2024,2026-10-07,Housing units (count),"January 1 annual estimate from the official 2026 E-5 workbook. Historical sheets in that release may contain revised estimates. This is housing stock, not annual production."
Poway,poway,2024,Jurisdiction,780.0,mobile_homes,California Department of Finance E-5,2026 E-5 release,2024,2026-10-07,Housing units (count),"January 1 annual estimate from the official 2026 E-5 workbook. Historical sheets in that release may contain revised estimates. This is housing stock, not annual production."
San Diego,san diego,2024,Jurisdiction,6411.0,mobile_homes,California Department of Finance E-5,2026 E-5 release,2024,2026-10-07,Housing units (count),"January 1 annual estimate from the official 2026 E-5 workbook. Historical sheets in that release may contain revised estimates. This is housing stock, not annual production."
San Marcos,san marcos,2024,Jurisdiction,3104.0,mobile_homes,California Department of Finance E-5,2026 E-5 release,2024,2026-10-07,Housing units (count),"January 1 annual estimate from the official 2026 E-5 workbook. Historical sheets in that release may contain revised estimates. This is housing stock, not annual production."
Santee,santee,2024,Jurisdiction,2296.0,mobile_homes,California Department of Finance E-5,2026 E-5 release,2024,2026-10-07,Housing units (count),"January 1 annual estimate from the official 2026 E-5 workbook. Historical sheets in that release may contain revised estimates. This is housing stock, not annual production."
Solana Beach,solana beach,2024,Jurisdiction,12.0,mobile_homes,California Department of Finance E-5,2026 E-5 release,2024,2026-10-07,Housing units (count),"January 1 annual estimate from the official 2026 E-5 workbook. Historical sheets in that release may contain revised estimates. This is housing stock, not annual production."
Vista,vista,2024,Jurisdiction,1810.0,mobile_homes,California Department of Finance E-5,2026 E-5 release,2024,2026-10-07,Housing units (count),"January 1 annual estimate from the official 2026 E-5 workbook. Historical sheets in that release may contain revised estimates. This is housing stock, not annual production."
Unincorporated San Diego County,unincorporated san diego county,2024,Jurisdiction,14791.0,mobile_homes,California Department of Finance E-5,2026 E-5 release,2024,2026-10-07,Housing units (count),"January 1 annual estimate from the official 2026 E-5 workbook. Historical sheets in that release may contain revised estimates. This is housing stock, not annual production."
San Diego County (Countywide),san diego county countywide,2024,Countywide,44717.0,mobile_homes,California Department of Finance E-5,2026 E-5 release,2024,2026-10-07,Housing units (count),"January 1 annual estimate from the official 2026 E-5 workbook. Historical sheets in that release may contain revised estimates. This is housing stock, not annual production."
Carlsbad,carlsbad,2025,Jurisdiction,1210.0,mobile_homes,California Department of Finance E-5,2026 E-5 release,2025,2026-10-07,Housing units (count),"January 1 annual estimate from the official 2026 E-5 workbook. Historical sheets in that release may contain revised estimates. This is housing stock, not annual production."
Chula Vista,chula vista,2025,Jurisdiction,3893.0,mobile_homes,California Department of Finance E-5,2026 E-5 release,2025,2026-10-07,Housing units (count),"January 1 annual estimate from the official 2026 E-5 workbook. Historical sheets in that release may contain revised estimates. This is housing stock, not annual production."
Coronado,coronado,2025,Jurisdiction,3.0,mobile_homes,California Department of Finance E-5,2026 E-5 release,2025,2026-10-07,Housing units (count),"January 1 annual estimate from the official 2026 E-5 workbook. Historical sheets in that release may contain revised estimates. This is housing stock, not annual production."
Del Mar,del mar,2025,Jurisdiction,0.0,mobile_homes,California Department of Finance E-5,2026 E-5 release,2025,2026-10-07,Housing units (count),"January 1 annual estimate from the official 2026 E-5 workbook. Historical sheets in that release may contain revised estimates. This is housing stock, not annual production."
El Cajon,el cajon,2025,Jurisdiction,1883.0,mobile_homes,California Department of Finance E-5,2026 E-5 release,2025,2026-10-07,Housing units (count),"January 1 annual estimate from the official 2026 E-5 workbook. Historical sheets in that release may contain revised estimates. This is housing stock, not annual production."
Encinitas,encinitas,2025,Jurisdiction,638.0,mobile_homes,California Department of Finance E-5,2026 E-5 release,2025,2026-10-07,Housing units (count),"January 1 annual estimate from the official 2026 E-5 workbook. Historical sheets in that release may contain revised estimates. This is housing stock, not annual production."
Escondido,escondido,2025,Jurisdiction,3705.0,mobile_homes,California Department of Finance E-5,2026 E-5 release,2025,2026-10-07,Housing units (count),"January 1 annual estimate from the official 2026 E-5 workbook. Historical sheets in that release may contain revised estimates. This is housing stock, not annual production."
Imperial Beach,imperial beach,2025,Jurisdiction,302.0,mobile_homes,California Department of Finance E-5,2026 E-5 release,2025,2026-10-07,Housing units (count),"January 1 annual estimate from the official 2026 E-5 workbook. Historical sheets in that release may contain revised estimates. This is housing stock, not annual production."
La Mesa,la mesa,2025,Jurisdiction,168.0,mobile_homes,California Department of Finance E-5,2026 E-5 release,2025,2026-10-07,Housing units (count),"January 1 annual estimate from the official 2026 E-5 workbook. Historical sheets in that release may contain revised estimates. This is housing stock, not annual production."
Lemon Grove,lemon grove,2025,Jurisdiction,78.0,mobile_homes,California Department of Finance E-5,2026 E-5 release,2025,2026-10-07,Housing units (count),"January 1 annual estimate from the official 2026 E-5 workbook. Historical sheets in that release may contain revised estimates. This is housing stock, not annual production."
National City,national city,2025,Jurisdiction,428.0,mobile_homes,California Department of Finance E-5,2026 E-5 release,2025,2026-10-07,Housing units (count),"January 1 annual estimate from the official 2026 E-5 workbook. Historical sheets in that release may contain revised estimates. This is housing stock, not annual production."
Oceanside,oceanside,2025,Jurisdiction,3205.0,mobile_homes,California Department of Finance E-5,2026 E-5 release,2025,2026-10-07,Housing units (count),"January 1 annual estimate from the official 2026 E-5 workbook. Historical sheets in that release may contain revised estimates. This is housing stock, not annual production."
Poway,poway,2025,Jurisdiction,780.0,mobile_homes,California Department of Finance E-5,2026 E-5 release,2025,2026-10-07,Housing units (count),"January 1 annual estimate from the official 2026 E-5 workbook. Historical sheets in that release may contain revised estimates. This is housing stock, not annual production."
San Diego,san diego,2025,Jurisdiction,6412.0,mobile_homes,California Department of Finance E-5,2026 E-5 release,2025,2026-10-07,Housing units (count),"January 1 annual estimate from the official 2026 E-5 workbook. Historical sheets in that release may contain revised estimates. This is housing stock, not annual production."
San Marcos,san marcos,2025,Jurisdiction,3104.0,mobile_homes,California Department of Finance E-5,2026 E-5 release,2025,2026-10-07,Housing units (count),"January 1 annual estimate from the official 2026 E-5 workbook. Historical sheets in that release may contain revised estimates. This is housing stock, not annual production."
Santee,santee,2025,Jurisdiction,2296.0,mobile_homes,California Department of Finance E-5,2026 E-5 release,2025,2026-10-07,Housing units (count),"January 1 annual estimate from the official 2026 E-5 workbook. Historical sheets in that release may contain revised estimates. This is housing stock, not annual production."
Solana Beach,solana beach,2025,Jurisdiction,12.0,mobile_homes,California Department of Finance E-5,2026 E-5 release,2025,2026-10-07,Housing units (count),"January 1 annual estimate from the official 2026 E-5 workbook. Historical sheets in that release may contain revised estimates. This is housing stock, not annual production."
Vista,vista,2025,Jurisdiction,1810.0,mobile_homes,California Department of Finance E-5,2026 E-5 release,2025,2026-10-07,Housing units (count),"January 1 annual estimate from the official 2026 E-5 workbook. Historical sheets in that release may contain revised estimates. This is housing stock, not annual production."
Unincorporated San Diego County,unincorporated san diego county,2025,Jurisdiction,14875.0,mobile_homes,California Department of Finance E-5,2026 E-5 release,2025,2026-10-07,Housing units (count),"January 1 annual estimate from the official 2026 E-5 workbook. Historical sheets in that release may contain revised estimates. This is housing stock, not annual production."
San Diego County (Countywide),san diego county countywide,2025,Countywide,44802.0,mobile_homes,California Department of Finance E-5,2026 E-5 release,2025,2026-10-07,Housing units (count),"January 1 annual estimate from the official 2026 E-5 workbook. Historical sheets in that release may contain revised estimates. This is housing stock, not annual production."
