jurisdiction,year,development_stage,housing_type,value,reporting_status,source,source_year,download_date,geographic_level,unit_of_measurement,limitations
Carlsbad,2018,Building Permit,2-4 unit building (combined),11.0,reported,HCD APR Table A2,2018,2026-10-07,Jurisdiction,Housing units (count),"HCD UNIT_CAT uses SFD, SFA, 2-4, 5+, ADU, and MH. The 2-4 category cannot be defensibly split into duplex versus 3-4-unit buildings from this source alone. Stage activity is counted only when the stage date is in the APR reporting year."
Carlsbad,2018,Building Permit,5+ unit building,49.0,reported,HCD APR Table A2,2018,2026-10-07,Jurisdiction,Housing units (count),"HCD UNIT_CAT uses SFD, SFA, 2-4, 5+, ADU, and MH. The 2-4 category cannot be defensibly split into duplex versus 3-4-unit buildings from this source alone. Stage activity is counted only when the stage date is in the APR reporting year."
Carlsbad,2018,Building Permit,Accessory dwelling unit,33.0,reported,HCD APR Table A2,2018,2026-10-07,Jurisdiction,Housing units (count),"HCD UNIT_CAT uses SFD, SFA, 2-4, 5+, ADU, and MH. The 2-4 category cannot be defensibly split into duplex versus 3-4-unit buildings from this source alone. Stage activity is counted only when the stage date is in the APR reporting year."
Carlsbad,2018,Building Permit,Mobile home / manufactured home,0.0,reported,HCD APR Table A2,2018,2026-10-07,Jurisdiction,Housing units (count),"HCD UNIT_CAT uses SFD, SFA, 2-4, 5+, ADU, and MH. The 2-4 category cannot be defensibly split into duplex versus 3-4-unit buildings from this source alone. Stage activity is counted only when the stage date is in the APR reporting year."
Carlsbad,2018,Building Permit,Other / source-reported,0.0,reported,HCD APR Table A2,2018,2026-10-07,Jurisdiction,Housing units (count),"HCD UNIT_CAT uses SFD, SFA, 2-4, 5+, ADU, and MH. The 2-4 category cannot be defensibly split into duplex versus 3-4-unit buildings from this source alone. Stage activity is counted only when the stage date is in the APR reporting year."
Carlsbad,2018,Building Permit,Single-family attached,69.0,reported,HCD APR Table A2,2018,2026-10-07,Jurisdiction,Housing units (count),"HCD UNIT_CAT uses SFD, SFA, 2-4, 5+, ADU, and MH. The 2-4 category cannot be defensibly split into duplex versus 3-4-unit buildings from this source alone. Stage activity is counted only when the stage date is in the APR reporting year."
Carlsbad,2018,Building Permit,Single-family detached,81.0,reported,HCD APR Table A2,2018,2026-10-07,Jurisdiction,Housing units (count),"HCD UNIT_CAT uses SFD, SFA, 2-4, 5+, ADU, and MH. The 2-4 category cannot be defensibly split into duplex versus 3-4-unit buildings from this source alone. Stage activity is counted only when the stage date is in the APR reporting year."
Carlsbad,2018,Building Permit,Unknown / not reported,0.0,reported,HCD APR Table A2,2018,2026-10-07,Jurisdiction,Housing units (count),"HCD UNIT_CAT uses SFD, SFA, 2-4, 5+, ADU, and MH. The 2-4 category cannot be defensibly split into duplex versus 3-4-unit buildings from this source alone. Stage activity is counted only when the stage date is in the APR reporting year."
Carlsbad,2018,Completion,2-4 unit building (combined),3.0,reported,HCD APR Table A2,2018,2026-10-07,Jurisdiction,Housing units (count),"HCD UNIT_CAT uses SFD, SFA, 2-4, 5+, ADU, and MH. The 2-4 category cannot be defensibly split into duplex versus 3-4-unit buildings from this source alone. Stage activity is counted only when the stage date is in the APR reporting year."
Carlsbad,2018,Completion,5+ unit building,0.0,reported,HCD APR Table A2,2018,2026-10-07,Jurisdiction,Housing units (count),"HCD UNIT_CAT uses SFD, SFA, 2-4, 5+, ADU, and MH. The 2-4 category cannot be defensibly split into duplex versus 3-4-unit buildings from this source alone. Stage activity is counted only when the stage date is in the APR reporting year."
Carlsbad,2018,Completion,Accessory dwelling unit,24.0,reported,HCD APR Table A2,2018,2026-10-07,Jurisdiction,Housing units (count),"HCD UNIT_CAT uses SFD, SFA, 2-4, 5+, ADU, and MH. The 2-4 category cannot be defensibly split into duplex versus 3-4-unit buildings from this source alone. Stage activity is counted only when the stage date is in the APR reporting year."
Carlsbad,2018,Completion,Mobile home / manufactured home,0.0,reported,HCD APR Table A2,2018,2026-10-07,Jurisdiction,Housing units (count),"HCD UNIT_CAT uses SFD, SFA, 2-4, 5+, ADU, and MH. The 2-4 category cannot be defensibly split into duplex versus 3-4-unit buildings from this source alone. Stage activity is counted only when the stage date is in the APR reporting year."
Carlsbad,2018,Completion,Other / source-reported,0.0,reported,HCD APR Table A2,2018,2026-10-07,Jurisdiction,Housing units (count),"HCD UNIT_CAT uses SFD, SFA, 2-4, 5+, ADU, and MH. The 2-4 category cannot be defensibly split into duplex versus 3-4-unit buildings from this source alone. Stage activity is counted only when the stage date is in the APR reporting year."
Carlsbad,2018,Completion,Single-family attached,56.0,reported,HCD APR Table A2,2018,2026-10-07,Jurisdiction,Housing units (count),"HCD UNIT_CAT uses SFD, SFA, 2-4, 5+, ADU, and MH. The 2-4 category cannot be defensibly split into duplex versus 3-4-unit buildings from this source alone. Stage activity is counted only when the stage date is in the APR reporting year."
Carlsbad,2018,Completion,Single-family detached,135.0,reported,HCD APR Table A2,2018,2026-10-07,Jurisdiction,Housing units (count),"HCD UNIT_CAT uses SFD, SFA, 2-4, 5+, ADU, and MH. The 2-4 category cannot be defensibly split into duplex versus 3-4-unit buildings from this source alone. Stage activity is counted only when the stage date is in the APR reporting year."
Carlsbad,2018,Completion,Unknown / not reported,0.0,reported,HCD APR Table A2,2018,2026-10-07,Jurisdiction,Housing units (count),"HCD UNIT_CAT uses SFD, SFA, 2-4, 5+, ADU, and MH. The 2-4 category cannot be defensibly split into duplex versus 3-4-unit buildings from this source alone. Stage activity is counted only when the stage date is in the APR reporting year."
Carlsbad,2019,Building Permit,2-4 unit building (combined),7.0,reported,HCD APR Table A2,2019,2026-10-07,Jurisdiction,Housing units (count),"HCD UNIT_CAT uses SFD, SFA, 2-4, 5+, ADU, and MH. The 2-4 category cannot be defensibly split into duplex versus 3-4-unit buildings from this source alone. Stage activity is counted only when the stage date is in the APR reporting year."
Carlsbad,2019,Building Permit,5+ unit building,98.0,reported,HCD APR Table A2,2019,2026-10-07,Jurisdiction,Housing units (count),"HCD UNIT_CAT uses SFD, SFA, 2-4, 5+, ADU, and MH. The 2-4 category cannot be defensibly split into duplex versus 3-4-unit buildings from this source alone. Stage activity is counted only when the stage date is in the APR reporting year."
Carlsbad,2019,Building Permit,Accessory dwelling unit,33.0,reported,HCD APR Table A2,2019,2026-10-07,Jurisdiction,Housing units (count),"HCD UNIT_CAT uses SFD, SFA, 2-4, 5+, ADU, and MH. The 2-4 category cannot be defensibly split into duplex versus 3-4-unit buildings from this source alone. Stage activity is counted only when the stage date is in the APR reporting year."
Carlsbad,2019,Building Permit,Mobile home / manufactured home,0.0,reported,HCD APR Table A2,2019,2026-10-07,Jurisdiction,Housing units (count),"HCD UNIT_CAT uses SFD, SFA, 2-4, 5+, ADU, and MH. The 2-4 category cannot be defensibly split into duplex versus 3-4-unit buildings from this source alone. Stage activity is counted only when the stage date is in the APR reporting year."
Carlsbad,2019,Building Permit,Other / source-reported,0.0,reported,HCD APR Table A2,2019,2026-10-07,Jurisdiction,Housing units (count),"HCD UNIT_CAT uses SFD, SFA, 2-4, 5+, ADU, and MH. The 2-4 category cannot be defensibly split into duplex versus 3-4-unit buildings from this source alone. Stage activity is counted only when the stage date is in the APR reporting year."
Carlsbad,2019,Building Permit,Single-family attached,104.0,reported,HCD APR Table A2,2019,2026-10-07,Jurisdiction,Housing units (count),"HCD UNIT_CAT uses SFD, SFA, 2-4, 5+, ADU, and MH. The 2-4 category cannot be defensibly split into duplex versus 3-4-unit buildings from this source alone. Stage activity is counted only when the stage date is in the APR reporting year."
Carlsbad,2019,Building Permit,Single-family detached,80.0,reported,HCD APR Table A2,2019,2026-10-07,Jurisdiction,Housing units (count),"HCD UNIT_CAT uses SFD, SFA, 2-4, 5+, ADU, and MH. The 2-4 category cannot be defensibly split into duplex versus 3-4-unit buildings from this source alone. Stage activity is counted only when the stage date is in the APR reporting year."
Carlsbad,2019,Building Permit,Unknown / not reported,0.0,reported,HCD APR Table A2,2019,2026-10-07,Jurisdiction,Housing units (count),"HCD UNIT_CAT uses SFD, SFA, 2-4, 5+, ADU, and MH. The 2-4 category cannot be defensibly split into duplex versus 3-4-unit buildings from this source alone. Stage activity is counted only when the stage date is in the APR reporting year."
Carlsbad,2019,Completion,2-4 unit building (combined),3.0,reported,HCD APR Table A2,2019,2026-10-07,Jurisdiction,Housing units (count),"HCD UNIT_CAT uses SFD, SFA, 2-4, 5+, ADU, and MH. The 2-4 category cannot be defensibly split into duplex versus 3-4-unit buildings from this source alone. Stage activity is counted only when the stage date is in the APR reporting year."
Carlsbad,2019,Completion,5+ unit building,375.0,reported,HCD APR Table A2,2019,2026-10-07,Jurisdiction,Housing units (count),"HCD UNIT_CAT uses SFD, SFA, 2-4, 5+, ADU, and MH. The 2-4 category cannot be defensibly split into duplex versus 3-4-unit buildings from this source alone. Stage activity is counted only when the stage date is in the APR reporting year."
Carlsbad,2019,Completion,Accessory dwelling unit,27.0,reported,HCD APR Table A2,2019,2026-10-07,Jurisdiction,Housing units (count),"HCD UNIT_CAT uses SFD, SFA, 2-4, 5+, ADU, and MH. The 2-4 category cannot be defensibly split into duplex versus 3-4-unit buildings from this source alone. Stage activity is counted only when the stage date is in the APR reporting year."
Carlsbad,2019,Completion,Mobile home / manufactured home,0.0,reported,HCD APR Table A2,2019,2026-10-07,Jurisdiction,Housing units (count),"HCD UNIT_CAT uses SFD, SFA, 2-4, 5+, ADU, and MH. The 2-4 category cannot be defensibly split into duplex versus 3-4-unit buildings from this source alone. Stage activity is counted only when the stage date is in the APR reporting year."
Carlsbad,2019,Completion,Other / source-reported,0.0,reported,HCD APR Table A2,2019,2026-10-07,Jurisdiction,Housing units (count),"HCD UNIT_CAT uses SFD, SFA, 2-4, 5+, ADU, and MH. The 2-4 category cannot be defensibly split into duplex versus 3-4-unit buildings from this source alone. Stage activity is counted only when the stage date is in the APR reporting year."
Carlsbad,2019,Completion,Single-family attached,82.0,reported,HCD APR Table A2,2019,2026-10-07,Jurisdiction,Housing units (count),"HCD UNIT_CAT uses SFD, SFA, 2-4, 5+, ADU, and MH. The 2-4 category cannot be defensibly split into duplex versus 3-4-unit buildings from this source alone. Stage activity is counted only when the stage date is in the APR reporting year."
Carlsbad,2019,Completion,Single-family detached,61.0,reported,HCD APR Table A2,2019,2026-10-07,Jurisdiction,Housing units (count),"HCD UNIT_CAT uses SFD, SFA, 2-4, 5+, ADU, and MH. The 2-4 category cannot be defensibly split into duplex versus 3-4-unit buildings from this source alone. Stage activity is counted only when the stage date is in the APR reporting year."
Carlsbad,2019,Completion,Unknown / not reported,0.0,reported,HCD APR Table A2,2019,2026-10-07,Jurisdiction,Housing units (count),"HCD UNIT_CAT uses SFD, SFA, 2-4, 5+, ADU, and MH. The 2-4 category cannot be defensibly split into duplex versus 3-4-unit buildings from this source alone. Stage activity is counted only when the stage date is in the APR reporting year."
Carlsbad,2020,Building Permit,2-4 unit building (combined),0.0,reported,HCD APR Table A2,2020,2026-10-07,Jurisdiction,Housing units (count),"HCD UNIT_CAT uses SFD, SFA, 2-4, 5+, ADU, and MH. The 2-4 category cannot be defensibly split into duplex versus 3-4-unit buildings from this source alone. Stage activity is counted only when the stage date is in the APR reporting year."
Carlsbad,2020,Building Permit,5+ unit building,166.0,reported,HCD APR Table A2,2020,2026-10-07,Jurisdiction,Housing units (count),"HCD UNIT_CAT uses SFD, SFA, 2-4, 5+, ADU, and MH. The 2-4 category cannot be defensibly split into duplex versus 3-4-unit buildings from this source alone. Stage activity is counted only when the stage date is in the APR reporting year."
Carlsbad,2020,Building Permit,Accessory dwelling unit,50.0,reported,HCD APR Table A2,2020,2026-10-07,Jurisdiction,Housing units (count),"HCD UNIT_CAT uses SFD, SFA, 2-4, 5+, ADU, and MH. The 2-4 category cannot be defensibly split into duplex versus 3-4-unit buildings from this source alone. Stage activity is counted only when the stage date is in the APR reporting year."
Carlsbad,2020,Building Permit,Mobile home / manufactured home,0.0,reported,HCD APR Table A2,2020,2026-10-07,Jurisdiction,Housing units (count),"HCD UNIT_CAT uses SFD, SFA, 2-4, 5+, ADU, and MH. The 2-4 category cannot be defensibly split into duplex versus 3-4-unit buildings from this source alone. Stage activity is counted only when the stage date is in the APR reporting year."
Carlsbad,2020,Building Permit,Other / source-reported,0.0,reported,HCD APR Table A2,2020,2026-10-07,Jurisdiction,Housing units (count),"HCD UNIT_CAT uses SFD, SFA, 2-4, 5+, ADU, and MH. The 2-4 category cannot be defensibly split into duplex versus 3-4-unit buildings from this source alone. Stage activity is counted only when the stage date is in the APR reporting year."
Carlsbad,2020,Building Permit,Single-family attached,84.0,reported,HCD APR Table A2,2020,2026-10-07,Jurisdiction,Housing units (count),"HCD UNIT_CAT uses SFD, SFA, 2-4, 5+, ADU, and MH. The 2-4 category cannot be defensibly split into duplex versus 3-4-unit buildings from this source alone. Stage activity is counted only when the stage date is in the APR reporting year."
Carlsbad,2020,Building Permit,Single-family detached,77.0,reported,HCD APR Table A2,2020,2026-10-07,Jurisdiction,Housing units (count),"HCD UNIT_CAT uses SFD, SFA, 2-4, 5+, ADU, and MH. The 2-4 category cannot be defensibly split into duplex versus 3-4-unit buildings from this source alone. Stage activity is counted only when the stage date is in the APR reporting year."
Carlsbad,2020,Building Permit,Unknown / not reported,0.0,reported,HCD APR Table A2,2020,2026-10-07,Jurisdiction,Housing units (count),"HCD UNIT_CAT uses SFD, SFA, 2-4, 5+, ADU, and MH. The 2-4 category cannot be defensibly split into duplex versus 3-4-unit buildings from this source alone. Stage activity is counted only when the stage date is in the APR reporting year."
Carlsbad,2020,Completion,2-4 unit building (combined),4.0,reported,HCD APR Table A2,2020,2026-10-07,Jurisdiction,Housing units (count),"HCD UNIT_CAT uses SFD, SFA, 2-4, 5+, ADU, and MH. The 2-4 category cannot be defensibly split into duplex versus 3-4-unit buildings from this source alone. Stage activity is counted only when the stage date is in the APR reporting year."
Carlsbad,2020,Completion,5+ unit building,266.0,reported,HCD APR Table A2,2020,2026-10-07,Jurisdiction,Housing units (count),"HCD UNIT_CAT uses SFD, SFA, 2-4, 5+, ADU, and MH. The 2-4 category cannot be defensibly split into duplex versus 3-4-unit buildings from this source alone. Stage activity is counted only when the stage date is in the APR reporting year."
Carlsbad,2020,Completion,Accessory dwelling unit,34.0,reported,HCD APR Table A2,2020,2026-10-07,Jurisdiction,Housing units (count),"HCD UNIT_CAT uses SFD, SFA, 2-4, 5+, ADU, and MH. The 2-4 category cannot be defensibly split into duplex versus 3-4-unit buildings from this source alone. Stage activity is counted only when the stage date is in the APR reporting year."
Carlsbad,2020,Completion,Mobile home / manufactured home,0.0,reported,HCD APR Table A2,2020,2026-10-07,Jurisdiction,Housing units (count),"HCD UNIT_CAT uses SFD, SFA, 2-4, 5+, ADU, and MH. The 2-4 category cannot be defensibly split into duplex versus 3-4-unit buildings from this source alone. Stage activity is counted only when the stage date is in the APR reporting year."
Carlsbad,2020,Completion,Other / source-reported,0.0,reported,HCD APR Table A2,2020,2026-10-07,Jurisdiction,Housing units (count),"HCD UNIT_CAT uses SFD, SFA, 2-4, 5+, ADU, and MH. The 2-4 category cannot be defensibly split into duplex versus 3-4-unit buildings from this source alone. Stage activity is counted only when the stage date is in the APR reporting year."
Carlsbad,2020,Completion,Single-family attached,144.0,reported,HCD APR Table A2,2020,2026-10-07,Jurisdiction,Housing units (count),"HCD UNIT_CAT uses SFD, SFA, 2-4, 5+, ADU, and MH. The 2-4 category cannot be defensibly split into duplex versus 3-4-unit buildings from this source alone. Stage activity is counted only when the stage date is in the APR reporting year."
Carlsbad,2020,Completion,Single-family detached,103.0,reported,HCD APR Table A2,2020,2026-10-07,Jurisdiction,Housing units (count),"HCD UNIT_CAT uses SFD, SFA, 2-4, 5+, ADU, and MH. The 2-4 category cannot be defensibly split into duplex versus 3-4-unit buildings from this source alone. Stage activity is counted only when the stage date is in the APR reporting year."
Carlsbad,2020,Completion,Unknown / not reported,0.0,reported,HCD APR Table A2,2020,2026-10-07,Jurisdiction,Housing units (count),"HCD UNIT_CAT uses SFD, SFA, 2-4, 5+, ADU, and MH. The 2-4 category cannot be defensibly split into duplex versus 3-4-unit buildings from this source alone. Stage activity is counted only when the stage date is in the APR reporting year."
Carlsbad,2021,Building Permit,2-4 unit building (combined),0.0,reported,HCD APR Table A2,2021,2026-10-07,Jurisdiction,Housing units (count),"HCD UNIT_CAT uses SFD, SFA, 2-4, 5+, ADU, and MH. The 2-4 category cannot be defensibly split into duplex versus 3-4-unit buildings from this source alone. Stage activity is counted only when the stage date is in the APR reporting year."
Carlsbad,2021,Building Permit,5+ unit building,6.0,reported,HCD APR Table A2,2021,2026-10-07,Jurisdiction,Housing units (count),"HCD UNIT_CAT uses SFD, SFA, 2-4, 5+, ADU, and MH. The 2-4 category cannot be defensibly split into duplex versus 3-4-unit buildings from this source alone. Stage activity is counted only when the stage date is in the APR reporting year."
Carlsbad,2021,Building Permit,Accessory dwelling unit,74.0,reported,HCD APR Table A2,2021,2026-10-07,Jurisdiction,Housing units (count),"HCD UNIT_CAT uses SFD, SFA, 2-4, 5+, ADU, and MH. The 2-4 category cannot be defensibly split into duplex versus 3-4-unit buildings from this source alone. Stage activity is counted only when the stage date is in the APR reporting year."
Carlsbad,2021,Building Permit,Mobile home / manufactured home,0.0,reported,HCD APR Table A2,2021,2026-10-07,Jurisdiction,Housing units (count),"HCD UNIT_CAT uses SFD, SFA, 2-4, 5+, ADU, and MH. The 2-4 category cannot be defensibly split into duplex versus 3-4-unit buildings from this source alone. Stage activity is counted only when the stage date is in the APR reporting year."
Carlsbad,2021,Building Permit,Other / source-reported,0.0,reported,HCD APR Table A2,2021,2026-10-07,Jurisdiction,Housing units (count),"HCD UNIT_CAT uses SFD, SFA, 2-4, 5+, ADU, and MH. The 2-4 category cannot be defensibly split into duplex versus 3-4-unit buildings from this source alone. Stage activity is counted only when the stage date is in the APR reporting year."
Carlsbad,2021,Building Permit,Single-family attached,12.0,reported,HCD APR Table A2,2021,2026-10-07,Jurisdiction,Housing units (count),"HCD UNIT_CAT uses SFD, SFA, 2-4, 5+, ADU, and MH. The 2-4 category cannot be defensibly split into duplex versus 3-4-unit buildings from this source alone. Stage activity is counted only when the stage date is in the APR reporting year."
Carlsbad,2021,Building Permit,Single-family detached,58.0,reported,HCD APR Table A2,2021,2026-10-07,Jurisdiction,Housing units (count),"HCD UNIT_CAT uses SFD, SFA, 2-4, 5+, ADU, and MH. The 2-4 category cannot be defensibly split into duplex versus 3-4-unit buildings from this source alone. Stage activity is counted only when the stage date is in the APR reporting year."
Carlsbad,2021,Building Permit,Unknown / not reported,0.0,reported,HCD APR Table A2,2021,2026-10-07,Jurisdiction,Housing units (count),"HCD UNIT_CAT uses SFD, SFA, 2-4, 5+, ADU, and MH. The 2-4 category cannot be defensibly split into duplex versus 3-4-unit buildings from this source alone. Stage activity is counted only when the stage date is in the APR reporting year."
Carlsbad,2021,Completion,2-4 unit building (combined),6.0,reported,HCD APR Table A2,2021,2026-10-07,Jurisdiction,Housing units (count),"HCD UNIT_CAT uses SFD, SFA, 2-4, 5+, ADU, and MH. The 2-4 category cannot be defensibly split into duplex versus 3-4-unit buildings from this source alone. Stage activity is counted only when the stage date is in the APR reporting year."
Carlsbad,2021,Completion,5+ unit building,217.0,reported,HCD APR Table A2,2021,2026-10-07,Jurisdiction,Housing units (count),"HCD UNIT_CAT uses SFD, SFA, 2-4, 5+, ADU, and MH. The 2-4 category cannot be defensibly split into duplex versus 3-4-unit buildings from this source alone. Stage activity is counted only when the stage date is in the APR reporting year."
Carlsbad,2021,Completion,Accessory dwelling unit,43.0,reported,HCD APR Table A2,2021,2026-10-07,Jurisdiction,Housing units (count),"HCD UNIT_CAT uses SFD, SFA, 2-4, 5+, ADU, and MH. The 2-4 category cannot be defensibly split into duplex versus 3-4-unit buildings from this source alone. Stage activity is counted only when the stage date is in the APR reporting year."
Carlsbad,2021,Completion,Mobile home / manufactured home,0.0,reported,HCD APR Table A2,2021,2026-10-07,Jurisdiction,Housing units (count),"HCD UNIT_CAT uses SFD, SFA, 2-4, 5+, ADU, and MH. The 2-4 category cannot be defensibly split into duplex versus 3-4-unit buildings from this source alone. Stage activity is counted only when the stage date is in the APR reporting year."
Carlsbad,2021,Completion,Other / source-reported,0.0,reported,HCD APR Table A2,2021,2026-10-07,Jurisdiction,Housing units (count),"HCD UNIT_CAT uses SFD, SFA, 2-4, 5+, ADU, and MH. The 2-4 category cannot be defensibly split into duplex versus 3-4-unit buildings from this source alone. Stage activity is counted only when the stage date is in the APR reporting year."
Carlsbad,2021,Completion,Single-family attached,85.0,reported,HCD APR Table A2,2021,2026-10-07,Jurisdiction,Housing units (count),"HCD UNIT_CAT uses SFD, SFA, 2-4, 5+, ADU, and MH. The 2-4 category cannot be defensibly split into duplex versus 3-4-unit buildings from this source alone. Stage activity is counted only when the stage date is in the APR reporting year."
Carlsbad,2021,Completion,Single-family detached,58.0,reported,HCD APR Table A2,2021,2026-10-07,Jurisdiction,Housing units (count),"HCD UNIT_CAT uses SFD, SFA, 2-4, 5+, ADU, and MH. The 2-4 category cannot be defensibly split into duplex versus 3-4-unit buildings from this source alone. Stage activity is counted only when the stage date is in the APR reporting year."
Carlsbad,2021,Completion,Unknown / not reported,0.0,reported,HCD APR Table A2,2021,2026-10-07,Jurisdiction,Housing units (count),"HCD UNIT_CAT uses SFD, SFA, 2-4, 5+, ADU, and MH. The 2-4 category cannot be defensibly split into duplex versus 3-4-unit buildings from this source alone. Stage activity is counted only when the stage date is in the APR reporting year."
Carlsbad,2022,Building Permit,2-4 unit building (combined),0.0,reported,HCD APR Table A2,2022,2026-10-07,Jurisdiction,Housing units (count),"HCD UNIT_CAT uses SFD, SFA, 2-4, 5+, ADU, and MH. The 2-4 category cannot be defensibly split into duplex versus 3-4-unit buildings from this source alone. Stage activity is counted only when the stage date is in the APR reporting year."
Carlsbad,2022,Building Permit,5+ unit building,17.0,reported,HCD APR Table A2,2022,2026-10-07,Jurisdiction,Housing units (count),"HCD UNIT_CAT uses SFD, SFA, 2-4, 5+, ADU, and MH. The 2-4 category cannot be defensibly split into duplex versus 3-4-unit buildings from this source alone. Stage activity is counted only when the stage date is in the APR reporting year."
Carlsbad,2022,Building Permit,Accessory dwelling unit,81.0,reported,HCD APR Table A2,2022,2026-10-07,Jurisdiction,Housing units (count),"HCD UNIT_CAT uses SFD, SFA, 2-4, 5+, ADU, and MH. The 2-4 category cannot be defensibly split into duplex versus 3-4-unit buildings from this source alone. Stage activity is counted only when the stage date is in the APR reporting year."
Carlsbad,2022,Building Permit,Mobile home / manufactured home,0.0,reported,HCD APR Table A2,2022,2026-10-07,Jurisdiction,Housing units (count),"HCD UNIT_CAT uses SFD, SFA, 2-4, 5+, ADU, and MH. The 2-4 category cannot be defensibly split into duplex versus 3-4-unit buildings from this source alone. Stage activity is counted only when the stage date is in the APR reporting year."
Carlsbad,2022,Building Permit,Other / source-reported,0.0,reported,HCD APR Table A2,2022,2026-10-07,Jurisdiction,Housing units (count),"HCD UNIT_CAT uses SFD, SFA, 2-4, 5+, ADU, and MH. The 2-4 category cannot be defensibly split into duplex versus 3-4-unit buildings from this source alone. Stage activity is counted only when the stage date is in the APR reporting year."
Carlsbad,2022,Building Permit,Single-family attached,12.0,reported,HCD APR Table A2,2022,2026-10-07,Jurisdiction,Housing units (count),"HCD UNIT_CAT uses SFD, SFA, 2-4, 5+, ADU, and MH. The 2-4 category cannot be defensibly split into duplex versus 3-4-unit buildings from this source alone. Stage activity is counted only when the stage date is in the APR reporting year."
Carlsbad,2022,Building Permit,Single-family detached,15.0,reported,HCD APR Table A2,2022,2026-10-07,Jurisdiction,Housing units (count),"HCD UNIT_CAT uses SFD, SFA, 2-4, 5+, ADU, and MH. The 2-4 category cannot be defensibly split into duplex versus 3-4-unit buildings from this source alone. Stage activity is counted only when the stage date is in the APR reporting year."
Carlsbad,2022,Building Permit,Unknown / not reported,0.0,reported,HCD APR Table A2,2022,2026-10-07,Jurisdiction,Housing units (count),"HCD UNIT_CAT uses SFD, SFA, 2-4, 5+, ADU, and MH. The 2-4 category cannot be defensibly split into duplex versus 3-4-unit buildings from this source alone. Stage activity is counted only when the stage date is in the APR reporting year."
Carlsbad,2022,Completion,2-4 unit building (combined),0.0,reported,HCD APR Table A2,2022,2026-10-07,Jurisdiction,Housing units (count),"HCD UNIT_CAT uses SFD, SFA, 2-4, 5+, ADU, and MH. The 2-4 category cannot be defensibly split into duplex versus 3-4-unit buildings from this source alone. Stage activity is counted only when the stage date is in the APR reporting year."
Carlsbad,2022,Completion,5+ unit building,62.0,reported,HCD APR Table A2,2022,2026-10-07,Jurisdiction,Housing units (count),"HCD UNIT_CAT uses SFD, SFA, 2-4, 5+, ADU, and MH. The 2-4 category cannot be defensibly split into duplex versus 3-4-unit buildings from this source alone. Stage activity is counted only when the stage date is in the APR reporting year."
Carlsbad,2022,Completion,Accessory dwelling unit,67.0,reported,HCD APR Table A2,2022,2026-10-07,Jurisdiction,Housing units (count),"HCD UNIT_CAT uses SFD, SFA, 2-4, 5+, ADU, and MH. The 2-4 category cannot be defensibly split into duplex versus 3-4-unit buildings from this source alone. Stage activity is counted only when the stage date is in the APR reporting year."
Carlsbad,2022,Completion,Mobile home / manufactured home,0.0,reported,HCD APR Table A2,2022,2026-10-07,Jurisdiction,Housing units (count),"HCD UNIT_CAT uses SFD, SFA, 2-4, 5+, ADU, and MH. The 2-4 category cannot be defensibly split into duplex versus 3-4-unit buildings from this source alone. Stage activity is counted only when the stage date is in the APR reporting year."
Carlsbad,2022,Completion,Other / source-reported,0.0,reported,HCD APR Table A2,2022,2026-10-07,Jurisdiction,Housing units (count),"HCD UNIT_CAT uses SFD, SFA, 2-4, 5+, ADU, and MH. The 2-4 category cannot be defensibly split into duplex versus 3-4-unit buildings from this source alone. Stage activity is counted only when the stage date is in the APR reporting year."
Carlsbad,2022,Completion,Single-family attached,33.0,reported,HCD APR Table A2,2022,2026-10-07,Jurisdiction,Housing units (count),"HCD UNIT_CAT uses SFD, SFA, 2-4, 5+, ADU, and MH. The 2-4 category cannot be defensibly split into duplex versus 3-4-unit buildings from this source alone. Stage activity is counted only when the stage date is in the APR reporting year."
Carlsbad,2022,Completion,Single-family detached,58.0,reported,HCD APR Table A2,2022,2026-10-07,Jurisdiction,Housing units (count),"HCD UNIT_CAT uses SFD, SFA, 2-4, 5+, ADU, and MH. The 2-4 category cannot be defensibly split into duplex versus 3-4-unit buildings from this source alone. Stage activity is counted only when the stage date is in the APR reporting year."
Carlsbad,2022,Completion,Unknown / not reported,0.0,reported,HCD APR Table A2,2022,2026-10-07,Jurisdiction,Housing units (count),"HCD UNIT_CAT uses SFD, SFA, 2-4, 5+, ADU, and MH. The 2-4 category cannot be defensibly split into duplex versus 3-4-unit buildings from this source alone. Stage activity is counted only when the stage date is in the APR reporting year."
Carlsbad,2023,Building Permit,2-4 unit building (combined),0.0,reported,HCD APR Table A2,2023,2026-10-07,Jurisdiction,Housing units (count),"HCD UNIT_CAT uses SFD, SFA, 2-4, 5+, ADU, and MH. The 2-4 category cannot be defensibly split into duplex versus 3-4-unit buildings from this source alone. Stage activity is counted only when the stage date is in the APR reporting year."
Carlsbad,2023,Building Permit,5+ unit building,463.0,reported,HCD APR Table A2,2023,2026-10-07,Jurisdiction,Housing units (count),"HCD UNIT_CAT uses SFD, SFA, 2-4, 5+, ADU, and MH. The 2-4 category cannot be defensibly split into duplex versus 3-4-unit buildings from this source alone. Stage activity is counted only when the stage date is in the APR reporting year."
Carlsbad,2023,Building Permit,Accessory dwelling unit,82.0,reported,HCD APR Table A2,2023,2026-10-07,Jurisdiction,Housing units (count),"HCD UNIT_CAT uses SFD, SFA, 2-4, 5+, ADU, and MH. The 2-4 category cannot be defensibly split into duplex versus 3-4-unit buildings from this source alone. Stage activity is counted only when the stage date is in the APR reporting year."
Carlsbad,2023,Building Permit,Mobile home / manufactured home,0.0,reported,HCD APR Table A2,2023,2026-10-07,Jurisdiction,Housing units (count),"HCD UNIT_CAT uses SFD, SFA, 2-4, 5+, ADU, and MH. The 2-4 category cannot be defensibly split into duplex versus 3-4-unit buildings from this source alone. Stage activity is counted only when the stage date is in the APR reporting year."
Carlsbad,2023,Building Permit,Other / source-reported,0.0,reported,HCD APR Table A2,2023,2026-10-07,Jurisdiction,Housing units (count),"HCD UNIT_CAT uses SFD, SFA, 2-4, 5+, ADU, and MH. The 2-4 category cannot be defensibly split into duplex versus 3-4-unit buildings from this source alone. Stage activity is counted only when the stage date is in the APR reporting year."
Carlsbad,2023,Building Permit,Single-family attached,78.0,reported,HCD APR Table A2,2023,2026-10-07,Jurisdiction,Housing units (count),"HCD UNIT_CAT uses SFD, SFA, 2-4, 5+, ADU, and MH. The 2-4 category cannot be defensibly split into duplex versus 3-4-unit buildings from this source alone. Stage activity is counted only when the stage date is in the APR reporting year."
Carlsbad,2023,Building Permit,Single-family detached,17.0,reported,HCD APR Table A2,2023,2026-10-07,Jurisdiction,Housing units (count),"HCD UNIT_CAT uses SFD, SFA, 2-4, 5+, ADU, and MH. The 2-4 category cannot be defensibly split into duplex versus 3-4-unit buildings from this source alone. Stage activity is counted only when the stage date is in the APR reporting year."
Carlsbad,2023,Building Permit,Unknown / not reported,0.0,reported,HCD APR Table A2,2023,2026-10-07,Jurisdiction,Housing units (count),"HCD UNIT_CAT uses SFD, SFA, 2-4, 5+, ADU, and MH. The 2-4 category cannot be defensibly split into duplex versus 3-4-unit buildings from this source alone. Stage activity is counted only when the stage date is in the APR reporting year."
Carlsbad,2023,Completion,2-4 unit building (combined),0.0,reported,HCD APR Table A2,2023,2026-10-07,Jurisdiction,Housing units (count),"HCD UNIT_CAT uses SFD, SFA, 2-4, 5+, ADU, and MH. The 2-4 category cannot be defensibly split into duplex versus 3-4-unit buildings from this source alone. Stage activity is counted only when the stage date is in the APR reporting year."
Carlsbad,2023,Completion,5+ unit building,0.0,reported,HCD APR Table A2,2023,2026-10-07,Jurisdiction,Housing units (count),"HCD UNIT_CAT uses SFD, SFA, 2-4, 5+, ADU, and MH. The 2-4 category cannot be defensibly split into duplex versus 3-4-unit buildings from this source alone. Stage activity is counted only when the stage date is in the APR reporting year."
Carlsbad,2023,Completion,Accessory dwelling unit,46.0,reported,HCD APR Table A2,2023,2026-10-07,Jurisdiction,Housing units (count),"HCD UNIT_CAT uses SFD, SFA, 2-4, 5+, ADU, and MH. The 2-4 category cannot be defensibly split into duplex versus 3-4-unit buildings from this source alone. Stage activity is counted only when the stage date is in the APR reporting year."
Carlsbad,2023,Completion,Mobile home / manufactured home,0.0,reported,HCD APR Table A2,2023,2026-10-07,Jurisdiction,Housing units (count),"HCD UNIT_CAT uses SFD, SFA, 2-4, 5+, ADU, and MH. The 2-4 category cannot be defensibly split into duplex versus 3-4-unit buildings from this source alone. Stage activity is counted only when the stage date is in the APR reporting year."
Carlsbad,2023,Completion,Other / source-reported,0.0,reported,HCD APR Table A2,2023,2026-10-07,Jurisdiction,Housing units (count),"HCD UNIT_CAT uses SFD, SFA, 2-4, 5+, ADU, and MH. The 2-4 category cannot be defensibly split into duplex versus 3-4-unit buildings from this source alone. Stage activity is counted only when the stage date is in the APR reporting year."
Carlsbad,2023,Completion,Single-family attached,6.0,reported,HCD APR Table A2,2023,2026-10-07,Jurisdiction,Housing units (count),"HCD UNIT_CAT uses SFD, SFA, 2-4, 5+, ADU, and MH. The 2-4 category cannot be defensibly split into duplex versus 3-4-unit buildings from this source alone. Stage activity is counted only when the stage date is in the APR reporting year."
Carlsbad,2023,Completion,Single-family detached,13.0,reported,HCD APR Table A2,2023,2026-10-07,Jurisdiction,Housing units (count),"HCD UNIT_CAT uses SFD, SFA, 2-4, 5+, ADU, and MH. The 2-4 category cannot be defensibly split into duplex versus 3-4-unit buildings from this source alone. Stage activity is counted only when the stage date is in the APR reporting year."
Carlsbad,2023,Completion,Unknown / not reported,0.0,reported,HCD APR Table A2,2023,2026-10-07,Jurisdiction,Housing units (count),"HCD UNIT_CAT uses SFD, SFA, 2-4, 5+, ADU, and MH. The 2-4 category cannot be defensibly split into duplex versus 3-4-unit buildings from this source alone. Stage activity is counted only when the stage date is in the APR reporting year."
Carlsbad,2024,Building Permit,2-4 unit building (combined),0.0,reported,HCD APR Table A2,2024,2026-10-07,Jurisdiction,Housing units (count),"HCD UNIT_CAT uses SFD, SFA, 2-4, 5+, ADU, and MH. The 2-4 category cannot be defensibly split into duplex versus 3-4-unit buildings from this source alone. Stage activity is counted only when the stage date is in the APR reporting year."
Carlsbad,2024,Building Permit,5+ unit building,29.0,reported,HCD APR Table A2,2024,2026-10-07,Jurisdiction,Housing units (count),"HCD UNIT_CAT uses SFD, SFA, 2-4, 5+, ADU, and MH. The 2-4 category cannot be defensibly split into duplex versus 3-4-unit buildings from this source alone. Stage activity is counted only when the stage date is in the APR reporting year."
Carlsbad,2024,Building Permit,Accessory dwelling unit,57.0,reported,HCD APR Table A2,2024,2026-10-07,Jurisdiction,Housing units (count),"HCD UNIT_CAT uses SFD, SFA, 2-4, 5+, ADU, and MH. The 2-4 category cannot be defensibly split into duplex versus 3-4-unit buildings from this source alone. Stage activity is counted only when the stage date is in the APR reporting year."
Carlsbad,2024,Building Permit,Mobile home / manufactured home,0.0,reported,HCD APR Table A2,2024,2026-10-07,Jurisdiction,Housing units (count),"HCD UNIT_CAT uses SFD, SFA, 2-4, 5+, ADU, and MH. The 2-4 category cannot be defensibly split into duplex versus 3-4-unit buildings from this source alone. Stage activity is counted only when the stage date is in the APR reporting year."
Carlsbad,2024,Building Permit,Other / source-reported,0.0,reported,HCD APR Table A2,2024,2026-10-07,Jurisdiction,Housing units (count),"HCD UNIT_CAT uses SFD, SFA, 2-4, 5+, ADU, and MH. The 2-4 category cannot be defensibly split into duplex versus 3-4-unit buildings from this source alone. Stage activity is counted only when the stage date is in the APR reporting year."
Carlsbad,2024,Building Permit,Single-family attached,194.0,reported,HCD APR Table A2,2024,2026-10-07,Jurisdiction,Housing units (count),"HCD UNIT_CAT uses SFD, SFA, 2-4, 5+, ADU, and MH. The 2-4 category cannot be defensibly split into duplex versus 3-4-unit buildings from this source alone. Stage activity is counted only when the stage date is in the APR reporting year."
Carlsbad,2024,Building Permit,Single-family detached,9.0,reported,HCD APR Table A2,2024,2026-10-07,Jurisdiction,Housing units (count),"HCD UNIT_CAT uses SFD, SFA, 2-4, 5+, ADU, and MH. The 2-4 category cannot be defensibly split into duplex versus 3-4-unit buildings from this source alone. Stage activity is counted only when the stage date is in the APR reporting year."
Carlsbad,2024,Building Permit,Unknown / not reported,0.0,reported,HCD APR Table A2,2024,2026-10-07,Jurisdiction,Housing units (count),"HCD UNIT_CAT uses SFD, SFA, 2-4, 5+, ADU, and MH. The 2-4 category cannot be defensibly split into duplex versus 3-4-unit buildings from this source alone. Stage activity is counted only when the stage date is in the APR reporting year."
Carlsbad,2024,Completion,2-4 unit building (combined),4.0,reported,HCD APR Table A2,2024,2026-10-07,Jurisdiction,Housing units (count),"HCD UNIT_CAT uses SFD, SFA, 2-4, 5+, ADU, and MH. The 2-4 category cannot be defensibly split into duplex versus 3-4-unit buildings from this source alone. Stage activity is counted only when the stage date is in the APR reporting year."
Carlsbad,2024,Completion,5+ unit building,104.0,reported,HCD APR Table A2,2024,2026-10-07,Jurisdiction,Housing units (count),"HCD UNIT_CAT uses SFD, SFA, 2-4, 5+, ADU, and MH. The 2-4 category cannot be defensibly split into duplex versus 3-4-unit buildings from this source alone. Stage activity is counted only when the stage date is in the APR reporting year."
Carlsbad,2024,Completion,Accessory dwelling unit,67.0,reported,HCD APR Table A2,2024,2026-10-07,Jurisdiction,Housing units (count),"HCD UNIT_CAT uses SFD, SFA, 2-4, 5+, ADU, and MH. The 2-4 category cannot be defensibly split into duplex versus 3-4-unit buildings from this source alone. Stage activity is counted only when the stage date is in the APR reporting year."
Carlsbad,2024,Completion,Mobile home / manufactured home,0.0,reported,HCD APR Table A2,2024,2026-10-07,Jurisdiction,Housing units (count),"HCD UNIT_CAT uses SFD, SFA, 2-4, 5+, ADU, and MH. The 2-4 category cannot be defensibly split into duplex versus 3-4-unit buildings from this source alone. Stage activity is counted only when the stage date is in the APR reporting year."
Carlsbad,2024,Completion,Other / source-reported,0.0,reported,HCD APR Table A2,2024,2026-10-07,Jurisdiction,Housing units (count),"HCD UNIT_CAT uses SFD, SFA, 2-4, 5+, ADU, and MH. The 2-4 category cannot be defensibly split into duplex versus 3-4-unit buildings from this source alone. Stage activity is counted only when the stage date is in the APR reporting year."
Carlsbad,2024,Completion,Single-family attached,40.0,reported,HCD APR Table A2,2024,2026-10-07,Jurisdiction,Housing units (count),"HCD UNIT_CAT uses SFD, SFA, 2-4, 5+, ADU, and MH. The 2-4 category cannot be defensibly split into duplex versus 3-4-unit buildings from this source alone. Stage activity is counted only when the stage date is in the APR reporting year."
Carlsbad,2024,Completion,Single-family detached,19.0,reported,HCD APR Table A2,2024,2026-10-07,Jurisdiction,Housing units (count),"HCD UNIT_CAT uses SFD, SFA, 2-4, 5+, ADU, and MH. The 2-4 category cannot be defensibly split into duplex versus 3-4-unit buildings from this source alone. Stage activity is counted only when the stage date is in the APR reporting year."
Carlsbad,2024,Completion,Unknown / not reported,0.0,reported,HCD APR Table A2,2024,2026-10-07,Jurisdiction,Housing units (count),"HCD UNIT_CAT uses SFD, SFA, 2-4, 5+, ADU, and MH. The 2-4 category cannot be defensibly split into duplex versus 3-4-unit buildings from this source alone. Stage activity is counted only when the stage date is in the APR reporting year."
Carlsbad,2025,Building Permit,2-4 unit building (combined),5.0,reported,HCD APR Table A2,2025,2026-10-07,Jurisdiction,Housing units (count),"HCD UNIT_CAT uses SFD, SFA, 2-4, 5+, ADU, and MH. The 2-4 category cannot be defensibly split into duplex versus 3-4-unit buildings from this source alone. Stage activity is counted only when the stage date is in the APR reporting year."
Carlsbad,2025,Building Permit,5+ unit building,175.0,reported,HCD APR Table A2,2025,2026-10-07,Jurisdiction,Housing units (count),"HCD UNIT_CAT uses SFD, SFA, 2-4, 5+, ADU, and MH. The 2-4 category cannot be defensibly split into duplex versus 3-4-unit buildings from this source alone. Stage activity is counted only when the stage date is in the APR reporting year."
Carlsbad,2025,Building Permit,Accessory dwelling unit,77.0,reported,HCD APR Table A2,2025,2026-10-07,Jurisdiction,Housing units (count),"HCD UNIT_CAT uses SFD, SFA, 2-4, 5+, ADU, and MH. The 2-4 category cannot be defensibly split into duplex versus 3-4-unit buildings from this source alone. Stage activity is counted only when the stage date is in the APR reporting year."
Carlsbad,2025,Building Permit,Mobile home / manufactured home,0.0,reported,HCD APR Table A2,2025,2026-10-07,Jurisdiction,Housing units (count),"HCD UNIT_CAT uses SFD, SFA, 2-4, 5+, ADU, and MH. The 2-4 category cannot be defensibly split into duplex versus 3-4-unit buildings from this source alone. Stage activity is counted only when the stage date is in the APR reporting year."
Carlsbad,2025,Building Permit,Other / source-reported,0.0,reported,HCD APR Table A2,2025,2026-10-07,Jurisdiction,Housing units (count),"HCD UNIT_CAT uses SFD, SFA, 2-4, 5+, ADU, and MH. The 2-4 category cannot be defensibly split into duplex versus 3-4-unit buildings from this source alone. Stage activity is counted only when the stage date is in the APR reporting year."
Carlsbad,2025,Building Permit,Single-family attached,81.0,reported,HCD APR Table A2,2025,2026-10-07,Jurisdiction,Housing units (count),"HCD UNIT_CAT uses SFD, SFA, 2-4, 5+, ADU, and MH. The 2-4 category cannot be defensibly split into duplex versus 3-4-unit buildings from this source alone. Stage activity is counted only when the stage date is in the APR reporting year."
Carlsbad,2025,Building Permit,Single-family detached,5.0,reported,HCD APR Table A2,2025,2026-10-07,Jurisdiction,Housing units (count),"HCD UNIT_CAT uses SFD, SFA, 2-4, 5+, ADU, and MH. The 2-4 category cannot be defensibly split into duplex versus 3-4-unit buildings from this source alone. Stage activity is counted only when the stage date is in the APR reporting year."
Carlsbad,2025,Building Permit,Unknown / not reported,0.0,reported,HCD APR Table A2,2025,2026-10-07,Jurisdiction,Housing units (count),"HCD UNIT_CAT uses SFD, SFA, 2-4, 5+, ADU, and MH. The 2-4 category cannot be defensibly split into duplex versus 3-4-unit buildings from this source alone. Stage activity is counted only when the stage date is in the APR reporting year."
Carlsbad,2025,Completion,2-4 unit building (combined),0.0,reported,HCD APR Table A2,2025,2026-10-07,Jurisdiction,Housing units (count),"HCD UNIT_CAT uses SFD, SFA, 2-4, 5+, ADU, and MH. The 2-4 category cannot be defensibly split into duplex versus 3-4-unit buildings from this source alone. Stage activity is counted only when the stage date is in the APR reporting year."
Carlsbad,2025,Completion,5+ unit building,385.0,reported,HCD APR Table A2,2025,2026-10-07,Jurisdiction,Housing units (count),"HCD UNIT_CAT uses SFD, SFA, 2-4, 5+, ADU, and MH. The 2-4 category cannot be defensibly split into duplex versus 3-4-unit buildings from this source alone. Stage activity is counted only when the stage date is in the APR reporting year."
Carlsbad,2025,Completion,Accessory dwelling unit,77.0,reported,HCD APR Table A2,2025,2026-10-07,Jurisdiction,Housing units (count),"HCD UNIT_CAT uses SFD, SFA, 2-4, 5+, ADU, and MH. The 2-4 category cannot be defensibly split into duplex versus 3-4-unit buildings from this source alone. Stage activity is counted only when the stage date is in the APR reporting year."
Carlsbad,2025,Completion,Mobile home / manufactured home,0.0,reported,HCD APR Table A2,2025,2026-10-07,Jurisdiction,Housing units (count),"HCD UNIT_CAT uses SFD, SFA, 2-4, 5+, ADU, and MH. The 2-4 category cannot be defensibly split into duplex versus 3-4-unit buildings from this source alone. Stage activity is counted only when the stage date is in the APR reporting year."
Carlsbad,2025,Completion,Other / source-reported,0.0,reported,HCD APR Table A2,2025,2026-10-07,Jurisdiction,Housing units (count),"HCD UNIT_CAT uses SFD, SFA, 2-4, 5+, ADU, and MH. The 2-4 category cannot be defensibly split into duplex versus 3-4-unit buildings from this source alone. Stage activity is counted only when the stage date is in the APR reporting year."
Carlsbad,2025,Completion,Single-family attached,229.0,reported,HCD APR Table A2,2025,2026-10-07,Jurisdiction,Housing units (count),"HCD UNIT_CAT uses SFD, SFA, 2-4, 5+, ADU, and MH. The 2-4 category cannot be defensibly split into duplex versus 3-4-unit buildings from this source alone. Stage activity is counted only when the stage date is in the APR reporting year."
Carlsbad,2025,Completion,Single-family detached,27.0,reported,HCD APR Table A2,2025,2026-10-07,Jurisdiction,Housing units (count),"HCD UNIT_CAT uses SFD, SFA, 2-4, 5+, ADU, and MH. The 2-4 category cannot be defensibly split into duplex versus 3-4-unit buildings from this source alone. Stage activity is counted only when the stage date is in the APR reporting year."
Carlsbad,2025,Completion,Unknown / not reported,0.0,reported,HCD APR Table A2,2025,2026-10-07,Jurisdiction,Housing units (count),"HCD UNIT_CAT uses SFD, SFA, 2-4, 5+, ADU, and MH. The 2-4 category cannot be defensibly split into duplex versus 3-4-unit buildings from this source alone. Stage activity is counted only when the stage date is in the APR reporting year."
Chula Vista,2018,Building Permit,2-4 unit building (combined),236.0,reported,HCD APR Table A2,2018,2026-10-07,Jurisdiction,Housing units (count),"HCD UNIT_CAT uses SFD, SFA, 2-4, 5+, ADU, and MH. The 2-4 category cannot be defensibly split into duplex versus 3-4-unit buildings from this source alone. Stage activity is counted only when the stage date is in the APR reporting year."
Chula Vista,2018,Building Permit,5+ unit building,972.0,reported,HCD APR Table A2,2018,2026-10-07,Jurisdiction,Housing units (count),"HCD UNIT_CAT uses SFD, SFA, 2-4, 5+, ADU, and MH. The 2-4 category cannot be defensibly split into duplex versus 3-4-unit buildings from this source alone. Stage activity is counted only when the stage date is in the APR reporting year."
Chula Vista,2018,Building Permit,Accessory dwelling unit,16.0,reported,HCD APR Table A2,2018,2026-10-07,Jurisdiction,Housing units (count),"HCD UNIT_CAT uses SFD, SFA, 2-4, 5+, ADU, and MH. The 2-4 category cannot be defensibly split into duplex versus 3-4-unit buildings from this source alone. Stage activity is counted only when the stage date is in the APR reporting year."
Chula Vista,2018,Building Permit,Mobile home / manufactured home,1.0,reported,HCD APR Table A2,2018,2026-10-07,Jurisdiction,Housing units (count),"HCD UNIT_CAT uses SFD, SFA, 2-4, 5+, ADU, and MH. The 2-4 category cannot be defensibly split into duplex versus 3-4-unit buildings from this source alone. Stage activity is counted only when the stage date is in the APR reporting year."
Chula Vista,2018,Building Permit,Other / source-reported,0.0,reported,HCD APR Table A2,2018,2026-10-07,Jurisdiction,Housing units (count),"HCD UNIT_CAT uses SFD, SFA, 2-4, 5+, ADU, and MH. The 2-4 category cannot be defensibly split into duplex versus 3-4-unit buildings from this source alone. Stage activity is counted only when the stage date is in the APR reporting year."
Chula Vista,2018,Building Permit,Single-family attached,54.0,reported,HCD APR Table A2,2018,2026-10-07,Jurisdiction,Housing units (count),"HCD UNIT_CAT uses SFD, SFA, 2-4, 5+, ADU, and MH. The 2-4 category cannot be defensibly split into duplex versus 3-4-unit buildings from this source alone. Stage activity is counted only when the stage date is in the APR reporting year."
Chula Vista,2018,Building Permit,Single-family detached,498.0,reported,HCD APR Table A2,2018,2026-10-07,Jurisdiction,Housing units (count),"HCD UNIT_CAT uses SFD, SFA, 2-4, 5+, ADU, and MH. The 2-4 category cannot be defensibly split into duplex versus 3-4-unit buildings from this source alone. Stage activity is counted only when the stage date is in the APR reporting year."
Chula Vista,2018,Building Permit,Unknown / not reported,0.0,reported,HCD APR Table A2,2018,2026-10-07,Jurisdiction,Housing units (count),"HCD UNIT_CAT uses SFD, SFA, 2-4, 5+, ADU, and MH. The 2-4 category cannot be defensibly split into duplex versus 3-4-unit buildings from this source alone. Stage activity is counted only when the stage date is in the APR reporting year."
Chula Vista,2018,Completion,2-4 unit building (combined),68.0,reported,HCD APR Table A2,2018,2026-10-07,Jurisdiction,Housing units (count),"HCD UNIT_CAT uses SFD, SFA, 2-4, 5+, ADU, and MH. The 2-4 category cannot be defensibly split into duplex versus 3-4-unit buildings from this source alone. Stage activity is counted only when the stage date is in the APR reporting year."
Chula Vista,2018,Completion,5+ unit building,28.0,reported,HCD APR Table A2,2018,2026-10-07,Jurisdiction,Housing units (count),"HCD UNIT_CAT uses SFD, SFA, 2-4, 5+, ADU, and MH. The 2-4 category cannot be defensibly split into duplex versus 3-4-unit buildings from this source alone. Stage activity is counted only when the stage date is in the APR reporting year."
Chula Vista,2018,Completion,Accessory dwelling unit,0.0,reported,HCD APR Table A2,2018,2026-10-07,Jurisdiction,Housing units (count),"HCD UNIT_CAT uses SFD, SFA, 2-4, 5+, ADU, and MH. The 2-4 category cannot be defensibly split into duplex versus 3-4-unit buildings from this source alone. Stage activity is counted only when the stage date is in the APR reporting year."
Chula Vista,2018,Completion,Mobile home / manufactured home,1.0,reported,HCD APR Table A2,2018,2026-10-07,Jurisdiction,Housing units (count),"HCD UNIT_CAT uses SFD, SFA, 2-4, 5+, ADU, and MH. The 2-4 category cannot be defensibly split into duplex versus 3-4-unit buildings from this source alone. Stage activity is counted only when the stage date is in the APR reporting year."
Chula Vista,2018,Completion,Other / source-reported,0.0,reported,HCD APR Table A2,2018,2026-10-07,Jurisdiction,Housing units (count),"HCD UNIT_CAT uses SFD, SFA, 2-4, 5+, ADU, and MH. The 2-4 category cannot be defensibly split into duplex versus 3-4-unit buildings from this source alone. Stage activity is counted only when the stage date is in the APR reporting year."
Chula Vista,2018,Completion,Single-family attached,5.0,reported,HCD APR Table A2,2018,2026-10-07,Jurisdiction,Housing units (count),"HCD UNIT_CAT uses SFD, SFA, 2-4, 5+, ADU, and MH. The 2-4 category cannot be defensibly split into duplex versus 3-4-unit buildings from this source alone. Stage activity is counted only when the stage date is in the APR reporting year."
Chula Vista,2018,Completion,Single-family detached,104.0,reported,HCD APR Table A2,2018,2026-10-07,Jurisdiction,Housing units (count),"HCD UNIT_CAT uses SFD, SFA, 2-4, 5+, ADU, and MH. The 2-4 category cannot be defensibly split into duplex versus 3-4-unit buildings from this source alone. Stage activity is counted only when the stage date is in the APR reporting year."
Chula Vista,2018,Completion,Unknown / not reported,0.0,reported,HCD APR Table A2,2018,2026-10-07,Jurisdiction,Housing units (count),"HCD UNIT_CAT uses SFD, SFA, 2-4, 5+, ADU, and MH. The 2-4 category cannot be defensibly split into duplex versus 3-4-unit buildings from this source alone. Stage activity is counted only when the stage date is in the APR reporting year."
Chula Vista,2019,Building Permit,2-4 unit building (combined),69.0,reported,HCD APR Table A2,2019,2026-10-07,Jurisdiction,Housing units (count),"HCD UNIT_CAT uses SFD, SFA, 2-4, 5+, ADU, and MH. The 2-4 category cannot be defensibly split into duplex versus 3-4-unit buildings from this source alone. Stage activity is counted only when the stage date is in the APR reporting year."
Chula Vista,2019,Building Permit,5+ unit building,489.0,reported,HCD APR Table A2,2019,2026-10-07,Jurisdiction,Housing units (count),"HCD UNIT_CAT uses SFD, SFA, 2-4, 5+, ADU, and MH. The 2-4 category cannot be defensibly split into duplex versus 3-4-unit buildings from this source alone. Stage activity is counted only when the stage date is in the APR reporting year."
Chula Vista,2019,Building Permit,Accessory dwelling unit,40.0,reported,HCD APR Table A2,2019,2026-10-07,Jurisdiction,Housing units (count),"HCD UNIT_CAT uses SFD, SFA, 2-4, 5+, ADU, and MH. The 2-4 category cannot be defensibly split into duplex versus 3-4-unit buildings from this source alone. Stage activity is counted only when the stage date is in the APR reporting year."
Chula Vista,2019,Building Permit,Mobile home / manufactured home,1.0,reported,HCD APR Table A2,2019,2026-10-07,Jurisdiction,Housing units (count),"HCD UNIT_CAT uses SFD, SFA, 2-4, 5+, ADU, and MH. The 2-4 category cannot be defensibly split into duplex versus 3-4-unit buildings from this source alone. Stage activity is counted only when the stage date is in the APR reporting year."
Chula Vista,2019,Building Permit,Other / source-reported,0.0,reported,HCD APR Table A2,2019,2026-10-07,Jurisdiction,Housing units (count),"HCD UNIT_CAT uses SFD, SFA, 2-4, 5+, ADU, and MH. The 2-4 category cannot be defensibly split into duplex versus 3-4-unit buildings from this source alone. Stage activity is counted only when the stage date is in the APR reporting year."
Chula Vista,2019,Building Permit,Single-family attached,0.0,reported,HCD APR Table A2,2019,2026-10-07,Jurisdiction,Housing units (count),"HCD UNIT_CAT uses SFD, SFA, 2-4, 5+, ADU, and MH. The 2-4 category cannot be defensibly split into duplex versus 3-4-unit buildings from this source alone. Stage activity is counted only when the stage date is in the APR reporting year."
Chula Vista,2019,Building Permit,Single-family detached,241.0,reported,HCD APR Table A2,2019,2026-10-07,Jurisdiction,Housing units (count),"HCD UNIT_CAT uses SFD, SFA, 2-4, 5+, ADU, and MH. The 2-4 category cannot be defensibly split into duplex versus 3-4-unit buildings from this source alone. Stage activity is counted only when the stage date is in the APR reporting year."
Chula Vista,2019,Building Permit,Unknown / not reported,0.0,reported,HCD APR Table A2,2019,2026-10-07,Jurisdiction,Housing units (count),"HCD UNIT_CAT uses SFD, SFA, 2-4, 5+, ADU, and MH. The 2-4 category cannot be defensibly split into duplex versus 3-4-unit buildings from this source alone. Stage activity is counted only when the stage date is in the APR reporting year."
Chula Vista,2019,Completion,2-4 unit building (combined),268.0,reported,HCD APR Table A2,2019,2026-10-07,Jurisdiction,Housing units (count),"HCD UNIT_CAT uses SFD, SFA, 2-4, 5+, ADU, and MH. The 2-4 category cannot be defensibly split into duplex versus 3-4-unit buildings from this source alone. Stage activity is counted only when the stage date is in the APR reporting year."
Chula Vista,2019,Completion,5+ unit building,553.0,reported,HCD APR Table A2,2019,2026-10-07,Jurisdiction,Housing units (count),"HCD UNIT_CAT uses SFD, SFA, 2-4, 5+, ADU, and MH. The 2-4 category cannot be defensibly split into duplex versus 3-4-unit buildings from this source alone. Stage activity is counted only when the stage date is in the APR reporting year."
Chula Vista,2019,Completion,Accessory dwelling unit,24.0,reported,HCD APR Table A2,2019,2026-10-07,Jurisdiction,Housing units (count),"HCD UNIT_CAT uses SFD, SFA, 2-4, 5+, ADU, and MH. The 2-4 category cannot be defensibly split into duplex versus 3-4-unit buildings from this source alone. Stage activity is counted only when the stage date is in the APR reporting year."
Chula Vista,2019,Completion,Mobile home / manufactured home,0.0,reported,HCD APR Table A2,2019,2026-10-07,Jurisdiction,Housing units (count),"HCD UNIT_CAT uses SFD, SFA, 2-4, 5+, ADU, and MH. The 2-4 category cannot be defensibly split into duplex versus 3-4-unit buildings from this source alone. Stage activity is counted only when the stage date is in the APR reporting year."
Chula Vista,2019,Completion,Other / source-reported,0.0,reported,HCD APR Table A2,2019,2026-10-07,Jurisdiction,Housing units (count),"HCD UNIT_CAT uses SFD, SFA, 2-4, 5+, ADU, and MH. The 2-4 category cannot be defensibly split into duplex versus 3-4-unit buildings from this source alone. Stage activity is counted only when the stage date is in the APR reporting year."
Chula Vista,2019,Completion,Single-family attached,0.0,reported,HCD APR Table A2,2019,2026-10-07,Jurisdiction,Housing units (count),"HCD UNIT_CAT uses SFD, SFA, 2-4, 5+, ADU, and MH. The 2-4 category cannot be defensibly split into duplex versus 3-4-unit buildings from this source alone. Stage activity is counted only when the stage date is in the APR reporting year."
Chula Vista,2019,Completion,Single-family detached,525.0,reported,HCD APR Table A2,2019,2026-10-07,Jurisdiction,Housing units (count),"HCD UNIT_CAT uses SFD, SFA, 2-4, 5+, ADU, and MH. The 2-4 category cannot be defensibly split into duplex versus 3-4-unit buildings from this source alone. Stage activity is counted only when the stage date is in the APR reporting year."
Chula Vista,2019,Completion,Unknown / not reported,0.0,reported,HCD APR Table A2,2019,2026-10-07,Jurisdiction,Housing units (count),"HCD UNIT_CAT uses SFD, SFA, 2-4, 5+, ADU, and MH. The 2-4 category cannot be defensibly split into duplex versus 3-4-unit buildings from this source alone. Stage activity is counted only when the stage date is in the APR reporting year."
Chula Vista,2020,Building Permit,2-4 unit building (combined),84.0,reported,HCD APR Table A2,2020,2026-10-07,Jurisdiction,Housing units (count),"HCD UNIT_CAT uses SFD, SFA, 2-4, 5+, ADU, and MH. The 2-4 category cannot be defensibly split into duplex versus 3-4-unit buildings from this source alone. Stage activity is counted only when the stage date is in the APR reporting year."
Chula Vista,2020,Building Permit,5+ unit building,738.0,reported,HCD APR Table A2,2020,2026-10-07,Jurisdiction,Housing units (count),"HCD UNIT_CAT uses SFD, SFA, 2-4, 5+, ADU, and MH. The 2-4 category cannot be defensibly split into duplex versus 3-4-unit buildings from this source alone. Stage activity is counted only when the stage date is in the APR reporting year."
Chula Vista,2020,Building Permit,Accessory dwelling unit,41.0,reported,HCD APR Table A2,2020,2026-10-07,Jurisdiction,Housing units (count),"HCD UNIT_CAT uses SFD, SFA, 2-4, 5+, ADU, and MH. The 2-4 category cannot be defensibly split into duplex versus 3-4-unit buildings from this source alone. Stage activity is counted only when the stage date is in the APR reporting year."
Chula Vista,2020,Building Permit,Mobile home / manufactured home,0.0,reported,HCD APR Table A2,2020,2026-10-07,Jurisdiction,Housing units (count),"HCD UNIT_CAT uses SFD, SFA, 2-4, 5+, ADU, and MH. The 2-4 category cannot be defensibly split into duplex versus 3-4-unit buildings from this source alone. Stage activity is counted only when the stage date is in the APR reporting year."
Chula Vista,2020,Building Permit,Other / source-reported,0.0,reported,HCD APR Table A2,2020,2026-10-07,Jurisdiction,Housing units (count),"HCD UNIT_CAT uses SFD, SFA, 2-4, 5+, ADU, and MH. The 2-4 category cannot be defensibly split into duplex versus 3-4-unit buildings from this source alone. Stage activity is counted only when the stage date is in the APR reporting year."
Chula Vista,2020,Building Permit,Single-family attached,14.0,reported,HCD APR Table A2,2020,2026-10-07,Jurisdiction,Housing units (count),"HCD UNIT_CAT uses SFD, SFA, 2-4, 5+, ADU, and MH. The 2-4 category cannot be defensibly split into duplex versus 3-4-unit buildings from this source alone. Stage activity is counted only when the stage date is in the APR reporting year."
Chula Vista,2020,Building Permit,Single-family detached,83.0,reported,HCD APR Table A2,2020,2026-10-07,Jurisdiction,Housing units (count),"HCD UNIT_CAT uses SFD, SFA, 2-4, 5+, ADU, and MH. The 2-4 category cannot be defensibly split into duplex versus 3-4-unit buildings from this source alone. Stage activity is counted only when the stage date is in the APR reporting year."
Chula Vista,2020,Building Permit,Unknown / not reported,0.0,reported,HCD APR Table A2,2020,2026-10-07,Jurisdiction,Housing units (count),"HCD UNIT_CAT uses SFD, SFA, 2-4, 5+, ADU, and MH. The 2-4 category cannot be defensibly split into duplex versus 3-4-unit buildings from this source alone. Stage activity is counted only when the stage date is in the APR reporting year."
Chula Vista,2020,Completion,2-4 unit building (combined),98.0,reported,HCD APR Table A2,2020,2026-10-07,Jurisdiction,Housing units (count),"HCD UNIT_CAT uses SFD, SFA, 2-4, 5+, ADU, and MH. The 2-4 category cannot be defensibly split into duplex versus 3-4-unit buildings from this source alone. Stage activity is counted only when the stage date is in the APR reporting year."
Chula Vista,2020,Completion,5+ unit building,746.0,reported,HCD APR Table A2,2020,2026-10-07,Jurisdiction,Housing units (count),"HCD UNIT_CAT uses SFD, SFA, 2-4, 5+, ADU, and MH. The 2-4 category cannot be defensibly split into duplex versus 3-4-unit buildings from this source alone. Stage activity is counted only when the stage date is in the APR reporting year."
Chula Vista,2020,Completion,Accessory dwelling unit,35.0,reported,HCD APR Table A2,2020,2026-10-07,Jurisdiction,Housing units (count),"HCD UNIT_CAT uses SFD, SFA, 2-4, 5+, ADU, and MH. The 2-4 category cannot be defensibly split into duplex versus 3-4-unit buildings from this source alone. Stage activity is counted only when the stage date is in the APR reporting year."
Chula Vista,2020,Completion,Mobile home / manufactured home,1.0,reported,HCD APR Table A2,2020,2026-10-07,Jurisdiction,Housing units (count),"HCD UNIT_CAT uses SFD, SFA, 2-4, 5+, ADU, and MH. The 2-4 category cannot be defensibly split into duplex versus 3-4-unit buildings from this source alone. Stage activity is counted only when the stage date is in the APR reporting year."
Chula Vista,2020,Completion,Other / source-reported,0.0,reported,HCD APR Table A2,2020,2026-10-07,Jurisdiction,Housing units (count),"HCD UNIT_CAT uses SFD, SFA, 2-4, 5+, ADU, and MH. The 2-4 category cannot be defensibly split into duplex versus 3-4-unit buildings from this source alone. Stage activity is counted only when the stage date is in the APR reporting year."
Chula Vista,2020,Completion,Single-family attached,0.0,reported,HCD APR Table A2,2020,2026-10-07,Jurisdiction,Housing units (count),"HCD UNIT_CAT uses SFD, SFA, 2-4, 5+, ADU, and MH. The 2-4 category cannot be defensibly split into duplex versus 3-4-unit buildings from this source alone. Stage activity is counted only when the stage date is in the APR reporting year."
Chula Vista,2020,Completion,Single-family detached,375.0,reported,HCD APR Table A2,2020,2026-10-07,Jurisdiction,Housing units (count),"HCD UNIT_CAT uses SFD, SFA, 2-4, 5+, ADU, and MH. The 2-4 category cannot be defensibly split into duplex versus 3-4-unit buildings from this source alone. Stage activity is counted only when the stage date is in the APR reporting year."
Chula Vista,2020,Completion,Unknown / not reported,0.0,reported,HCD APR Table A2,2020,2026-10-07,Jurisdiction,Housing units (count),"HCD UNIT_CAT uses SFD, SFA, 2-4, 5+, ADU, and MH. The 2-4 category cannot be defensibly split into duplex versus 3-4-unit buildings from this source alone. Stage activity is counted only when the stage date is in the APR reporting year."
Chula Vista,2021,Building Permit,2-4 unit building (combined),38.0,reported,HCD APR Table A2,2021,2026-10-07,Jurisdiction,Housing units (count),"HCD UNIT_CAT uses SFD, SFA, 2-4, 5+, ADU, and MH. The 2-4 category cannot be defensibly split into duplex versus 3-4-unit buildings from this source alone. Stage activity is counted only when the stage date is in the APR reporting year."
Chula Vista,2021,Building Permit,5+ unit building,1419.0,reported,HCD APR Table A2,2021,2026-10-07,Jurisdiction,Housing units (count),"HCD UNIT_CAT uses SFD, SFA, 2-4, 5+, ADU, and MH. The 2-4 category cannot be defensibly split into duplex versus 3-4-unit buildings from this source alone. Stage activity is counted only when the stage date is in the APR reporting year."
Chula Vista,2021,Building Permit,Accessory dwelling unit,123.0,reported,HCD APR Table A2,2021,2026-10-07,Jurisdiction,Housing units (count),"HCD UNIT_CAT uses SFD, SFA, 2-4, 5+, ADU, and MH. The 2-4 category cannot be defensibly split into duplex versus 3-4-unit buildings from this source alone. Stage activity is counted only when the stage date is in the APR reporting year."
Chula Vista,2021,Building Permit,Mobile home / manufactured home,0.0,reported,HCD APR Table A2,2021,2026-10-07,Jurisdiction,Housing units (count),"HCD UNIT_CAT uses SFD, SFA, 2-4, 5+, ADU, and MH. The 2-4 category cannot be defensibly split into duplex versus 3-4-unit buildings from this source alone. Stage activity is counted only when the stage date is in the APR reporting year."
Chula Vista,2021,Building Permit,Other / source-reported,0.0,reported,HCD APR Table A2,2021,2026-10-07,Jurisdiction,Housing units (count),"HCD UNIT_CAT uses SFD, SFA, 2-4, 5+, ADU, and MH. The 2-4 category cannot be defensibly split into duplex versus 3-4-unit buildings from this source alone. Stage activity is counted only when the stage date is in the APR reporting year."
Chula Vista,2021,Building Permit,Single-family attached,0.0,reported,HCD APR Table A2,2021,2026-10-07,Jurisdiction,Housing units (count),"HCD UNIT_CAT uses SFD, SFA, 2-4, 5+, ADU, and MH. The 2-4 category cannot be defensibly split into duplex versus 3-4-unit buildings from this source alone. Stage activity is counted only when the stage date is in the APR reporting year."
Chula Vista,2021,Building Permit,Single-family detached,176.0,reported,HCD APR Table A2,2021,2026-10-07,Jurisdiction,Housing units (count),"HCD UNIT_CAT uses SFD, SFA, 2-4, 5+, ADU, and MH. The 2-4 category cannot be defensibly split into duplex versus 3-4-unit buildings from this source alone. Stage activity is counted only when the stage date is in the APR reporting year."
Chula Vista,2021,Building Permit,Unknown / not reported,0.0,reported,HCD APR Table A2,2021,2026-10-07,Jurisdiction,Housing units (count),"HCD UNIT_CAT uses SFD, SFA, 2-4, 5+, ADU, and MH. The 2-4 category cannot be defensibly split into duplex versus 3-4-unit buildings from this source alone. Stage activity is counted only when the stage date is in the APR reporting year."
Chula Vista,2021,Completion,2-4 unit building (combined),102.0,reported,HCD APR Table A2,2021,2026-10-07,Jurisdiction,Housing units (count),"HCD UNIT_CAT uses SFD, SFA, 2-4, 5+, ADU, and MH. The 2-4 category cannot be defensibly split into duplex versus 3-4-unit buildings from this source alone. Stage activity is counted only when the stage date is in the APR reporting year."
Chula Vista,2021,Completion,5+ unit building,500.0,reported,HCD APR Table A2,2021,2026-10-07,Jurisdiction,Housing units (count),"HCD UNIT_CAT uses SFD, SFA, 2-4, 5+, ADU, and MH. The 2-4 category cannot be defensibly split into duplex versus 3-4-unit buildings from this source alone. Stage activity is counted only when the stage date is in the APR reporting year."
Chula Vista,2021,Completion,Accessory dwelling unit,42.0,reported,HCD APR Table A2,2021,2026-10-07,Jurisdiction,Housing units (count),"HCD UNIT_CAT uses SFD, SFA, 2-4, 5+, ADU, and MH. The 2-4 category cannot be defensibly split into duplex versus 3-4-unit buildings from this source alone. Stage activity is counted only when the stage date is in the APR reporting year."
Chula Vista,2021,Completion,Mobile home / manufactured home,0.0,reported,HCD APR Table A2,2021,2026-10-07,Jurisdiction,Housing units (count),"HCD UNIT_CAT uses SFD, SFA, 2-4, 5+, ADU, and MH. The 2-4 category cannot be defensibly split into duplex versus 3-4-unit buildings from this source alone. Stage activity is counted only when the stage date is in the APR reporting year."
Chula Vista,2021,Completion,Other / source-reported,0.0,reported,HCD APR Table A2,2021,2026-10-07,Jurisdiction,Housing units (count),"HCD UNIT_CAT uses SFD, SFA, 2-4, 5+, ADU, and MH. The 2-4 category cannot be defensibly split into duplex versus 3-4-unit buildings from this source alone. Stage activity is counted only when the stage date is in the APR reporting year."
Chula Vista,2021,Completion,Single-family attached,0.0,reported,HCD APR Table A2,2021,2026-10-07,Jurisdiction,Housing units (count),"HCD UNIT_CAT uses SFD, SFA, 2-4, 5+, ADU, and MH. The 2-4 category cannot be defensibly split into duplex versus 3-4-unit buildings from this source alone. Stage activity is counted only when the stage date is in the APR reporting year."
Chula Vista,2021,Completion,Single-family detached,121.0,reported,HCD APR Table A2,2021,2026-10-07,Jurisdiction,Housing units (count),"HCD UNIT_CAT uses SFD, SFA, 2-4, 5+, ADU, and MH. The 2-4 category cannot be defensibly split into duplex versus 3-4-unit buildings from this source alone. Stage activity is counted only when the stage date is in the APR reporting year."
Chula Vista,2021,Completion,Unknown / not reported,0.0,reported,HCD APR Table A2,2021,2026-10-07,Jurisdiction,Housing units (count),"HCD UNIT_CAT uses SFD, SFA, 2-4, 5+, ADU, and MH. The 2-4 category cannot be defensibly split into duplex versus 3-4-unit buildings from this source alone. Stage activity is counted only when the stage date is in the APR reporting year."
Chula Vista,2022,Building Permit,2-4 unit building (combined),95.0,reported,HCD APR Table A2,2022,2026-10-07,Jurisdiction,Housing units (count),"HCD UNIT_CAT uses SFD, SFA, 2-4, 5+, ADU, and MH. The 2-4 category cannot be defensibly split into duplex versus 3-4-unit buildings from this source alone. Stage activity is counted only when the stage date is in the APR reporting year."
Chula Vista,2022,Building Permit,5+ unit building,837.0,reported,HCD APR Table A2,2022,2026-10-07,Jurisdiction,Housing units (count),"HCD UNIT_CAT uses SFD, SFA, 2-4, 5+, ADU, and MH. The 2-4 category cannot be defensibly split into duplex versus 3-4-unit buildings from this source alone. Stage activity is counted only when the stage date is in the APR reporting year."
Chula Vista,2022,Building Permit,Accessory dwelling unit,220.0,reported,HCD APR Table A2,2022,2026-10-07,Jurisdiction,Housing units (count),"HCD UNIT_CAT uses SFD, SFA, 2-4, 5+, ADU, and MH. The 2-4 category cannot be defensibly split into duplex versus 3-4-unit buildings from this source alone. Stage activity is counted only when the stage date is in the APR reporting year."
Chula Vista,2022,Building Permit,Mobile home / manufactured home,0.0,reported,HCD APR Table A2,2022,2026-10-07,Jurisdiction,Housing units (count),"HCD UNIT_CAT uses SFD, SFA, 2-4, 5+, ADU, and MH. The 2-4 category cannot be defensibly split into duplex versus 3-4-unit buildings from this source alone. Stage activity is counted only when the stage date is in the APR reporting year."
Chula Vista,2022,Building Permit,Other / source-reported,0.0,reported,HCD APR Table A2,2022,2026-10-07,Jurisdiction,Housing units (count),"HCD UNIT_CAT uses SFD, SFA, 2-4, 5+, ADU, and MH. The 2-4 category cannot be defensibly split into duplex versus 3-4-unit buildings from this source alone. Stage activity is counted only when the stage date is in the APR reporting year."
Chula Vista,2022,Building Permit,Single-family attached,0.0,reported,HCD APR Table A2,2022,2026-10-07,Jurisdiction,Housing units (count),"HCD UNIT_CAT uses SFD, SFA, 2-4, 5+, ADU, and MH. The 2-4 category cannot be defensibly split into duplex versus 3-4-unit buildings from this source alone. Stage activity is counted only when the stage date is in the APR reporting year."
Chula Vista,2022,Building Permit,Single-family detached,26.0,reported,HCD APR Table A2,2022,2026-10-07,Jurisdiction,Housing units (count),"HCD UNIT_CAT uses SFD, SFA, 2-4, 5+, ADU, and MH. The 2-4 category cannot be defensibly split into duplex versus 3-4-unit buildings from this source alone. Stage activity is counted only when the stage date is in the APR reporting year."
Chula Vista,2022,Building Permit,Unknown / not reported,0.0,reported,HCD APR Table A2,2022,2026-10-07,Jurisdiction,Housing units (count),"HCD UNIT_CAT uses SFD, SFA, 2-4, 5+, ADU, and MH. The 2-4 category cannot be defensibly split into duplex versus 3-4-unit buildings from this source alone. Stage activity is counted only when the stage date is in the APR reporting year."
Chula Vista,2022,Completion,2-4 unit building (combined),26.0,reported,HCD APR Table A2,2022,2026-10-07,Jurisdiction,Housing units (count),"HCD UNIT_CAT uses SFD, SFA, 2-4, 5+, ADU, and MH. The 2-4 category cannot be defensibly split into duplex versus 3-4-unit buildings from this source alone. Stage activity is counted only when the stage date is in the APR reporting year."
Chula Vista,2022,Completion,5+ unit building,1048.0,reported,HCD APR Table A2,2022,2026-10-07,Jurisdiction,Housing units (count),"HCD UNIT_CAT uses SFD, SFA, 2-4, 5+, ADU, and MH. The 2-4 category cannot be defensibly split into duplex versus 3-4-unit buildings from this source alone. Stage activity is counted only when the stage date is in the APR reporting year."
Chula Vista,2022,Completion,Accessory dwelling unit,74.0,reported,HCD APR Table A2,2022,2026-10-07,Jurisdiction,Housing units (count),"HCD UNIT_CAT uses SFD, SFA, 2-4, 5+, ADU, and MH. The 2-4 category cannot be defensibly split into duplex versus 3-4-unit buildings from this source alone. Stage activity is counted only when the stage date is in the APR reporting year."
Chula Vista,2022,Completion,Mobile home / manufactured home,0.0,reported,HCD APR Table A2,2022,2026-10-07,Jurisdiction,Housing units (count),"HCD UNIT_CAT uses SFD, SFA, 2-4, 5+, ADU, and MH. The 2-4 category cannot be defensibly split into duplex versus 3-4-unit buildings from this source alone. Stage activity is counted only when the stage date is in the APR reporting year."
Chula Vista,2022,Completion,Other / source-reported,0.0,reported,HCD APR Table A2,2022,2026-10-07,Jurisdiction,Housing units (count),"HCD UNIT_CAT uses SFD, SFA, 2-4, 5+, ADU, and MH. The 2-4 category cannot be defensibly split into duplex versus 3-4-unit buildings from this source alone. Stage activity is counted only when the stage date is in the APR reporting year."
Chula Vista,2022,Completion,Single-family attached,58.0,reported,HCD APR Table A2,2022,2026-10-07,Jurisdiction,Housing units (count),"HCD UNIT_CAT uses SFD, SFA, 2-4, 5+, ADU, and MH. The 2-4 category cannot be defensibly split into duplex versus 3-4-unit buildings from this source alone. Stage activity is counted only when the stage date is in the APR reporting year."
Chula Vista,2022,Completion,Single-family detached,135.0,reported,HCD APR Table A2,2022,2026-10-07,Jurisdiction,Housing units (count),"HCD UNIT_CAT uses SFD, SFA, 2-4, 5+, ADU, and MH. The 2-4 category cannot be defensibly split into duplex versus 3-4-unit buildings from this source alone. Stage activity is counted only when the stage date is in the APR reporting year."
Chula Vista,2022,Completion,Unknown / not reported,0.0,reported,HCD APR Table A2,2022,2026-10-07,Jurisdiction,Housing units (count),"HCD UNIT_CAT uses SFD, SFA, 2-4, 5+, ADU, and MH. The 2-4 category cannot be defensibly split into duplex versus 3-4-unit buildings from this source alone. Stage activity is counted only when the stage date is in the APR reporting year."
Chula Vista,2023,Building Permit,2-4 unit building (combined),2.0,reported,HCD APR Table A2,2023,2026-10-07,Jurisdiction,Housing units (count),"HCD UNIT_CAT uses SFD, SFA, 2-4, 5+, ADU, and MH. The 2-4 category cannot be defensibly split into duplex versus 3-4-unit buildings from this source alone. Stage activity is counted only when the stage date is in the APR reporting year."
Chula Vista,2023,Building Permit,5+ unit building,309.0,reported,HCD APR Table A2,2023,2026-10-07,Jurisdiction,Housing units (count),"HCD UNIT_CAT uses SFD, SFA, 2-4, 5+, ADU, and MH. The 2-4 category cannot be defensibly split into duplex versus 3-4-unit buildings from this source alone. Stage activity is counted only when the stage date is in the APR reporting year."
Chula Vista,2023,Building Permit,Accessory dwelling unit,148.0,reported,HCD APR Table A2,2023,2026-10-07,Jurisdiction,Housing units (count),"HCD UNIT_CAT uses SFD, SFA, 2-4, 5+, ADU, and MH. The 2-4 category cannot be defensibly split into duplex versus 3-4-unit buildings from this source alone. Stage activity is counted only when the stage date is in the APR reporting year."
Chula Vista,2023,Building Permit,Mobile home / manufactured home,0.0,reported,HCD APR Table A2,2023,2026-10-07,Jurisdiction,Housing units (count),"HCD UNIT_CAT uses SFD, SFA, 2-4, 5+, ADU, and MH. The 2-4 category cannot be defensibly split into duplex versus 3-4-unit buildings from this source alone. Stage activity is counted only when the stage date is in the APR reporting year."
Chula Vista,2023,Building Permit,Other / source-reported,0.0,reported,HCD APR Table A2,2023,2026-10-07,Jurisdiction,Housing units (count),"HCD UNIT_CAT uses SFD, SFA, 2-4, 5+, ADU, and MH. The 2-4 category cannot be defensibly split into duplex versus 3-4-unit buildings from this source alone. Stage activity is counted only when the stage date is in the APR reporting year."
Chula Vista,2023,Building Permit,Single-family attached,289.0,reported,HCD APR Table A2,2023,2026-10-07,Jurisdiction,Housing units (count),"HCD UNIT_CAT uses SFD, SFA, 2-4, 5+, ADU, and MH. The 2-4 category cannot be defensibly split into duplex versus 3-4-unit buildings from this source alone. Stage activity is counted only when the stage date is in the APR reporting year."
Chula Vista,2023,Building Permit,Single-family detached,131.0,reported,HCD APR Table A2,2023,2026-10-07,Jurisdiction,Housing units (count),"HCD UNIT_CAT uses SFD, SFA, 2-4, 5+, ADU, and MH. The 2-4 category cannot be defensibly split into duplex versus 3-4-unit buildings from this source alone. Stage activity is counted only when the stage date is in the APR reporting year."
Chula Vista,2023,Building Permit,Unknown / not reported,0.0,reported,HCD APR Table A2,2023,2026-10-07,Jurisdiction,Housing units (count),"HCD UNIT_CAT uses SFD, SFA, 2-4, 5+, ADU, and MH. The 2-4 category cannot be defensibly split into duplex versus 3-4-unit buildings from this source alone. Stage activity is counted only when the stage date is in the APR reporting year."
Chula Vista,2023,Completion,2-4 unit building (combined),15.0,reported,HCD APR Table A2,2023,2026-10-07,Jurisdiction,Housing units (count),"HCD UNIT_CAT uses SFD, SFA, 2-4, 5+, ADU, and MH. The 2-4 category cannot be defensibly split into duplex versus 3-4-unit buildings from this source alone. Stage activity is counted only when the stage date is in the APR reporting year."
Chula Vista,2023,Completion,5+ unit building,743.0,reported,HCD APR Table A2,2023,2026-10-07,Jurisdiction,Housing units (count),"HCD UNIT_CAT uses SFD, SFA, 2-4, 5+, ADU, and MH. The 2-4 category cannot be defensibly split into duplex versus 3-4-unit buildings from this source alone. Stage activity is counted only when the stage date is in the APR reporting year."
Chula Vista,2023,Completion,Accessory dwelling unit,80.0,reported,HCD APR Table A2,2023,2026-10-07,Jurisdiction,Housing units (count),"HCD UNIT_CAT uses SFD, SFA, 2-4, 5+, ADU, and MH. The 2-4 category cannot be defensibly split into duplex versus 3-4-unit buildings from this source alone. Stage activity is counted only when the stage date is in the APR reporting year."
Chula Vista,2023,Completion,Mobile home / manufactured home,4.0,reported,HCD APR Table A2,2023,2026-10-07,Jurisdiction,Housing units (count),"HCD UNIT_CAT uses SFD, SFA, 2-4, 5+, ADU, and MH. The 2-4 category cannot be defensibly split into duplex versus 3-4-unit buildings from this source alone. Stage activity is counted only when the stage date is in the APR reporting year."
Chula Vista,2023,Completion,Other / source-reported,0.0,reported,HCD APR Table A2,2023,2026-10-07,Jurisdiction,Housing units (count),"HCD UNIT_CAT uses SFD, SFA, 2-4, 5+, ADU, and MH. The 2-4 category cannot be defensibly split into duplex versus 3-4-unit buildings from this source alone. Stage activity is counted only when the stage date is in the APR reporting year."
Chula Vista,2023,Completion,Single-family attached,116.0,reported,HCD APR Table A2,2023,2026-10-07,Jurisdiction,Housing units (count),"HCD UNIT_CAT uses SFD, SFA, 2-4, 5+, ADU, and MH. The 2-4 category cannot be defensibly split into duplex versus 3-4-unit buildings from this source alone. Stage activity is counted only when the stage date is in the APR reporting year."
Chula Vista,2023,Completion,Single-family detached,104.0,reported,HCD APR Table A2,2023,2026-10-07,Jurisdiction,Housing units (count),"HCD UNIT_CAT uses SFD, SFA, 2-4, 5+, ADU, and MH. The 2-4 category cannot be defensibly split into duplex versus 3-4-unit buildings from this source alone. Stage activity is counted only when the stage date is in the APR reporting year."
Chula Vista,2023,Completion,Unknown / not reported,0.0,reported,HCD APR Table A2,2023,2026-10-07,Jurisdiction,Housing units (count),"HCD UNIT_CAT uses SFD, SFA, 2-4, 5+, ADU, and MH. The 2-4 category cannot be defensibly split into duplex versus 3-4-unit buildings from this source alone. Stage activity is counted only when the stage date is in the APR reporting year."
Chula Vista,2024,Building Permit,2-4 unit building (combined),111.0,reported,HCD APR Table A2,2024,2026-10-07,Jurisdiction,Housing units (count),"HCD UNIT_CAT uses SFD, SFA, 2-4, 5+, ADU, and MH. The 2-4 category cannot be defensibly split into duplex versus 3-4-unit buildings from this source alone. Stage activity is counted only when the stage date is in the APR reporting year."
Chula Vista,2024,Building Permit,5+ unit building,987.0,reported,HCD APR Table A2,2024,2026-10-07,Jurisdiction,Housing units (count),"HCD UNIT_CAT uses SFD, SFA, 2-4, 5+, ADU, and MH. The 2-4 category cannot be defensibly split into duplex versus 3-4-unit buildings from this source alone. Stage activity is counted only when the stage date is in the APR reporting year."
Chula Vista,2024,Building Permit,Accessory dwelling unit,246.0,reported,HCD APR Table A2,2024,2026-10-07,Jurisdiction,Housing units (count),"HCD UNIT_CAT uses SFD, SFA, 2-4, 5+, ADU, and MH. The 2-4 category cannot be defensibly split into duplex versus 3-4-unit buildings from this source alone. Stage activity is counted only when the stage date is in the APR reporting year."
Chula Vista,2024,Building Permit,Mobile home / manufactured home,0.0,reported,HCD APR Table A2,2024,2026-10-07,Jurisdiction,Housing units (count),"HCD UNIT_CAT uses SFD, SFA, 2-4, 5+, ADU, and MH. The 2-4 category cannot be defensibly split into duplex versus 3-4-unit buildings from this source alone. Stage activity is counted only when the stage date is in the APR reporting year."
Chula Vista,2024,Building Permit,Other / source-reported,0.0,reported,HCD APR Table A2,2024,2026-10-07,Jurisdiction,Housing units (count),"HCD UNIT_CAT uses SFD, SFA, 2-4, 5+, ADU, and MH. The 2-4 category cannot be defensibly split into duplex versus 3-4-unit buildings from this source alone. Stage activity is counted only when the stage date is in the APR reporting year."
Chula Vista,2024,Building Permit,Single-family attached,198.0,reported,HCD APR Table A2,2024,2026-10-07,Jurisdiction,Housing units (count),"HCD UNIT_CAT uses SFD, SFA, 2-4, 5+, ADU, and MH. The 2-4 category cannot be defensibly split into duplex versus 3-4-unit buildings from this source alone. Stage activity is counted only when the stage date is in the APR reporting year."
Chula Vista,2024,Building Permit,Single-family detached,101.0,reported,HCD APR Table A2,2024,2026-10-07,Jurisdiction,Housing units (count),"HCD UNIT_CAT uses SFD, SFA, 2-4, 5+, ADU, and MH. The 2-4 category cannot be defensibly split into duplex versus 3-4-unit buildings from this source alone. Stage activity is counted only when the stage date is in the APR reporting year."
Chula Vista,2024,Building Permit,Unknown / not reported,0.0,reported,HCD APR Table A2,2024,2026-10-07,Jurisdiction,Housing units (count),"HCD UNIT_CAT uses SFD, SFA, 2-4, 5+, ADU, and MH. The 2-4 category cannot be defensibly split into duplex versus 3-4-unit buildings from this source alone. Stage activity is counted only when the stage date is in the APR reporting year."
Chula Vista,2024,Completion,2-4 unit building (combined),21.0,reported,HCD APR Table A2,2024,2026-10-07,Jurisdiction,Housing units (count),"HCD UNIT_CAT uses SFD, SFA, 2-4, 5+, ADU, and MH. The 2-4 category cannot be defensibly split into duplex versus 3-4-unit buildings from this source alone. Stage activity is counted only when the stage date is in the APR reporting year."
Chula Vista,2024,Completion,5+ unit building,768.0,reported,HCD APR Table A2,2024,2026-10-07,Jurisdiction,Housing units (count),"HCD UNIT_CAT uses SFD, SFA, 2-4, 5+, ADU, and MH. The 2-4 category cannot be defensibly split into duplex versus 3-4-unit buildings from this source alone. Stage activity is counted only when the stage date is in the APR reporting year."
Chula Vista,2024,Completion,Accessory dwelling unit,99.0,reported,HCD APR Table A2,2024,2026-10-07,Jurisdiction,Housing units (count),"HCD UNIT_CAT uses SFD, SFA, 2-4, 5+, ADU, and MH. The 2-4 category cannot be defensibly split into duplex versus 3-4-unit buildings from this source alone. Stage activity is counted only when the stage date is in the APR reporting year."
Chula Vista,2024,Completion,Mobile home / manufactured home,0.0,reported,HCD APR Table A2,2024,2026-10-07,Jurisdiction,Housing units (count),"HCD UNIT_CAT uses SFD, SFA, 2-4, 5+, ADU, and MH. The 2-4 category cannot be defensibly split into duplex versus 3-4-unit buildings from this source alone. Stage activity is counted only when the stage date is in the APR reporting year."
Chula Vista,2024,Completion,Other / source-reported,0.0,reported,HCD APR Table A2,2024,2026-10-07,Jurisdiction,Housing units (count),"HCD UNIT_CAT uses SFD, SFA, 2-4, 5+, ADU, and MH. The 2-4 category cannot be defensibly split into duplex versus 3-4-unit buildings from this source alone. Stage activity is counted only when the stage date is in the APR reporting year."
Chula Vista,2024,Completion,Single-family attached,304.0,reported,HCD APR Table A2,2024,2026-10-07,Jurisdiction,Housing units (count),"HCD UNIT_CAT uses SFD, SFA, 2-4, 5+, ADU, and MH. The 2-4 category cannot be defensibly split into duplex versus 3-4-unit buildings from this source alone. Stage activity is counted only when the stage date is in the APR reporting year."
Chula Vista,2024,Completion,Single-family detached,156.0,reported,HCD APR Table A2,2024,2026-10-07,Jurisdiction,Housing units (count),"HCD UNIT_CAT uses SFD, SFA, 2-4, 5+, ADU, and MH. The 2-4 category cannot be defensibly split into duplex versus 3-4-unit buildings from this source alone. Stage activity is counted only when the stage date is in the APR reporting year."
Chula Vista,2024,Completion,Unknown / not reported,0.0,reported,HCD APR Table A2,2024,2026-10-07,Jurisdiction,Housing units (count),"HCD UNIT_CAT uses SFD, SFA, 2-4, 5+, ADU, and MH. The 2-4 category cannot be defensibly split into duplex versus 3-4-unit buildings from this source alone. Stage activity is counted only when the stage date is in the APR reporting year."
Chula Vista,2025,Building Permit,2-4 unit building (combined),86.0,reported,HCD APR Table A2,2025,2026-10-07,Jurisdiction,Housing units (count),"HCD UNIT_CAT uses SFD, SFA, 2-4, 5+, ADU, and MH. The 2-4 category cannot be defensibly split into duplex versus 3-4-unit buildings from this source alone. Stage activity is counted only when the stage date is in the APR reporting year."
Chula Vista,2025,Building Permit,5+ unit building,377.0,reported,HCD APR Table A2,2025,2026-10-07,Jurisdiction,Housing units (count),"HCD UNIT_CAT uses SFD, SFA, 2-4, 5+, ADU, and MH. The 2-4 category cannot be defensibly split into duplex versus 3-4-unit buildings from this source alone. Stage activity is counted only when the stage date is in the APR reporting year."
Chula Vista,2025,Building Permit,Accessory dwelling unit,223.0,reported,HCD APR Table A2,2025,2026-10-07,Jurisdiction,Housing units (count),"HCD UNIT_CAT uses SFD, SFA, 2-4, 5+, ADU, and MH. The 2-4 category cannot be defensibly split into duplex versus 3-4-unit buildings from this source alone. Stage activity is counted only when the stage date is in the APR reporting year."
Chula Vista,2025,Building Permit,Mobile home / manufactured home,0.0,reported,HCD APR Table A2,2025,2026-10-07,Jurisdiction,Housing units (count),"HCD UNIT_CAT uses SFD, SFA, 2-4, 5+, ADU, and MH. The 2-4 category cannot be defensibly split into duplex versus 3-4-unit buildings from this source alone. Stage activity is counted only when the stage date is in the APR reporting year."
Chula Vista,2025,Building Permit,Other / source-reported,0.0,reported,HCD APR Table A2,2025,2026-10-07,Jurisdiction,Housing units (count),"HCD UNIT_CAT uses SFD, SFA, 2-4, 5+, ADU, and MH. The 2-4 category cannot be defensibly split into duplex versus 3-4-unit buildings from this source alone. Stage activity is counted only when the stage date is in the APR reporting year."
Chula Vista,2025,Building Permit,Single-family attached,0.0,reported,HCD APR Table A2,2025,2026-10-07,Jurisdiction,Housing units (count),"HCD UNIT_CAT uses SFD, SFA, 2-4, 5+, ADU, and MH. The 2-4 category cannot be defensibly split into duplex versus 3-4-unit buildings from this source alone. Stage activity is counted only when the stage date is in the APR reporting year."
Chula Vista,2025,Building Permit,Single-family detached,31.0,reported,HCD APR Table A2,2025,2026-10-07,Jurisdiction,Housing units (count),"HCD UNIT_CAT uses SFD, SFA, 2-4, 5+, ADU, and MH. The 2-4 category cannot be defensibly split into duplex versus 3-4-unit buildings from this source alone. Stage activity is counted only when the stage date is in the APR reporting year."
Chula Vista,2025,Building Permit,Unknown / not reported,0.0,reported,HCD APR Table A2,2025,2026-10-07,Jurisdiction,Housing units (count),"HCD UNIT_CAT uses SFD, SFA, 2-4, 5+, ADU, and MH. The 2-4 category cannot be defensibly split into duplex versus 3-4-unit buildings from this source alone. Stage activity is counted only when the stage date is in the APR reporting year."
Chula Vista,2025,Completion,2-4 unit building (combined),206.0,reported,HCD APR Table A2,2025,2026-10-07,Jurisdiction,Housing units (count),"HCD UNIT_CAT uses SFD, SFA, 2-4, 5+, ADU, and MH. The 2-4 category cannot be defensibly split into duplex versus 3-4-unit buildings from this source alone. Stage activity is counted only when the stage date is in the APR reporting year."
Chula Vista,2025,Completion,5+ unit building,964.0,reported,HCD APR Table A2,2025,2026-10-07,Jurisdiction,Housing units (count),"HCD UNIT_CAT uses SFD, SFA, 2-4, 5+, ADU, and MH. The 2-4 category cannot be defensibly split into duplex versus 3-4-unit buildings from this source alone. Stage activity is counted only when the stage date is in the APR reporting year."
Chula Vista,2025,Completion,Accessory dwelling unit,202.0,reported,HCD APR Table A2,2025,2026-10-07,Jurisdiction,Housing units (count),"HCD UNIT_CAT uses SFD, SFA, 2-4, 5+, ADU, and MH. The 2-4 category cannot be defensibly split into duplex versus 3-4-unit buildings from this source alone. Stage activity is counted only when the stage date is in the APR reporting year."
Chula Vista,2025,Completion,Mobile home / manufactured home,0.0,reported,HCD APR Table A2,2025,2026-10-07,Jurisdiction,Housing units (count),"HCD UNIT_CAT uses SFD, SFA, 2-4, 5+, ADU, and MH. The 2-4 category cannot be defensibly split into duplex versus 3-4-unit buildings from this source alone. Stage activity is counted only when the stage date is in the APR reporting year."
Chula Vista,2025,Completion,Other / source-reported,0.0,reported,HCD APR Table A2,2025,2026-10-07,Jurisdiction,Housing units (count),"HCD UNIT_CAT uses SFD, SFA, 2-4, 5+, ADU, and MH. The 2-4 category cannot be defensibly split into duplex versus 3-4-unit buildings from this source alone. Stage activity is counted only when the stage date is in the APR reporting year."
Chula Vista,2025,Completion,Single-family attached,0.0,reported,HCD APR Table A2,2025,2026-10-07,Jurisdiction,Housing units (count),"HCD UNIT_CAT uses SFD, SFA, 2-4, 5+, ADU, and MH. The 2-4 category cannot be defensibly split into duplex versus 3-4-unit buildings from this source alone. Stage activity is counted only when the stage date is in the APR reporting year."
Chula Vista,2025,Completion,Single-family detached,56.0,reported,HCD APR Table A2,2025,2026-10-07,Jurisdiction,Housing units (count),"HCD UNIT_CAT uses SFD, SFA, 2-4, 5+, ADU, and MH. The 2-4 category cannot be defensibly split into duplex versus 3-4-unit buildings from this source alone. Stage activity is counted only when the stage date is in the APR reporting year."
Chula Vista,2025,Completion,Unknown / not reported,0.0,reported,HCD APR Table A2,2025,2026-10-07,Jurisdiction,Housing units (count),"HCD UNIT_CAT uses SFD, SFA, 2-4, 5+, ADU, and MH. The 2-4 category cannot be defensibly split into duplex versus 3-4-unit buildings from this source alone. Stage activity is counted only when the stage date is in the APR reporting year."
Coronado,2018,Building Permit,2-4 unit building (combined),2.0,reported,HCD APR Table A2,2018,2026-10-07,Jurisdiction,Housing units (count),"HCD UNIT_CAT uses SFD, SFA, 2-4, 5+, ADU, and MH. The 2-4 category cannot be defensibly split into duplex versus 3-4-unit buildings from this source alone. Stage activity is counted only when the stage date is in the APR reporting year."
Coronado,2018,Building Permit,5+ unit building,0.0,reported,HCD APR Table A2,2018,2026-10-07,Jurisdiction,Housing units (count),"HCD UNIT_CAT uses SFD, SFA, 2-4, 5+, ADU, and MH. The 2-4 category cannot be defensibly split into duplex versus 3-4-unit buildings from this source alone. Stage activity is counted only when the stage date is in the APR reporting year."
Coronado,2018,Building Permit,Accessory dwelling unit,10.0,reported,HCD APR Table A2,2018,2026-10-07,Jurisdiction,Housing units (count),"HCD UNIT_CAT uses SFD, SFA, 2-4, 5+, ADU, and MH. The 2-4 category cannot be defensibly split into duplex versus 3-4-unit buildings from this source alone. Stage activity is counted only when the stage date is in the APR reporting year."
Coronado,2018,Building Permit,Mobile home / manufactured home,0.0,reported,HCD APR Table A2,2018,2026-10-07,Jurisdiction,Housing units (count),"HCD UNIT_CAT uses SFD, SFA, 2-4, 5+, ADU, and MH. The 2-4 category cannot be defensibly split into duplex versus 3-4-unit buildings from this source alone. Stage activity is counted only when the stage date is in the APR reporting year."
Coronado,2018,Building Permit,Other / source-reported,0.0,reported,HCD APR Table A2,2018,2026-10-07,Jurisdiction,Housing units (count),"HCD UNIT_CAT uses SFD, SFA, 2-4, 5+, ADU, and MH. The 2-4 category cannot be defensibly split into duplex versus 3-4-unit buildings from this source alone. Stage activity is counted only when the stage date is in the APR reporting year."
Coronado,2018,Building Permit,Single-family attached,0.0,reported,HCD APR Table A2,2018,2026-10-07,Jurisdiction,Housing units (count),"HCD UNIT_CAT uses SFD, SFA, 2-4, 5+, ADU, and MH. The 2-4 category cannot be defensibly split into duplex versus 3-4-unit buildings from this source alone. Stage activity is counted only when the stage date is in the APR reporting year."
Coronado,2018,Building Permit,Single-family detached,3.0,reported,HCD APR Table A2,2018,2026-10-07,Jurisdiction,Housing units (count),"HCD UNIT_CAT uses SFD, SFA, 2-4, 5+, ADU, and MH. The 2-4 category cannot be defensibly split into duplex versus 3-4-unit buildings from this source alone. Stage activity is counted only when the stage date is in the APR reporting year."
Coronado,2018,Building Permit,Unknown / not reported,0.0,reported,HCD APR Table A2,2018,2026-10-07,Jurisdiction,Housing units (count),"HCD UNIT_CAT uses SFD, SFA, 2-4, 5+, ADU, and MH. The 2-4 category cannot be defensibly split into duplex versus 3-4-unit buildings from this source alone. Stage activity is counted only when the stage date is in the APR reporting year."
Coronado,2018,Completion,2-4 unit building (combined),7.0,reported,HCD APR Table A2,2018,2026-10-07,Jurisdiction,Housing units (count),"HCD UNIT_CAT uses SFD, SFA, 2-4, 5+, ADU, and MH. The 2-4 category cannot be defensibly split into duplex versus 3-4-unit buildings from this source alone. Stage activity is counted only when the stage date is in the APR reporting year."
Coronado,2018,Completion,5+ unit building,0.0,reported,HCD APR Table A2,2018,2026-10-07,Jurisdiction,Housing units (count),"HCD UNIT_CAT uses SFD, SFA, 2-4, 5+, ADU, and MH. The 2-4 category cannot be defensibly split into duplex versus 3-4-unit buildings from this source alone. Stage activity is counted only when the stage date is in the APR reporting year."
Coronado,2018,Completion,Accessory dwelling unit,6.0,reported,HCD APR Table A2,2018,2026-10-07,Jurisdiction,Housing units (count),"HCD UNIT_CAT uses SFD, SFA, 2-4, 5+, ADU, and MH. The 2-4 category cannot be defensibly split into duplex versus 3-4-unit buildings from this source alone. Stage activity is counted only when the stage date is in the APR reporting year."
Coronado,2018,Completion,Mobile home / manufactured home,0.0,reported,HCD APR Table A2,2018,2026-10-07,Jurisdiction,Housing units (count),"HCD UNIT_CAT uses SFD, SFA, 2-4, 5+, ADU, and MH. The 2-4 category cannot be defensibly split into duplex versus 3-4-unit buildings from this source alone. Stage activity is counted only when the stage date is in the APR reporting year."
Coronado,2018,Completion,Other / source-reported,0.0,reported,HCD APR Table A2,2018,2026-10-07,Jurisdiction,Housing units (count),"HCD UNIT_CAT uses SFD, SFA, 2-4, 5+, ADU, and MH. The 2-4 category cannot be defensibly split into duplex versus 3-4-unit buildings from this source alone. Stage activity is counted only when the stage date is in the APR reporting year."
Coronado,2018,Completion,Single-family attached,0.0,reported,HCD APR Table A2,2018,2026-10-07,Jurisdiction,Housing units (count),"HCD UNIT_CAT uses SFD, SFA, 2-4, 5+, ADU, and MH. The 2-4 category cannot be defensibly split into duplex versus 3-4-unit buildings from this source alone. Stage activity is counted only when the stage date is in the APR reporting year."
Coronado,2018,Completion,Single-family detached,7.0,reported,HCD APR Table A2,2018,2026-10-07,Jurisdiction,Housing units (count),"HCD UNIT_CAT uses SFD, SFA, 2-4, 5+, ADU, and MH. The 2-4 category cannot be defensibly split into duplex versus 3-4-unit buildings from this source alone. Stage activity is counted only when the stage date is in the APR reporting year."
Coronado,2018,Completion,Unknown / not reported,0.0,reported,HCD APR Table A2,2018,2026-10-07,Jurisdiction,Housing units (count),"HCD UNIT_CAT uses SFD, SFA, 2-4, 5+, ADU, and MH. The 2-4 category cannot be defensibly split into duplex versus 3-4-unit buildings from this source alone. Stage activity is counted only when the stage date is in the APR reporting year."
Coronado,2019,Building Permit,2-4 unit building (combined),10.0,reported,HCD APR Table A2,2019,2026-10-07,Jurisdiction,Housing units (count),"HCD UNIT_CAT uses SFD, SFA, 2-4, 5+, ADU, and MH. The 2-4 category cannot be defensibly split into duplex versus 3-4-unit buildings from this source alone. Stage activity is counted only when the stage date is in the APR reporting year."
Coronado,2019,Building Permit,5+ unit building,0.0,reported,HCD APR Table A2,2019,2026-10-07,Jurisdiction,Housing units (count),"HCD UNIT_CAT uses SFD, SFA, 2-4, 5+, ADU, and MH. The 2-4 category cannot be defensibly split into duplex versus 3-4-unit buildings from this source alone. Stage activity is counted only when the stage date is in the APR reporting year."
Coronado,2019,Building Permit,Accessory dwelling unit,13.0,reported,HCD APR Table A2,2019,2026-10-07,Jurisdiction,Housing units (count),"HCD UNIT_CAT uses SFD, SFA, 2-4, 5+, ADU, and MH. The 2-4 category cannot be defensibly split into duplex versus 3-4-unit buildings from this source alone. Stage activity is counted only when the stage date is in the APR reporting year."
Coronado,2019,Building Permit,Mobile home / manufactured home,0.0,reported,HCD APR Table A2,2019,2026-10-07,Jurisdiction,Housing units (count),"HCD UNIT_CAT uses SFD, SFA, 2-4, 5+, ADU, and MH. The 2-4 category cannot be defensibly split into duplex versus 3-4-unit buildings from this source alone. Stage activity is counted only when the stage date is in the APR reporting year."
Coronado,2019,Building Permit,Other / source-reported,0.0,reported,HCD APR Table A2,2019,2026-10-07,Jurisdiction,Housing units (count),"HCD UNIT_CAT uses SFD, SFA, 2-4, 5+, ADU, and MH. The 2-4 category cannot be defensibly split into duplex versus 3-4-unit buildings from this source alone. Stage activity is counted only when the stage date is in the APR reporting year."
Coronado,2019,Building Permit,Single-family attached,0.0,reported,HCD APR Table A2,2019,2026-10-07,Jurisdiction,Housing units (count),"HCD UNIT_CAT uses SFD, SFA, 2-4, 5+, ADU, and MH. The 2-4 category cannot be defensibly split into duplex versus 3-4-unit buildings from this source alone. Stage activity is counted only when the stage date is in the APR reporting year."
Coronado,2019,Building Permit,Single-family detached,5.0,reported,HCD APR Table A2,2019,2026-10-07,Jurisdiction,Housing units (count),"HCD UNIT_CAT uses SFD, SFA, 2-4, 5+, ADU, and MH. The 2-4 category cannot be defensibly split into duplex versus 3-4-unit buildings from this source alone. Stage activity is counted only when the stage date is in the APR reporting year."
Coronado,2019,Building Permit,Unknown / not reported,0.0,reported,HCD APR Table A2,2019,2026-10-07,Jurisdiction,Housing units (count),"HCD UNIT_CAT uses SFD, SFA, 2-4, 5+, ADU, and MH. The 2-4 category cannot be defensibly split into duplex versus 3-4-unit buildings from this source alone. Stage activity is counted only when the stage date is in the APR reporting year."
Coronado,2019,Completion,2-4 unit building (combined),4.0,reported,HCD APR Table A2,2019,2026-10-07,Jurisdiction,Housing units (count),"HCD UNIT_CAT uses SFD, SFA, 2-4, 5+, ADU, and MH. The 2-4 category cannot be defensibly split into duplex versus 3-4-unit buildings from this source alone. Stage activity is counted only when the stage date is in the APR reporting year."
Coronado,2019,Completion,5+ unit building,0.0,reported,HCD APR Table A2,2019,2026-10-07,Jurisdiction,Housing units (count),"HCD UNIT_CAT uses SFD, SFA, 2-4, 5+, ADU, and MH. The 2-4 category cannot be defensibly split into duplex versus 3-4-unit buildings from this source alone. Stage activity is counted only when the stage date is in the APR reporting year."
Coronado,2019,Completion,Accessory dwelling unit,5.0,reported,HCD APR Table A2,2019,2026-10-07,Jurisdiction,Housing units (count),"HCD UNIT_CAT uses SFD, SFA, 2-4, 5+, ADU, and MH. The 2-4 category cannot be defensibly split into duplex versus 3-4-unit buildings from this source alone. Stage activity is counted only when the stage date is in the APR reporting year."
Coronado,2019,Completion,Mobile home / manufactured home,0.0,reported,HCD APR Table A2,2019,2026-10-07,Jurisdiction,Housing units (count),"HCD UNIT_CAT uses SFD, SFA, 2-4, 5+, ADU, and MH. The 2-4 category cannot be defensibly split into duplex versus 3-4-unit buildings from this source alone. Stage activity is counted only when the stage date is in the APR reporting year."
Coronado,2019,Completion,Other / source-reported,0.0,reported,HCD APR Table A2,2019,2026-10-07,Jurisdiction,Housing units (count),"HCD UNIT_CAT uses SFD, SFA, 2-4, 5+, ADU, and MH. The 2-4 category cannot be defensibly split into duplex versus 3-4-unit buildings from this source alone. Stage activity is counted only when the stage date is in the APR reporting year."
Coronado,2019,Completion,Single-family attached,0.0,reported,HCD APR Table A2,2019,2026-10-07,Jurisdiction,Housing units (count),"HCD UNIT_CAT uses SFD, SFA, 2-4, 5+, ADU, and MH. The 2-4 category cannot be defensibly split into duplex versus 3-4-unit buildings from this source alone. Stage activity is counted only when the stage date is in the APR reporting year."
Coronado,2019,Completion,Single-family detached,18.0,reported,HCD APR Table A2,2019,2026-10-07,Jurisdiction,Housing units (count),"HCD UNIT_CAT uses SFD, SFA, 2-4, 5+, ADU, and MH. The 2-4 category cannot be defensibly split into duplex versus 3-4-unit buildings from this source alone. Stage activity is counted only when the stage date is in the APR reporting year."
Coronado,2019,Completion,Unknown / not reported,0.0,reported,HCD APR Table A2,2019,2026-10-07,Jurisdiction,Housing units (count),"HCD UNIT_CAT uses SFD, SFA, 2-4, 5+, ADU, and MH. The 2-4 category cannot be defensibly split into duplex versus 3-4-unit buildings from this source alone. Stage activity is counted only when the stage date is in the APR reporting year."
Coronado,2020,Building Permit,2-4 unit building (combined),4.0,reported,HCD APR Table A2,2020,2026-10-07,Jurisdiction,Housing units (count),"HCD UNIT_CAT uses SFD, SFA, 2-4, 5+, ADU, and MH. The 2-4 category cannot be defensibly split into duplex versus 3-4-unit buildings from this source alone. Stage activity is counted only when the stage date is in the APR reporting year."
Coronado,2020,Building Permit,5+ unit building,0.0,reported,HCD APR Table A2,2020,2026-10-07,Jurisdiction,Housing units (count),"HCD UNIT_CAT uses SFD, SFA, 2-4, 5+, ADU, and MH. The 2-4 category cannot be defensibly split into duplex versus 3-4-unit buildings from this source alone. Stage activity is counted only when the stage date is in the APR reporting year."
Coronado,2020,Building Permit,Accessory dwelling unit,10.0,reported,HCD APR Table A2,2020,2026-10-07,Jurisdiction,Housing units (count),"HCD UNIT_CAT uses SFD, SFA, 2-4, 5+, ADU, and MH. The 2-4 category cannot be defensibly split into duplex versus 3-4-unit buildings from this source alone. Stage activity is counted only when the stage date is in the APR reporting year."
Coronado,2020,Building Permit,Mobile home / manufactured home,0.0,reported,HCD APR Table A2,2020,2026-10-07,Jurisdiction,Housing units (count),"HCD UNIT_CAT uses SFD, SFA, 2-4, 5+, ADU, and MH. The 2-4 category cannot be defensibly split into duplex versus 3-4-unit buildings from this source alone. Stage activity is counted only when the stage date is in the APR reporting year."
Coronado,2020,Building Permit,Other / source-reported,0.0,reported,HCD APR Table A2,2020,2026-10-07,Jurisdiction,Housing units (count),"HCD UNIT_CAT uses SFD, SFA, 2-4, 5+, ADU, and MH. The 2-4 category cannot be defensibly split into duplex versus 3-4-unit buildings from this source alone. Stage activity is counted only when the stage date is in the APR reporting year."
Coronado,2020,Building Permit,Single-family attached,0.0,reported,HCD APR Table A2,2020,2026-10-07,Jurisdiction,Housing units (count),"HCD UNIT_CAT uses SFD, SFA, 2-4, 5+, ADU, and MH. The 2-4 category cannot be defensibly split into duplex versus 3-4-unit buildings from this source alone. Stage activity is counted only when the stage date is in the APR reporting year."
Coronado,2020,Building Permit,Single-family detached,15.0,reported,HCD APR Table A2,2020,2026-10-07,Jurisdiction,Housing units (count),"HCD UNIT_CAT uses SFD, SFA, 2-4, 5+, ADU, and MH. The 2-4 category cannot be defensibly split into duplex versus 3-4-unit buildings from this source alone. Stage activity is counted only when the stage date is in the APR reporting year."
Coronado,2020,Building Permit,Unknown / not reported,0.0,reported,HCD APR Table A2,2020,2026-10-07,Jurisdiction,Housing units (count),"HCD UNIT_CAT uses SFD, SFA, 2-4, 5+, ADU, and MH. The 2-4 category cannot be defensibly split into duplex versus 3-4-unit buildings from this source alone. Stage activity is counted only when the stage date is in the APR reporting year."
Coronado,2020,Completion,2-4 unit building (combined),4.0,reported,HCD APR Table A2,2020,2026-10-07,Jurisdiction,Housing units (count),"HCD UNIT_CAT uses SFD, SFA, 2-4, 5+, ADU, and MH. The 2-4 category cannot be defensibly split into duplex versus 3-4-unit buildings from this source alone. Stage activity is counted only when the stage date is in the APR reporting year."
Coronado,2020,Completion,5+ unit building,0.0,reported,HCD APR Table A2,2020,2026-10-07,Jurisdiction,Housing units (count),"HCD UNIT_CAT uses SFD, SFA, 2-4, 5+, ADU, and MH. The 2-4 category cannot be defensibly split into duplex versus 3-4-unit buildings from this source alone. Stage activity is counted only when the stage date is in the APR reporting year."
Coronado,2020,Completion,Accessory dwelling unit,19.0,reported,HCD APR Table A2,2020,2026-10-07,Jurisdiction,Housing units (count),"HCD UNIT_CAT uses SFD, SFA, 2-4, 5+, ADU, and MH. The 2-4 category cannot be defensibly split into duplex versus 3-4-unit buildings from this source alone. Stage activity is counted only when the stage date is in the APR reporting year."
Coronado,2020,Completion,Mobile home / manufactured home,0.0,reported,HCD APR Table A2,2020,2026-10-07,Jurisdiction,Housing units (count),"HCD UNIT_CAT uses SFD, SFA, 2-4, 5+, ADU, and MH. The 2-4 category cannot be defensibly split into duplex versus 3-4-unit buildings from this source alone. Stage activity is counted only when the stage date is in the APR reporting year."
Coronado,2020,Completion,Other / source-reported,0.0,reported,HCD APR Table A2,2020,2026-10-07,Jurisdiction,Housing units (count),"HCD UNIT_CAT uses SFD, SFA, 2-4, 5+, ADU, and MH. The 2-4 category cannot be defensibly split into duplex versus 3-4-unit buildings from this source alone. Stage activity is counted only when the stage date is in the APR reporting year."
Coronado,2020,Completion,Single-family attached,0.0,reported,HCD APR Table A2,2020,2026-10-07,Jurisdiction,Housing units (count),"HCD UNIT_CAT uses SFD, SFA, 2-4, 5+, ADU, and MH. The 2-4 category cannot be defensibly split into duplex versus 3-4-unit buildings from this source alone. Stage activity is counted only when the stage date is in the APR reporting year."
Coronado,2020,Completion,Single-family detached,28.0,reported,HCD APR Table A2,2020,2026-10-07,Jurisdiction,Housing units (count),"HCD UNIT_CAT uses SFD, SFA, 2-4, 5+, ADU, and MH. The 2-4 category cannot be defensibly split into duplex versus 3-4-unit buildings from this source alone. Stage activity is counted only when the stage date is in the APR reporting year."
Coronado,2020,Completion,Unknown / not reported,0.0,reported,HCD APR Table A2,2020,2026-10-07,Jurisdiction,Housing units (count),"HCD UNIT_CAT uses SFD, SFA, 2-4, 5+, ADU, and MH. The 2-4 category cannot be defensibly split into duplex versus 3-4-unit buildings from this source alone. Stage activity is counted only when the stage date is in the APR reporting year."
Coronado,2021,Building Permit,2-4 unit building (combined),2.0,reported,HCD APR Table A2,2021,2026-10-07,Jurisdiction,Housing units (count),"HCD UNIT_CAT uses SFD, SFA, 2-4, 5+, ADU, and MH. The 2-4 category cannot be defensibly split into duplex versus 3-4-unit buildings from this source alone. Stage activity is counted only when the stage date is in the APR reporting year."
Coronado,2021,Building Permit,5+ unit building,0.0,reported,HCD APR Table A2,2021,2026-10-07,Jurisdiction,Housing units (count),"HCD UNIT_CAT uses SFD, SFA, 2-4, 5+, ADU, and MH. The 2-4 category cannot be defensibly split into duplex versus 3-4-unit buildings from this source alone. Stage activity is counted only when the stage date is in the APR reporting year."
Coronado,2021,Building Permit,Accessory dwelling unit,20.0,reported,HCD APR Table A2,2021,2026-10-07,Jurisdiction,Housing units (count),"HCD UNIT_CAT uses SFD, SFA, 2-4, 5+, ADU, and MH. The 2-4 category cannot be defensibly split into duplex versus 3-4-unit buildings from this source alone. Stage activity is counted only when the stage date is in the APR reporting year."
Coronado,2021,Building Permit,Mobile home / manufactured home,0.0,reported,HCD APR Table A2,2021,2026-10-07,Jurisdiction,Housing units (count),"HCD UNIT_CAT uses SFD, SFA, 2-4, 5+, ADU, and MH. The 2-4 category cannot be defensibly split into duplex versus 3-4-unit buildings from this source alone. Stage activity is counted only when the stage date is in the APR reporting year."
Coronado,2021,Building Permit,Other / source-reported,0.0,reported,HCD APR Table A2,2021,2026-10-07,Jurisdiction,Housing units (count),"HCD UNIT_CAT uses SFD, SFA, 2-4, 5+, ADU, and MH. The 2-4 category cannot be defensibly split into duplex versus 3-4-unit buildings from this source alone. Stage activity is counted only when the stage date is in the APR reporting year."
Coronado,2021,Building Permit,Single-family attached,0.0,reported,HCD APR Table A2,2021,2026-10-07,Jurisdiction,Housing units (count),"HCD UNIT_CAT uses SFD, SFA, 2-4, 5+, ADU, and MH. The 2-4 category cannot be defensibly split into duplex versus 3-4-unit buildings from this source alone. Stage activity is counted only when the stage date is in the APR reporting year."
Coronado,2021,Building Permit,Single-family detached,28.0,reported,HCD APR Table A2,2021,2026-10-07,Jurisdiction,Housing units (count),"HCD UNIT_CAT uses SFD, SFA, 2-4, 5+, ADU, and MH. The 2-4 category cannot be defensibly split into duplex versus 3-4-unit buildings from this source alone. Stage activity is counted only when the stage date is in the APR reporting year."
Coronado,2021,Building Permit,Unknown / not reported,0.0,reported,HCD APR Table A2,2021,2026-10-07,Jurisdiction,Housing units (count),"HCD UNIT_CAT uses SFD, SFA, 2-4, 5+, ADU, and MH. The 2-4 category cannot be defensibly split into duplex versus 3-4-unit buildings from this source alone. Stage activity is counted only when the stage date is in the APR reporting year."
Coronado,2021,Completion,2-4 unit building (combined),0.0,reported,HCD APR Table A2,2021,2026-10-07,Jurisdiction,Housing units (count),"HCD UNIT_CAT uses SFD, SFA, 2-4, 5+, ADU, and MH. The 2-4 category cannot be defensibly split into duplex versus 3-4-unit buildings from this source alone. Stage activity is counted only when the stage date is in the APR reporting year."
Coronado,2021,Completion,5+ unit building,0.0,reported,HCD APR Table A2,2021,2026-10-07,Jurisdiction,Housing units (count),"HCD UNIT_CAT uses SFD, SFA, 2-4, 5+, ADU, and MH. The 2-4 category cannot be defensibly split into duplex versus 3-4-unit buildings from this source alone. Stage activity is counted only when the stage date is in the APR reporting year."
Coronado,2021,Completion,Accessory dwelling unit,5.0,reported,HCD APR Table A2,2021,2026-10-07,Jurisdiction,Housing units (count),"HCD UNIT_CAT uses SFD, SFA, 2-4, 5+, ADU, and MH. The 2-4 category cannot be defensibly split into duplex versus 3-4-unit buildings from this source alone. Stage activity is counted only when the stage date is in the APR reporting year."
Coronado,2021,Completion,Mobile home / manufactured home,0.0,reported,HCD APR Table A2,2021,2026-10-07,Jurisdiction,Housing units (count),"HCD UNIT_CAT uses SFD, SFA, 2-4, 5+, ADU, and MH. The 2-4 category cannot be defensibly split into duplex versus 3-4-unit buildings from this source alone. Stage activity is counted only when the stage date is in the APR reporting year."
Coronado,2021,Completion,Other / source-reported,0.0,reported,HCD APR Table A2,2021,2026-10-07,Jurisdiction,Housing units (count),"HCD UNIT_CAT uses SFD, SFA, 2-4, 5+, ADU, and MH. The 2-4 category cannot be defensibly split into duplex versus 3-4-unit buildings from this source alone. Stage activity is counted only when the stage date is in the APR reporting year."
Coronado,2021,Completion,Single-family attached,0.0,reported,HCD APR Table A2,2021,2026-10-07,Jurisdiction,Housing units (count),"HCD UNIT_CAT uses SFD, SFA, 2-4, 5+, ADU, and MH. The 2-4 category cannot be defensibly split into duplex versus 3-4-unit buildings from this source alone. Stage activity is counted only when the stage date is in the APR reporting year."
Coronado,2021,Completion,Single-family detached,20.0,reported,HCD APR Table A2,2021,2026-10-07,Jurisdiction,Housing units (count),"HCD UNIT_CAT uses SFD, SFA, 2-4, 5+, ADU, and MH. The 2-4 category cannot be defensibly split into duplex versus 3-4-unit buildings from this source alone. Stage activity is counted only when the stage date is in the APR reporting year."
Coronado,2021,Completion,Unknown / not reported,0.0,reported,HCD APR Table A2,2021,2026-10-07,Jurisdiction,Housing units (count),"HCD UNIT_CAT uses SFD, SFA, 2-4, 5+, ADU, and MH. The 2-4 category cannot be defensibly split into duplex versus 3-4-unit buildings from this source alone. Stage activity is counted only when the stage date is in the APR reporting year."
Coronado,2022,Building Permit,2-4 unit building (combined),14.0,reported,HCD APR Table A2,2022,2026-10-07,Jurisdiction,Housing units (count),"HCD UNIT_CAT uses SFD, SFA, 2-4, 5+, ADU, and MH. The 2-4 category cannot be defensibly split into duplex versus 3-4-unit buildings from this source alone. Stage activity is counted only when the stage date is in the APR reporting year."
Coronado,2022,Building Permit,5+ unit building,0.0,reported,HCD APR Table A2,2022,2026-10-07,Jurisdiction,Housing units (count),"HCD UNIT_CAT uses SFD, SFA, 2-4, 5+, ADU, and MH. The 2-4 category cannot be defensibly split into duplex versus 3-4-unit buildings from this source alone. Stage activity is counted only when the stage date is in the APR reporting year."
Coronado,2022,Building Permit,Accessory dwelling unit,18.0,reported,HCD APR Table A2,2022,2026-10-07,Jurisdiction,Housing units (count),"HCD UNIT_CAT uses SFD, SFA, 2-4, 5+, ADU, and MH. The 2-4 category cannot be defensibly split into duplex versus 3-4-unit buildings from this source alone. Stage activity is counted only when the stage date is in the APR reporting year."
Coronado,2022,Building Permit,Mobile home / manufactured home,0.0,reported,HCD APR Table A2,2022,2026-10-07,Jurisdiction,Housing units (count),"HCD UNIT_CAT uses SFD, SFA, 2-4, 5+, ADU, and MH. The 2-4 category cannot be defensibly split into duplex versus 3-4-unit buildings from this source alone. Stage activity is counted only when the stage date is in the APR reporting year."
Coronado,2022,Building Permit,Other / source-reported,0.0,reported,HCD APR Table A2,2022,2026-10-07,Jurisdiction,Housing units (count),"HCD UNIT_CAT uses SFD, SFA, 2-4, 5+, ADU, and MH. The 2-4 category cannot be defensibly split into duplex versus 3-4-unit buildings from this source alone. Stage activity is counted only when the stage date is in the APR reporting year."
Coronado,2022,Building Permit,Single-family attached,0.0,reported,HCD APR Table A2,2022,2026-10-07,Jurisdiction,Housing units (count),"HCD UNIT_CAT uses SFD, SFA, 2-4, 5+, ADU, and MH. The 2-4 category cannot be defensibly split into duplex versus 3-4-unit buildings from this source alone. Stage activity is counted only when the stage date is in the APR reporting year."
Coronado,2022,Building Permit,Single-family detached,20.0,reported,HCD APR Table A2,2022,2026-10-07,Jurisdiction,Housing units (count),"HCD UNIT_CAT uses SFD, SFA, 2-4, 5+, ADU, and MH. The 2-4 category cannot be defensibly split into duplex versus 3-4-unit buildings from this source alone. Stage activity is counted only when the stage date is in the APR reporting year."
Coronado,2022,Building Permit,Unknown / not reported,0.0,reported,HCD APR Table A2,2022,2026-10-07,Jurisdiction,Housing units (count),"HCD UNIT_CAT uses SFD, SFA, 2-4, 5+, ADU, and MH. The 2-4 category cannot be defensibly split into duplex versus 3-4-unit buildings from this source alone. Stage activity is counted only when the stage date is in the APR reporting year."
Coronado,2022,Completion,2-4 unit building (combined),2.0,reported,HCD APR Table A2,2022,2026-10-07,Jurisdiction,Housing units (count),"HCD UNIT_CAT uses SFD, SFA, 2-4, 5+, ADU, and MH. The 2-4 category cannot be defensibly split into duplex versus 3-4-unit buildings from this source alone. Stage activity is counted only when the stage date is in the APR reporting year."
Coronado,2022,Completion,5+ unit building,0.0,reported,HCD APR Table A2,2022,2026-10-07,Jurisdiction,Housing units (count),"HCD UNIT_CAT uses SFD, SFA, 2-4, 5+, ADU, and MH. The 2-4 category cannot be defensibly split into duplex versus 3-4-unit buildings from this source alone. Stage activity is counted only when the stage date is in the APR reporting year."
Coronado,2022,Completion,Accessory dwelling unit,3.0,reported,HCD APR Table A2,2022,2026-10-07,Jurisdiction,Housing units (count),"HCD UNIT_CAT uses SFD, SFA, 2-4, 5+, ADU, and MH. The 2-4 category cannot be defensibly split into duplex versus 3-4-unit buildings from this source alone. Stage activity is counted only when the stage date is in the APR reporting year."
Coronado,2022,Completion,Mobile home / manufactured home,0.0,reported,HCD APR Table A2,2022,2026-10-07,Jurisdiction,Housing units (count),"HCD UNIT_CAT uses SFD, SFA, 2-4, 5+, ADU, and MH. The 2-4 category cannot be defensibly split into duplex versus 3-4-unit buildings from this source alone. Stage activity is counted only when the stage date is in the APR reporting year."
Coronado,2022,Completion,Other / source-reported,0.0,reported,HCD APR Table A2,2022,2026-10-07,Jurisdiction,Housing units (count),"HCD UNIT_CAT uses SFD, SFA, 2-4, 5+, ADU, and MH. The 2-4 category cannot be defensibly split into duplex versus 3-4-unit buildings from this source alone. Stage activity is counted only when the stage date is in the APR reporting year."
Coronado,2022,Completion,Single-family attached,0.0,reported,HCD APR Table A2,2022,2026-10-07,Jurisdiction,Housing units (count),"HCD UNIT_CAT uses SFD, SFA, 2-4, 5+, ADU, and MH. The 2-4 category cannot be defensibly split into duplex versus 3-4-unit buildings from this source alone. Stage activity is counted only when the stage date is in the APR reporting year."
Coronado,2022,Completion,Single-family detached,25.0,reported,HCD APR Table A2,2022,2026-10-07,Jurisdiction,Housing units (count),"HCD UNIT_CAT uses SFD, SFA, 2-4, 5+, ADU, and MH. The 2-4 category cannot be defensibly split into duplex versus 3-4-unit buildings from this source alone. Stage activity is counted only when the stage date is in the APR reporting year."
Coronado,2022,Completion,Unknown / not reported,0.0,reported,HCD APR Table A2,2022,2026-10-07,Jurisdiction,Housing units (count),"HCD UNIT_CAT uses SFD, SFA, 2-4, 5+, ADU, and MH. The 2-4 category cannot be defensibly split into duplex versus 3-4-unit buildings from this source alone. Stage activity is counted only when the stage date is in the APR reporting year."
Coronado,2023,Building Permit,2-4 unit building (combined),0.0,reported,HCD APR Table A2,2023,2026-10-07,Jurisdiction,Housing units (count),"HCD UNIT_CAT uses SFD, SFA, 2-4, 5+, ADU, and MH. The 2-4 category cannot be defensibly split into duplex versus 3-4-unit buildings from this source alone. Stage activity is counted only when the stage date is in the APR reporting year."
Coronado,2023,Building Permit,5+ unit building,10.0,reported,HCD APR Table A2,2023,2026-10-07,Jurisdiction,Housing units (count),"HCD UNIT_CAT uses SFD, SFA, 2-4, 5+, ADU, and MH. The 2-4 category cannot be defensibly split into duplex versus 3-4-unit buildings from this source alone. Stage activity is counted only when the stage date is in the APR reporting year."
Coronado,2023,Building Permit,Accessory dwelling unit,8.0,reported,HCD APR Table A2,2023,2026-10-07,Jurisdiction,Housing units (count),"HCD UNIT_CAT uses SFD, SFA, 2-4, 5+, ADU, and MH. The 2-4 category cannot be defensibly split into duplex versus 3-4-unit buildings from this source alone. Stage activity is counted only when the stage date is in the APR reporting year."
Coronado,2023,Building Permit,Mobile home / manufactured home,0.0,reported,HCD APR Table A2,2023,2026-10-07,Jurisdiction,Housing units (count),"HCD UNIT_CAT uses SFD, SFA, 2-4, 5+, ADU, and MH. The 2-4 category cannot be defensibly split into duplex versus 3-4-unit buildings from this source alone. Stage activity is counted only when the stage date is in the APR reporting year."
Coronado,2023,Building Permit,Other / source-reported,0.0,reported,HCD APR Table A2,2023,2026-10-07,Jurisdiction,Housing units (count),"HCD UNIT_CAT uses SFD, SFA, 2-4, 5+, ADU, and MH. The 2-4 category cannot be defensibly split into duplex versus 3-4-unit buildings from this source alone. Stage activity is counted only when the stage date is in the APR reporting year."
Coronado,2023,Building Permit,Single-family attached,0.0,reported,HCD APR Table A2,2023,2026-10-07,Jurisdiction,Housing units (count),"HCD UNIT_CAT uses SFD, SFA, 2-4, 5+, ADU, and MH. The 2-4 category cannot be defensibly split into duplex versus 3-4-unit buildings from this source alone. Stage activity is counted only when the stage date is in the APR reporting year."
Coronado,2023,Building Permit,Single-family detached,20.0,reported,HCD APR Table A2,2023,2026-10-07,Jurisdiction,Housing units (count),"HCD UNIT_CAT uses SFD, SFA, 2-4, 5+, ADU, and MH. The 2-4 category cannot be defensibly split into duplex versus 3-4-unit buildings from this source alone. Stage activity is counted only when the stage date is in the APR reporting year."
Coronado,2023,Building Permit,Unknown / not reported,0.0,reported,HCD APR Table A2,2023,2026-10-07,Jurisdiction,Housing units (count),"HCD UNIT_CAT uses SFD, SFA, 2-4, 5+, ADU, and MH. The 2-4 category cannot be defensibly split into duplex versus 3-4-unit buildings from this source alone. Stage activity is counted only when the stage date is in the APR reporting year."
Coronado,2023,Completion,2-4 unit building (combined),6.0,reported,HCD APR Table A2,2023,2026-10-07,Jurisdiction,Housing units (count),"HCD UNIT_CAT uses SFD, SFA, 2-4, 5+, ADU, and MH. The 2-4 category cannot be defensibly split into duplex versus 3-4-unit buildings from this source alone. Stage activity is counted only when the stage date is in the APR reporting year."
Coronado,2023,Completion,5+ unit building,0.0,reported,HCD APR Table A2,2023,2026-10-07,Jurisdiction,Housing units (count),"HCD UNIT_CAT uses SFD, SFA, 2-4, 5+, ADU, and MH. The 2-4 category cannot be defensibly split into duplex versus 3-4-unit buildings from this source alone. Stage activity is counted only when the stage date is in the APR reporting year."
Coronado,2023,Completion,Accessory dwelling unit,8.0,reported,HCD APR Table A2,2023,2026-10-07,Jurisdiction,Housing units (count),"HCD UNIT_CAT uses SFD, SFA, 2-4, 5+, ADU, and MH. The 2-4 category cannot be defensibly split into duplex versus 3-4-unit buildings from this source alone. Stage activity is counted only when the stage date is in the APR reporting year."
Coronado,2023,Completion,Mobile home / manufactured home,0.0,reported,HCD APR Table A2,2023,2026-10-07,Jurisdiction,Housing units (count),"HCD UNIT_CAT uses SFD, SFA, 2-4, 5+, ADU, and MH. The 2-4 category cannot be defensibly split into duplex versus 3-4-unit buildings from this source alone. Stage activity is counted only when the stage date is in the APR reporting year."
Coronado,2023,Completion,Other / source-reported,0.0,reported,HCD APR Table A2,2023,2026-10-07,Jurisdiction,Housing units (count),"HCD UNIT_CAT uses SFD, SFA, 2-4, 5+, ADU, and MH. The 2-4 category cannot be defensibly split into duplex versus 3-4-unit buildings from this source alone. Stage activity is counted only when the stage date is in the APR reporting year."
Coronado,2023,Completion,Single-family attached,0.0,reported,HCD APR Table A2,2023,2026-10-07,Jurisdiction,Housing units (count),"HCD UNIT_CAT uses SFD, SFA, 2-4, 5+, ADU, and MH. The 2-4 category cannot be defensibly split into duplex versus 3-4-unit buildings from this source alone. Stage activity is counted only when the stage date is in the APR reporting year."
Coronado,2023,Completion,Single-family detached,16.0,reported,HCD APR Table A2,2023,2026-10-07,Jurisdiction,Housing units (count),"HCD UNIT_CAT uses SFD, SFA, 2-4, 5+, ADU, and MH. The 2-4 category cannot be defensibly split into duplex versus 3-4-unit buildings from this source alone. Stage activity is counted only when the stage date is in the APR reporting year."
Coronado,2023,Completion,Unknown / not reported,0.0,reported,HCD APR Table A2,2023,2026-10-07,Jurisdiction,Housing units (count),"HCD UNIT_CAT uses SFD, SFA, 2-4, 5+, ADU, and MH. The 2-4 category cannot be defensibly split into duplex versus 3-4-unit buildings from this source alone. Stage activity is counted only when the stage date is in the APR reporting year."
Coronado,2024,Building Permit,2-4 unit building (combined),6.0,reported,HCD APR Table A2,2024,2026-10-07,Jurisdiction,Housing units (count),"HCD UNIT_CAT uses SFD, SFA, 2-4, 5+, ADU, and MH. The 2-4 category cannot be defensibly split into duplex versus 3-4-unit buildings from this source alone. Stage activity is counted only when the stage date is in the APR reporting year."
Coronado,2024,Building Permit,5+ unit building,12.0,reported,HCD APR Table A2,2024,2026-10-07,Jurisdiction,Housing units (count),"HCD UNIT_CAT uses SFD, SFA, 2-4, 5+, ADU, and MH. The 2-4 category cannot be defensibly split into duplex versus 3-4-unit buildings from this source alone. Stage activity is counted only when the stage date is in the APR reporting year."
Coronado,2024,Building Permit,Accessory dwelling unit,5.0,reported,HCD APR Table A2,2024,2026-10-07,Jurisdiction,Housing units (count),"HCD UNIT_CAT uses SFD, SFA, 2-4, 5+, ADU, and MH. The 2-4 category cannot be defensibly split into duplex versus 3-4-unit buildings from this source alone. Stage activity is counted only when the stage date is in the APR reporting year."
Coronado,2024,Building Permit,Mobile home / manufactured home,0.0,reported,HCD APR Table A2,2024,2026-10-07,Jurisdiction,Housing units (count),"HCD UNIT_CAT uses SFD, SFA, 2-4, 5+, ADU, and MH. The 2-4 category cannot be defensibly split into duplex versus 3-4-unit buildings from this source alone. Stage activity is counted only when the stage date is in the APR reporting year."
Coronado,2024,Building Permit,Other / source-reported,0.0,reported,HCD APR Table A2,2024,2026-10-07,Jurisdiction,Housing units (count),"HCD UNIT_CAT uses SFD, SFA, 2-4, 5+, ADU, and MH. The 2-4 category cannot be defensibly split into duplex versus 3-4-unit buildings from this source alone. Stage activity is counted only when the stage date is in the APR reporting year."
Coronado,2024,Building Permit,Single-family attached,0.0,reported,HCD APR Table A2,2024,2026-10-07,Jurisdiction,Housing units (count),"HCD UNIT_CAT uses SFD, SFA, 2-4, 5+, ADU, and MH. The 2-4 category cannot be defensibly split into duplex versus 3-4-unit buildings from this source alone. Stage activity is counted only when the stage date is in the APR reporting year."
Coronado,2024,Building Permit,Single-family detached,17.0,reported,HCD APR Table A2,2024,2026-10-07,Jurisdiction,Housing units (count),"HCD UNIT_CAT uses SFD, SFA, 2-4, 5+, ADU, and MH. The 2-4 category cannot be defensibly split into duplex versus 3-4-unit buildings from this source alone. Stage activity is counted only when the stage date is in the APR reporting year."
Coronado,2024,Building Permit,Unknown / not reported,0.0,reported,HCD APR Table A2,2024,2026-10-07,Jurisdiction,Housing units (count),"HCD UNIT_CAT uses SFD, SFA, 2-4, 5+, ADU, and MH. The 2-4 category cannot be defensibly split into duplex versus 3-4-unit buildings from this source alone. Stage activity is counted only when the stage date is in the APR reporting year."
Coronado,2024,Completion,2-4 unit building (combined),10.0,reported,HCD APR Table A2,2024,2026-10-07,Jurisdiction,Housing units (count),"HCD UNIT_CAT uses SFD, SFA, 2-4, 5+, ADU, and MH. The 2-4 category cannot be defensibly split into duplex versus 3-4-unit buildings from this source alone. Stage activity is counted only when the stage date is in the APR reporting year."
Coronado,2024,Completion,5+ unit building,10.0,reported,HCD APR Table A2,2024,2026-10-07,Jurisdiction,Housing units (count),"HCD UNIT_CAT uses SFD, SFA, 2-4, 5+, ADU, and MH. The 2-4 category cannot be defensibly split into duplex versus 3-4-unit buildings from this source alone. Stage activity is counted only when the stage date is in the APR reporting year."
Coronado,2024,Completion,Accessory dwelling unit,13.0,reported,HCD APR Table A2,2024,2026-10-07,Jurisdiction,Housing units (count),"HCD UNIT_CAT uses SFD, SFA, 2-4, 5+, ADU, and MH. The 2-4 category cannot be defensibly split into duplex versus 3-4-unit buildings from this source alone. Stage activity is counted only when the stage date is in the APR reporting year."
Coronado,2024,Completion,Mobile home / manufactured home,0.0,reported,HCD APR Table A2,2024,2026-10-07,Jurisdiction,Housing units (count),"HCD UNIT_CAT uses SFD, SFA, 2-4, 5+, ADU, and MH. The 2-4 category cannot be defensibly split into duplex versus 3-4-unit buildings from this source alone. Stage activity is counted only when the stage date is in the APR reporting year."
Coronado,2024,Completion,Other / source-reported,0.0,reported,HCD APR Table A2,2024,2026-10-07,Jurisdiction,Housing units (count),"HCD UNIT_CAT uses SFD, SFA, 2-4, 5+, ADU, and MH. The 2-4 category cannot be defensibly split into duplex versus 3-4-unit buildings from this source alone. Stage activity is counted only when the stage date is in the APR reporting year."
Coronado,2024,Completion,Single-family attached,0.0,reported,HCD APR Table A2,2024,2026-10-07,Jurisdiction,Housing units (count),"HCD UNIT_CAT uses SFD, SFA, 2-4, 5+, ADU, and MH. The 2-4 category cannot be defensibly split into duplex versus 3-4-unit buildings from this source alone. Stage activity is counted only when the stage date is in the APR reporting year."
Coronado,2024,Completion,Single-family detached,9.0,reported,HCD APR Table A2,2024,2026-10-07,Jurisdiction,Housing units (count),"HCD UNIT_CAT uses SFD, SFA, 2-4, 5+, ADU, and MH. The 2-4 category cannot be defensibly split into duplex versus 3-4-unit buildings from this source alone. Stage activity is counted only when the stage date is in the APR reporting year."
Coronado,2024,Completion,Unknown / not reported,0.0,reported,HCD APR Table A2,2024,2026-10-07,Jurisdiction,Housing units (count),"HCD UNIT_CAT uses SFD, SFA, 2-4, 5+, ADU, and MH. The 2-4 category cannot be defensibly split into duplex versus 3-4-unit buildings from this source alone. Stage activity is counted only when the stage date is in the APR reporting year."
Coronado,2025,Building Permit,2-4 unit building (combined),0.0,reported,HCD APR Table A2,2025,2026-10-07,Jurisdiction,Housing units (count),"HCD UNIT_CAT uses SFD, SFA, 2-4, 5+, ADU, and MH. The 2-4 category cannot be defensibly split into duplex versus 3-4-unit buildings from this source alone. Stage activity is counted only when the stage date is in the APR reporting year."
Coronado,2025,Building Permit,5+ unit building,0.0,reported,HCD APR Table A2,2025,2026-10-07,Jurisdiction,Housing units (count),"HCD UNIT_CAT uses SFD, SFA, 2-4, 5+, ADU, and MH. The 2-4 category cannot be defensibly split into duplex versus 3-4-unit buildings from this source alone. Stage activity is counted only when the stage date is in the APR reporting year."
Coronado,2025,Building Permit,Accessory dwelling unit,9.0,reported,HCD APR Table A2,2025,2026-10-07,Jurisdiction,Housing units (count),"HCD UNIT_CAT uses SFD, SFA, 2-4, 5+, ADU, and MH. The 2-4 category cannot be defensibly split into duplex versus 3-4-unit buildings from this source alone. Stage activity is counted only when the stage date is in the APR reporting year."
Coronado,2025,Building Permit,Mobile home / manufactured home,0.0,reported,HCD APR Table A2,2025,2026-10-07,Jurisdiction,Housing units (count),"HCD UNIT_CAT uses SFD, SFA, 2-4, 5+, ADU, and MH. The 2-4 category cannot be defensibly split into duplex versus 3-4-unit buildings from this source alone. Stage activity is counted only when the stage date is in the APR reporting year."
Coronado,2025,Building Permit,Other / source-reported,0.0,reported,HCD APR Table A2,2025,2026-10-07,Jurisdiction,Housing units (count),"HCD UNIT_CAT uses SFD, SFA, 2-4, 5+, ADU, and MH. The 2-4 category cannot be defensibly split into duplex versus 3-4-unit buildings from this source alone. Stage activity is counted only when the stage date is in the APR reporting year."
Coronado,2025,Building Permit,Single-family attached,0.0,reported,HCD APR Table A2,2025,2026-10-07,Jurisdiction,Housing units (count),"HCD UNIT_CAT uses SFD, SFA, 2-4, 5+, ADU, and MH. The 2-4 category cannot be defensibly split into duplex versus 3-4-unit buildings from this source alone. Stage activity is counted only when the stage date is in the APR reporting year."
Coronado,2025,Building Permit,Single-family detached,15.0,reported,HCD APR Table A2,2025,2026-10-07,Jurisdiction,Housing units (count),"HCD UNIT_CAT uses SFD, SFA, 2-4, 5+, ADU, and MH. The 2-4 category cannot be defensibly split into duplex versus 3-4-unit buildings from this source alone. Stage activity is counted only when the stage date is in the APR reporting year."
Coronado,2025,Building Permit,Unknown / not reported,0.0,reported,HCD APR Table A2,2025,2026-10-07,Jurisdiction,Housing units (count),"HCD UNIT_CAT uses SFD, SFA, 2-4, 5+, ADU, and MH. The 2-4 category cannot be defensibly split into duplex versus 3-4-unit buildings from this source alone. Stage activity is counted only when the stage date is in the APR reporting year."
Coronado,2025,Completion,2-4 unit building (combined),8.0,reported,HCD APR Table A2,2025,2026-10-07,Jurisdiction,Housing units (count),"HCD UNIT_CAT uses SFD, SFA, 2-4, 5+, ADU, and MH. The 2-4 category cannot be defensibly split into duplex versus 3-4-unit buildings from this source alone. Stage activity is counted only when the stage date is in the APR reporting year."
Coronado,2025,Completion,5+ unit building,0.0,reported,HCD APR Table A2,2025,2026-10-07,Jurisdiction,Housing units (count),"HCD UNIT_CAT uses SFD, SFA, 2-4, 5+, ADU, and MH. The 2-4 category cannot be defensibly split into duplex versus 3-4-unit buildings from this source alone. Stage activity is counted only when the stage date is in the APR reporting year."
Coronado,2025,Completion,Accessory dwelling unit,9.0,reported,HCD APR Table A2,2025,2026-10-07,Jurisdiction,Housing units (count),"HCD UNIT_CAT uses SFD, SFA, 2-4, 5+, ADU, and MH. The 2-4 category cannot be defensibly split into duplex versus 3-4-unit buildings from this source alone. Stage activity is counted only when the stage date is in the APR reporting year."
Coronado,2025,Completion,Mobile home / manufactured home,0.0,reported,HCD APR Table A2,2025,2026-10-07,Jurisdiction,Housing units (count),"HCD UNIT_CAT uses SFD, SFA, 2-4, 5+, ADU, and MH. The 2-4 category cannot be defensibly split into duplex versus 3-4-unit buildings from this source alone. Stage activity is counted only when the stage date is in the APR reporting year."
Coronado,2025,Completion,Other / source-reported,0.0,reported,HCD APR Table A2,2025,2026-10-07,Jurisdiction,Housing units (count),"HCD UNIT_CAT uses SFD, SFA, 2-4, 5+, ADU, and MH. The 2-4 category cannot be defensibly split into duplex versus 3-4-unit buildings from this source alone. Stage activity is counted only when the stage date is in the APR reporting year."
Coronado,2025,Completion,Single-family attached,0.0,reported,HCD APR Table A2,2025,2026-10-07,Jurisdiction,Housing units (count),"HCD UNIT_CAT uses SFD, SFA, 2-4, 5+, ADU, and MH. The 2-4 category cannot be defensibly split into duplex versus 3-4-unit buildings from this source alone. Stage activity is counted only when the stage date is in the APR reporting year."
Coronado,2025,Completion,Single-family detached,19.0,reported,HCD APR Table A2,2025,2026-10-07,Jurisdiction,Housing units (count),"HCD UNIT_CAT uses SFD, SFA, 2-4, 5+, ADU, and MH. The 2-4 category cannot be defensibly split into duplex versus 3-4-unit buildings from this source alone. Stage activity is counted only when the stage date is in the APR reporting year."
Coronado,2025,Completion,Unknown / not reported,0.0,reported,HCD APR Table A2,2025,2026-10-07,Jurisdiction,Housing units (count),"HCD UNIT_CAT uses SFD, SFA, 2-4, 5+, ADU, and MH. The 2-4 category cannot be defensibly split into duplex versus 3-4-unit buildings from this source alone. Stage activity is counted only when the stage date is in the APR reporting year."
Del Mar,2018,Building Permit,2-4 unit building (combined),0.0,reported,HCD APR Table A2,2018,2026-10-07,Jurisdiction,Housing units (count),"HCD UNIT_CAT uses SFD, SFA, 2-4, 5+, ADU, and MH. The 2-4 category cannot be defensibly split into duplex versus 3-4-unit buildings from this source alone. Stage activity is counted only when the stage date is in the APR reporting year."
Del Mar,2018,Building Permit,5+ unit building,0.0,reported,HCD APR Table A2,2018,2026-10-07,Jurisdiction,Housing units (count),"HCD UNIT_CAT uses SFD, SFA, 2-4, 5+, ADU, and MH. The 2-4 category cannot be defensibly split into duplex versus 3-4-unit buildings from this source alone. Stage activity is counted only when the stage date is in the APR reporting year."
Del Mar,2018,Building Permit,Accessory dwelling unit,1.0,reported,HCD APR Table A2,2018,2026-10-07,Jurisdiction,Housing units (count),"HCD UNIT_CAT uses SFD, SFA, 2-4, 5+, ADU, and MH. The 2-4 category cannot be defensibly split into duplex versus 3-4-unit buildings from this source alone. Stage activity is counted only when the stage date is in the APR reporting year."
Del Mar,2018,Building Permit,Mobile home / manufactured home,0.0,reported,HCD APR Table A2,2018,2026-10-07,Jurisdiction,Housing units (count),"HCD UNIT_CAT uses SFD, SFA, 2-4, 5+, ADU, and MH. The 2-4 category cannot be defensibly split into duplex versus 3-4-unit buildings from this source alone. Stage activity is counted only when the stage date is in the APR reporting year."
Del Mar,2018,Building Permit,Other / source-reported,0.0,reported,HCD APR Table A2,2018,2026-10-07,Jurisdiction,Housing units (count),"HCD UNIT_CAT uses SFD, SFA, 2-4, 5+, ADU, and MH. The 2-4 category cannot be defensibly split into duplex versus 3-4-unit buildings from this source alone. Stage activity is counted only when the stage date is in the APR reporting year."
Del Mar,2018,Building Permit,Single-family attached,0.0,reported,HCD APR Table A2,2018,2026-10-07,Jurisdiction,Housing units (count),"HCD UNIT_CAT uses SFD, SFA, 2-4, 5+, ADU, and MH. The 2-4 category cannot be defensibly split into duplex versus 3-4-unit buildings from this source alone. Stage activity is counted only when the stage date is in the APR reporting year."
Del Mar,2018,Building Permit,Single-family detached,0.0,reported,HCD APR Table A2,2018,2026-10-07,Jurisdiction,Housing units (count),"HCD UNIT_CAT uses SFD, SFA, 2-4, 5+, ADU, and MH. The 2-4 category cannot be defensibly split into duplex versus 3-4-unit buildings from this source alone. Stage activity is counted only when the stage date is in the APR reporting year."
Del Mar,2018,Building Permit,Unknown / not reported,0.0,reported,HCD APR Table A2,2018,2026-10-07,Jurisdiction,Housing units (count),"HCD UNIT_CAT uses SFD, SFA, 2-4, 5+, ADU, and MH. The 2-4 category cannot be defensibly split into duplex versus 3-4-unit buildings from this source alone. Stage activity is counted only when the stage date is in the APR reporting year."
Del Mar,2018,Completion,2-4 unit building (combined),0.0,reported,HCD APR Table A2,2018,2026-10-07,Jurisdiction,Housing units (count),"HCD UNIT_CAT uses SFD, SFA, 2-4, 5+, ADU, and MH. The 2-4 category cannot be defensibly split into duplex versus 3-4-unit buildings from this source alone. Stage activity is counted only when the stage date is in the APR reporting year."
Del Mar,2018,Completion,5+ unit building,0.0,reported,HCD APR Table A2,2018,2026-10-07,Jurisdiction,Housing units (count),"HCD UNIT_CAT uses SFD, SFA, 2-4, 5+, ADU, and MH. The 2-4 category cannot be defensibly split into duplex versus 3-4-unit buildings from this source alone. Stage activity is counted only when the stage date is in the APR reporting year."
Del Mar,2018,Completion,Accessory dwelling unit,1.0,reported,HCD APR Table A2,2018,2026-10-07,Jurisdiction,Housing units (count),"HCD UNIT_CAT uses SFD, SFA, 2-4, 5+, ADU, and MH. The 2-4 category cannot be defensibly split into duplex versus 3-4-unit buildings from this source alone. Stage activity is counted only when the stage date is in the APR reporting year."
Del Mar,2018,Completion,Mobile home / manufactured home,0.0,reported,HCD APR Table A2,2018,2026-10-07,Jurisdiction,Housing units (count),"HCD UNIT_CAT uses SFD, SFA, 2-4, 5+, ADU, and MH. The 2-4 category cannot be defensibly split into duplex versus 3-4-unit buildings from this source alone. Stage activity is counted only when the stage date is in the APR reporting year."
Del Mar,2018,Completion,Other / source-reported,0.0,reported,HCD APR Table A2,2018,2026-10-07,Jurisdiction,Housing units (count),"HCD UNIT_CAT uses SFD, SFA, 2-4, 5+, ADU, and MH. The 2-4 category cannot be defensibly split into duplex versus 3-4-unit buildings from this source alone. Stage activity is counted only when the stage date is in the APR reporting year."
Del Mar,2018,Completion,Single-family attached,0.0,reported,HCD APR Table A2,2018,2026-10-07,Jurisdiction,Housing units (count),"HCD UNIT_CAT uses SFD, SFA, 2-4, 5+, ADU, and MH. The 2-4 category cannot be defensibly split into duplex versus 3-4-unit buildings from this source alone. Stage activity is counted only when the stage date is in the APR reporting year."
Del Mar,2018,Completion,Single-family detached,0.0,reported,HCD APR Table A2,2018,2026-10-07,Jurisdiction,Housing units (count),"HCD UNIT_CAT uses SFD, SFA, 2-4, 5+, ADU, and MH. The 2-4 category cannot be defensibly split into duplex versus 3-4-unit buildings from this source alone. Stage activity is counted only when the stage date is in the APR reporting year."
Del Mar,2018,Completion,Unknown / not reported,0.0,reported,HCD APR Table A2,2018,2026-10-07,Jurisdiction,Housing units (count),"HCD UNIT_CAT uses SFD, SFA, 2-4, 5+, ADU, and MH. The 2-4 category cannot be defensibly split into duplex versus 3-4-unit buildings from this source alone. Stage activity is counted only when the stage date is in the APR reporting year."
Del Mar,2019,Building Permit,2-4 unit building (combined),0.0,reported,HCD APR Table A2,2019,2026-10-07,Jurisdiction,Housing units (count),"HCD UNIT_CAT uses SFD, SFA, 2-4, 5+, ADU, and MH. The 2-4 category cannot be defensibly split into duplex versus 3-4-unit buildings from this source alone. Stage activity is counted only when the stage date is in the APR reporting year."
Del Mar,2019,Building Permit,5+ unit building,0.0,reported,HCD APR Table A2,2019,2026-10-07,Jurisdiction,Housing units (count),"HCD UNIT_CAT uses SFD, SFA, 2-4, 5+, ADU, and MH. The 2-4 category cannot be defensibly split into duplex versus 3-4-unit buildings from this source alone. Stage activity is counted only when the stage date is in the APR reporting year."
Del Mar,2019,Building Permit,Accessory dwelling unit,3.0,reported,HCD APR Table A2,2019,2026-10-07,Jurisdiction,Housing units (count),"HCD UNIT_CAT uses SFD, SFA, 2-4, 5+, ADU, and MH. The 2-4 category cannot be defensibly split into duplex versus 3-4-unit buildings from this source alone. Stage activity is counted only when the stage date is in the APR reporting year."
Del Mar,2019,Building Permit,Mobile home / manufactured home,0.0,reported,HCD APR Table A2,2019,2026-10-07,Jurisdiction,Housing units (count),"HCD UNIT_CAT uses SFD, SFA, 2-4, 5+, ADU, and MH. The 2-4 category cannot be defensibly split into duplex versus 3-4-unit buildings from this source alone. Stage activity is counted only when the stage date is in the APR reporting year."
Del Mar,2019,Building Permit,Other / source-reported,0.0,reported,HCD APR Table A2,2019,2026-10-07,Jurisdiction,Housing units (count),"HCD UNIT_CAT uses SFD, SFA, 2-4, 5+, ADU, and MH. The 2-4 category cannot be defensibly split into duplex versus 3-4-unit buildings from this source alone. Stage activity is counted only when the stage date is in the APR reporting year."
Del Mar,2019,Building Permit,Single-family attached,0.0,reported,HCD APR Table A2,2019,2026-10-07,Jurisdiction,Housing units (count),"HCD UNIT_CAT uses SFD, SFA, 2-4, 5+, ADU, and MH. The 2-4 category cannot be defensibly split into duplex versus 3-4-unit buildings from this source alone. Stage activity is counted only when the stage date is in the APR reporting year."
Del Mar,2019,Building Permit,Single-family detached,2.0,reported,HCD APR Table A2,2019,2026-10-07,Jurisdiction,Housing units (count),"HCD UNIT_CAT uses SFD, SFA, 2-4, 5+, ADU, and MH. The 2-4 category cannot be defensibly split into duplex versus 3-4-unit buildings from this source alone. Stage activity is counted only when the stage date is in the APR reporting year."
Del Mar,2019,Building Permit,Unknown / not reported,0.0,reported,HCD APR Table A2,2019,2026-10-07,Jurisdiction,Housing units (count),"HCD UNIT_CAT uses SFD, SFA, 2-4, 5+, ADU, and MH. The 2-4 category cannot be defensibly split into duplex versus 3-4-unit buildings from this source alone. Stage activity is counted only when the stage date is in the APR reporting year."
Del Mar,2019,Completion,2-4 unit building (combined),0.0,reported,HCD APR Table A2,2019,2026-10-07,Jurisdiction,Housing units (count),"HCD UNIT_CAT uses SFD, SFA, 2-4, 5+, ADU, and MH. The 2-4 category cannot be defensibly split into duplex versus 3-4-unit buildings from this source alone. Stage activity is counted only when the stage date is in the APR reporting year."
Del Mar,2019,Completion,5+ unit building,0.0,reported,HCD APR Table A2,2019,2026-10-07,Jurisdiction,Housing units (count),"HCD UNIT_CAT uses SFD, SFA, 2-4, 5+, ADU, and MH. The 2-4 category cannot be defensibly split into duplex versus 3-4-unit buildings from this source alone. Stage activity is counted only when the stage date is in the APR reporting year."
Del Mar,2019,Completion,Accessory dwelling unit,0.0,reported,HCD APR Table A2,2019,2026-10-07,Jurisdiction,Housing units (count),"HCD UNIT_CAT uses SFD, SFA, 2-4, 5+, ADU, and MH. The 2-4 category cannot be defensibly split into duplex versus 3-4-unit buildings from this source alone. Stage activity is counted only when the stage date is in the APR reporting year."
Del Mar,2019,Completion,Mobile home / manufactured home,0.0,reported,HCD APR Table A2,2019,2026-10-07,Jurisdiction,Housing units (count),"HCD UNIT_CAT uses SFD, SFA, 2-4, 5+, ADU, and MH. The 2-4 category cannot be defensibly split into duplex versus 3-4-unit buildings from this source alone. Stage activity is counted only when the stage date is in the APR reporting year."
Del Mar,2019,Completion,Other / source-reported,0.0,reported,HCD APR Table A2,2019,2026-10-07,Jurisdiction,Housing units (count),"HCD UNIT_CAT uses SFD, SFA, 2-4, 5+, ADU, and MH. The 2-4 category cannot be defensibly split into duplex versus 3-4-unit buildings from this source alone. Stage activity is counted only when the stage date is in the APR reporting year."
Del Mar,2019,Completion,Single-family attached,0.0,reported,HCD APR Table A2,2019,2026-10-07,Jurisdiction,Housing units (count),"HCD UNIT_CAT uses SFD, SFA, 2-4, 5+, ADU, and MH. The 2-4 category cannot be defensibly split into duplex versus 3-4-unit buildings from this source alone. Stage activity is counted only when the stage date is in the APR reporting year."
Del Mar,2019,Completion,Single-family detached,1.0,reported,HCD APR Table A2,2019,2026-10-07,Jurisdiction,Housing units (count),"HCD UNIT_CAT uses SFD, SFA, 2-4, 5+, ADU, and MH. The 2-4 category cannot be defensibly split into duplex versus 3-4-unit buildings from this source alone. Stage activity is counted only when the stage date is in the APR reporting year."
Del Mar,2019,Completion,Unknown / not reported,0.0,reported,HCD APR Table A2,2019,2026-10-07,Jurisdiction,Housing units (count),"HCD UNIT_CAT uses SFD, SFA, 2-4, 5+, ADU, and MH. The 2-4 category cannot be defensibly split into duplex versus 3-4-unit buildings from this source alone. Stage activity is counted only when the stage date is in the APR reporting year."
Del Mar,2020,Building Permit,2-4 unit building (combined),0.0,reported,HCD APR Table A2,2020,2026-10-07,Jurisdiction,Housing units (count),"HCD UNIT_CAT uses SFD, SFA, 2-4, 5+, ADU, and MH. The 2-4 category cannot be defensibly split into duplex versus 3-4-unit buildings from this source alone. Stage activity is counted only when the stage date is in the APR reporting year."
Del Mar,2020,Building Permit,5+ unit building,0.0,reported,HCD APR Table A2,2020,2026-10-07,Jurisdiction,Housing units (count),"HCD UNIT_CAT uses SFD, SFA, 2-4, 5+, ADU, and MH. The 2-4 category cannot be defensibly split into duplex versus 3-4-unit buildings from this source alone. Stage activity is counted only when the stage date is in the APR reporting year."
Del Mar,2020,Building Permit,Accessory dwelling unit,14.0,reported,HCD APR Table A2,2020,2026-10-07,Jurisdiction,Housing units (count),"HCD UNIT_CAT uses SFD, SFA, 2-4, 5+, ADU, and MH. The 2-4 category cannot be defensibly split into duplex versus 3-4-unit buildings from this source alone. Stage activity is counted only when the stage date is in the APR reporting year."
Del Mar,2020,Building Permit,Mobile home / manufactured home,0.0,reported,HCD APR Table A2,2020,2026-10-07,Jurisdiction,Housing units (count),"HCD UNIT_CAT uses SFD, SFA, 2-4, 5+, ADU, and MH. The 2-4 category cannot be defensibly split into duplex versus 3-4-unit buildings from this source alone. Stage activity is counted only when the stage date is in the APR reporting year."
Del Mar,2020,Building Permit,Other / source-reported,0.0,reported,HCD APR Table A2,2020,2026-10-07,Jurisdiction,Housing units (count),"HCD UNIT_CAT uses SFD, SFA, 2-4, 5+, ADU, and MH. The 2-4 category cannot be defensibly split into duplex versus 3-4-unit buildings from this source alone. Stage activity is counted only when the stage date is in the APR reporting year."
Del Mar,2020,Building Permit,Single-family attached,0.0,reported,HCD APR Table A2,2020,2026-10-07,Jurisdiction,Housing units (count),"HCD UNIT_CAT uses SFD, SFA, 2-4, 5+, ADU, and MH. The 2-4 category cannot be defensibly split into duplex versus 3-4-unit buildings from this source alone. Stage activity is counted only when the stage date is in the APR reporting year."
Del Mar,2020,Building Permit,Single-family detached,1.0,reported,HCD APR Table A2,2020,2026-10-07,Jurisdiction,Housing units (count),"HCD UNIT_CAT uses SFD, SFA, 2-4, 5+, ADU, and MH. The 2-4 category cannot be defensibly split into duplex versus 3-4-unit buildings from this source alone. Stage activity is counted only when the stage date is in the APR reporting year."
Del Mar,2020,Building Permit,Unknown / not reported,0.0,reported,HCD APR Table A2,2020,2026-10-07,Jurisdiction,Housing units (count),"HCD UNIT_CAT uses SFD, SFA, 2-4, 5+, ADU, and MH. The 2-4 category cannot be defensibly split into duplex versus 3-4-unit buildings from this source alone. Stage activity is counted only when the stage date is in the APR reporting year."
Del Mar,2020,Completion,2-4 unit building (combined),0.0,reported,HCD APR Table A2,2020,2026-10-07,Jurisdiction,Housing units (count),"HCD UNIT_CAT uses SFD, SFA, 2-4, 5+, ADU, and MH. The 2-4 category cannot be defensibly split into duplex versus 3-4-unit buildings from this source alone. Stage activity is counted only when the stage date is in the APR reporting year."
Del Mar,2020,Completion,5+ unit building,0.0,reported,HCD APR Table A2,2020,2026-10-07,Jurisdiction,Housing units (count),"HCD UNIT_CAT uses SFD, SFA, 2-4, 5+, ADU, and MH. The 2-4 category cannot be defensibly split into duplex versus 3-4-unit buildings from this source alone. Stage activity is counted only when the stage date is in the APR reporting year."
Del Mar,2020,Completion,Accessory dwelling unit,3.0,reported,HCD APR Table A2,2020,2026-10-07,Jurisdiction,Housing units (count),"HCD UNIT_CAT uses SFD, SFA, 2-4, 5+, ADU, and MH. The 2-4 category cannot be defensibly split into duplex versus 3-4-unit buildings from this source alone. Stage activity is counted only when the stage date is in the APR reporting year."
Del Mar,2020,Completion,Mobile home / manufactured home,0.0,reported,HCD APR Table A2,2020,2026-10-07,Jurisdiction,Housing units (count),"HCD UNIT_CAT uses SFD, SFA, 2-4, 5+, ADU, and MH. The 2-4 category cannot be defensibly split into duplex versus 3-4-unit buildings from this source alone. Stage activity is counted only when the stage date is in the APR reporting year."
Del Mar,2020,Completion,Other / source-reported,0.0,reported,HCD APR Table A2,2020,2026-10-07,Jurisdiction,Housing units (count),"HCD UNIT_CAT uses SFD, SFA, 2-4, 5+, ADU, and MH. The 2-4 category cannot be defensibly split into duplex versus 3-4-unit buildings from this source alone. Stage activity is counted only when the stage date is in the APR reporting year."
Del Mar,2020,Completion,Single-family attached,0.0,reported,HCD APR Table A2,2020,2026-10-07,Jurisdiction,Housing units (count),"HCD UNIT_CAT uses SFD, SFA, 2-4, 5+, ADU, and MH. The 2-4 category cannot be defensibly split into duplex versus 3-4-unit buildings from this source alone. Stage activity is counted only when the stage date is in the APR reporting year."
Del Mar,2020,Completion,Single-family detached,0.0,reported,HCD APR Table A2,2020,2026-10-07,Jurisdiction,Housing units (count),"HCD UNIT_CAT uses SFD, SFA, 2-4, 5+, ADU, and MH. The 2-4 category cannot be defensibly split into duplex versus 3-4-unit buildings from this source alone. Stage activity is counted only when the stage date is in the APR reporting year."
Del Mar,2020,Completion,Unknown / not reported,0.0,reported,HCD APR Table A2,2020,2026-10-07,Jurisdiction,Housing units (count),"HCD UNIT_CAT uses SFD, SFA, 2-4, 5+, ADU, and MH. The 2-4 category cannot be defensibly split into duplex versus 3-4-unit buildings from this source alone. Stage activity is counted only when the stage date is in the APR reporting year."
Del Mar,2021,Building Permit,2-4 unit building (combined),0.0,reported,HCD APR Table A2,2021,2026-10-07,Jurisdiction,Housing units (count),"HCD UNIT_CAT uses SFD, SFA, 2-4, 5+, ADU, and MH. The 2-4 category cannot be defensibly split into duplex versus 3-4-unit buildings from this source alone. Stage activity is counted only when the stage date is in the APR reporting year."
Del Mar,2021,Building Permit,5+ unit building,0.0,reported,HCD APR Table A2,2021,2026-10-07,Jurisdiction,Housing units (count),"HCD UNIT_CAT uses SFD, SFA, 2-4, 5+, ADU, and MH. The 2-4 category cannot be defensibly split into duplex versus 3-4-unit buildings from this source alone. Stage activity is counted only when the stage date is in the APR reporting year."
Del Mar,2021,Building Permit,Accessory dwelling unit,22.0,reported,HCD APR Table A2,2021,2026-10-07,Jurisdiction,Housing units (count),"HCD UNIT_CAT uses SFD, SFA, 2-4, 5+, ADU, and MH. The 2-4 category cannot be defensibly split into duplex versus 3-4-unit buildings from this source alone. Stage activity is counted only when the stage date is in the APR reporting year."
Del Mar,2021,Building Permit,Mobile home / manufactured home,0.0,reported,HCD APR Table A2,2021,2026-10-07,Jurisdiction,Housing units (count),"HCD UNIT_CAT uses SFD, SFA, 2-4, 5+, ADU, and MH. The 2-4 category cannot be defensibly split into duplex versus 3-4-unit buildings from this source alone. Stage activity is counted only when the stage date is in the APR reporting year."
Del Mar,2021,Building Permit,Other / source-reported,0.0,reported,HCD APR Table A2,2021,2026-10-07,Jurisdiction,Housing units (count),"HCD UNIT_CAT uses SFD, SFA, 2-4, 5+, ADU, and MH. The 2-4 category cannot be defensibly split into duplex versus 3-4-unit buildings from this source alone. Stage activity is counted only when the stage date is in the APR reporting year."
Del Mar,2021,Building Permit,Single-family attached,0.0,reported,HCD APR Table A2,2021,2026-10-07,Jurisdiction,Housing units (count),"HCD UNIT_CAT uses SFD, SFA, 2-4, 5+, ADU, and MH. The 2-4 category cannot be defensibly split into duplex versus 3-4-unit buildings from this source alone. Stage activity is counted only when the stage date is in the APR reporting year."
Del Mar,2021,Building Permit,Single-family detached,2.0,reported,HCD APR Table A2,2021,2026-10-07,Jurisdiction,Housing units (count),"HCD UNIT_CAT uses SFD, SFA, 2-4, 5+, ADU, and MH. The 2-4 category cannot be defensibly split into duplex versus 3-4-unit buildings from this source alone. Stage activity is counted only when the stage date is in the APR reporting year."
Del Mar,2021,Building Permit,Unknown / not reported,0.0,reported,HCD APR Table A2,2021,2026-10-07,Jurisdiction,Housing units (count),"HCD UNIT_CAT uses SFD, SFA, 2-4, 5+, ADU, and MH. The 2-4 category cannot be defensibly split into duplex versus 3-4-unit buildings from this source alone. Stage activity is counted only when the stage date is in the APR reporting year."
Del Mar,2021,Completion,2-4 unit building (combined),0.0,reported,HCD APR Table A2,2021,2026-10-07,Jurisdiction,Housing units (count),"HCD UNIT_CAT uses SFD, SFA, 2-4, 5+, ADU, and MH. The 2-4 category cannot be defensibly split into duplex versus 3-4-unit buildings from this source alone. Stage activity is counted only when the stage date is in the APR reporting year."
Del Mar,2021,Completion,5+ unit building,0.0,reported,HCD APR Table A2,2021,2026-10-07,Jurisdiction,Housing units (count),"HCD UNIT_CAT uses SFD, SFA, 2-4, 5+, ADU, and MH. The 2-4 category cannot be defensibly split into duplex versus 3-4-unit buildings from this source alone. Stage activity is counted only when the stage date is in the APR reporting year."
Del Mar,2021,Completion,Accessory dwelling unit,5.0,reported,HCD APR Table A2,2021,2026-10-07,Jurisdiction,Housing units (count),"HCD UNIT_CAT uses SFD, SFA, 2-4, 5+, ADU, and MH. The 2-4 category cannot be defensibly split into duplex versus 3-4-unit buildings from this source alone. Stage activity is counted only when the stage date is in the APR reporting year."
Del Mar,2021,Completion,Mobile home / manufactured home,0.0,reported,HCD APR Table A2,2021,2026-10-07,Jurisdiction,Housing units (count),"HCD UNIT_CAT uses SFD, SFA, 2-4, 5+, ADU, and MH. The 2-4 category cannot be defensibly split into duplex versus 3-4-unit buildings from this source alone. Stage activity is counted only when the stage date is in the APR reporting year."
Del Mar,2021,Completion,Other / source-reported,0.0,reported,HCD APR Table A2,2021,2026-10-07,Jurisdiction,Housing units (count),"HCD UNIT_CAT uses SFD, SFA, 2-4, 5+, ADU, and MH. The 2-4 category cannot be defensibly split into duplex versus 3-4-unit buildings from this source alone. Stage activity is counted only when the stage date is in the APR reporting year."
Del Mar,2021,Completion,Single-family attached,0.0,reported,HCD APR Table A2,2021,2026-10-07,Jurisdiction,Housing units (count),"HCD UNIT_CAT uses SFD, SFA, 2-4, 5+, ADU, and MH. The 2-4 category cannot be defensibly split into duplex versus 3-4-unit buildings from this source alone. Stage activity is counted only when the stage date is in the APR reporting year."
Del Mar,2021,Completion,Single-family detached,1.0,reported,HCD APR Table A2,2021,2026-10-07,Jurisdiction,Housing units (count),"HCD UNIT_CAT uses SFD, SFA, 2-4, 5+, ADU, and MH. The 2-4 category cannot be defensibly split into duplex versus 3-4-unit buildings from this source alone. Stage activity is counted only when the stage date is in the APR reporting year."
Del Mar,2021,Completion,Unknown / not reported,0.0,reported,HCD APR Table A2,2021,2026-10-07,Jurisdiction,Housing units (count),"HCD UNIT_CAT uses SFD, SFA, 2-4, 5+, ADU, and MH. The 2-4 category cannot be defensibly split into duplex versus 3-4-unit buildings from this source alone. Stage activity is counted only when the stage date is in the APR reporting year."
Del Mar,2022,Building Permit,2-4 unit building (combined),0.0,reported,HCD APR Table A2,2022,2026-10-07,Jurisdiction,Housing units (count),"HCD UNIT_CAT uses SFD, SFA, 2-4, 5+, ADU, and MH. The 2-4 category cannot be defensibly split into duplex versus 3-4-unit buildings from this source alone. Stage activity is counted only when the stage date is in the APR reporting year."
Del Mar,2022,Building Permit,5+ unit building,0.0,reported,HCD APR Table A2,2022,2026-10-07,Jurisdiction,Housing units (count),"HCD UNIT_CAT uses SFD, SFA, 2-4, 5+, ADU, and MH. The 2-4 category cannot be defensibly split into duplex versus 3-4-unit buildings from this source alone. Stage activity is counted only when the stage date is in the APR reporting year."
Del Mar,2022,Building Permit,Accessory dwelling unit,25.0,reported,HCD APR Table A2,2022,2026-10-07,Jurisdiction,Housing units (count),"HCD UNIT_CAT uses SFD, SFA, 2-4, 5+, ADU, and MH. The 2-4 category cannot be defensibly split into duplex versus 3-4-unit buildings from this source alone. Stage activity is counted only when the stage date is in the APR reporting year."
Del Mar,2022,Building Permit,Mobile home / manufactured home,0.0,reported,HCD APR Table A2,2022,2026-10-07,Jurisdiction,Housing units (count),"HCD UNIT_CAT uses SFD, SFA, 2-4, 5+, ADU, and MH. The 2-4 category cannot be defensibly split into duplex versus 3-4-unit buildings from this source alone. Stage activity is counted only when the stage date is in the APR reporting year."
Del Mar,2022,Building Permit,Other / source-reported,0.0,reported,HCD APR Table A2,2022,2026-10-07,Jurisdiction,Housing units (count),"HCD UNIT_CAT uses SFD, SFA, 2-4, 5+, ADU, and MH. The 2-4 category cannot be defensibly split into duplex versus 3-4-unit buildings from this source alone. Stage activity is counted only when the stage date is in the APR reporting year."
Del Mar,2022,Building Permit,Single-family attached,0.0,reported,HCD APR Table A2,2022,2026-10-07,Jurisdiction,Housing units (count),"HCD UNIT_CAT uses SFD, SFA, 2-4, 5+, ADU, and MH. The 2-4 category cannot be defensibly split into duplex versus 3-4-unit buildings from this source alone. Stage activity is counted only when the stage date is in the APR reporting year."
Del Mar,2022,Building Permit,Single-family detached,1.0,reported,HCD APR Table A2,2022,2026-10-07,Jurisdiction,Housing units (count),"HCD UNIT_CAT uses SFD, SFA, 2-4, 5+, ADU, and MH. The 2-4 category cannot be defensibly split into duplex versus 3-4-unit buildings from this source alone. Stage activity is counted only when the stage date is in the APR reporting year."
Del Mar,2022,Building Permit,Unknown / not reported,0.0,reported,HCD APR Table A2,2022,2026-10-07,Jurisdiction,Housing units (count),"HCD UNIT_CAT uses SFD, SFA, 2-4, 5+, ADU, and MH. The 2-4 category cannot be defensibly split into duplex versus 3-4-unit buildings from this source alone. Stage activity is counted only when the stage date is in the APR reporting year."
Del Mar,2022,Completion,2-4 unit building (combined),0.0,reported,HCD APR Table A2,2022,2026-10-07,Jurisdiction,Housing units (count),"HCD UNIT_CAT uses SFD, SFA, 2-4, 5+, ADU, and MH. The 2-4 category cannot be defensibly split into duplex versus 3-4-unit buildings from this source alone. Stage activity is counted only when the stage date is in the APR reporting year."
Del Mar,2022,Completion,5+ unit building,0.0,reported,HCD APR Table A2,2022,2026-10-07,Jurisdiction,Housing units (count),"HCD UNIT_CAT uses SFD, SFA, 2-4, 5+, ADU, and MH. The 2-4 category cannot be defensibly split into duplex versus 3-4-unit buildings from this source alone. Stage activity is counted only when the stage date is in the APR reporting year."
Del Mar,2022,Completion,Accessory dwelling unit,18.0,reported,HCD APR Table A2,2022,2026-10-07,Jurisdiction,Housing units (count),"HCD UNIT_CAT uses SFD, SFA, 2-4, 5+, ADU, and MH. The 2-4 category cannot be defensibly split into duplex versus 3-4-unit buildings from this source alone. Stage activity is counted only when the stage date is in the APR reporting year."
Del Mar,2022,Completion,Mobile home / manufactured home,0.0,reported,HCD APR Table A2,2022,2026-10-07,Jurisdiction,Housing units (count),"HCD UNIT_CAT uses SFD, SFA, 2-4, 5+, ADU, and MH. The 2-4 category cannot be defensibly split into duplex versus 3-4-unit buildings from this source alone. Stage activity is counted only when the stage date is in the APR reporting year."
Del Mar,2022,Completion,Other / source-reported,0.0,reported,HCD APR Table A2,2022,2026-10-07,Jurisdiction,Housing units (count),"HCD UNIT_CAT uses SFD, SFA, 2-4, 5+, ADU, and MH. The 2-4 category cannot be defensibly split into duplex versus 3-4-unit buildings from this source alone. Stage activity is counted only when the stage date is in the APR reporting year."
Del Mar,2022,Completion,Single-family attached,0.0,reported,HCD APR Table A2,2022,2026-10-07,Jurisdiction,Housing units (count),"HCD UNIT_CAT uses SFD, SFA, 2-4, 5+, ADU, and MH. The 2-4 category cannot be defensibly split into duplex versus 3-4-unit buildings from this source alone. Stage activity is counted only when the stage date is in the APR reporting year."
Del Mar,2022,Completion,Single-family detached,1.0,reported,HCD APR Table A2,2022,2026-10-07,Jurisdiction,Housing units (count),"HCD UNIT_CAT uses SFD, SFA, 2-4, 5+, ADU, and MH. The 2-4 category cannot be defensibly split into duplex versus 3-4-unit buildings from this source alone. Stage activity is counted only when the stage date is in the APR reporting year."
Del Mar,2022,Completion,Unknown / not reported,0.0,reported,HCD APR Table A2,2022,2026-10-07,Jurisdiction,Housing units (count),"HCD UNIT_CAT uses SFD, SFA, 2-4, 5+, ADU, and MH. The 2-4 category cannot be defensibly split into duplex versus 3-4-unit buildings from this source alone. Stage activity is counted only when the stage date is in the APR reporting year."
Del Mar,2023,Building Permit,2-4 unit building (combined),0.0,reported,HCD APR Table A2,2023,2026-10-07,Jurisdiction,Housing units (count),"HCD UNIT_CAT uses SFD, SFA, 2-4, 5+, ADU, and MH. The 2-4 category cannot be defensibly split into duplex versus 3-4-unit buildings from this source alone. Stage activity is counted only when the stage date is in the APR reporting year."
Del Mar,2023,Building Permit,5+ unit building,0.0,reported,HCD APR Table A2,2023,2026-10-07,Jurisdiction,Housing units (count),"HCD UNIT_CAT uses SFD, SFA, 2-4, 5+, ADU, and MH. The 2-4 category cannot be defensibly split into duplex versus 3-4-unit buildings from this source alone. Stage activity is counted only when the stage date is in the APR reporting year."
Del Mar,2023,Building Permit,Accessory dwelling unit,27.0,reported,HCD APR Table A2,2023,2026-10-07,Jurisdiction,Housing units (count),"HCD UNIT_CAT uses SFD, SFA, 2-4, 5+, ADU, and MH. The 2-4 category cannot be defensibly split into duplex versus 3-4-unit buildings from this source alone. Stage activity is counted only when the stage date is in the APR reporting year."
Del Mar,2023,Building Permit,Mobile home / manufactured home,0.0,reported,HCD APR Table A2,2023,2026-10-07,Jurisdiction,Housing units (count),"HCD UNIT_CAT uses SFD, SFA, 2-4, 5+, ADU, and MH. The 2-4 category cannot be defensibly split into duplex versus 3-4-unit buildings from this source alone. Stage activity is counted only when the stage date is in the APR reporting year."
Del Mar,2023,Building Permit,Other / source-reported,0.0,reported,HCD APR Table A2,2023,2026-10-07,Jurisdiction,Housing units (count),"HCD UNIT_CAT uses SFD, SFA, 2-4, 5+, ADU, and MH. The 2-4 category cannot be defensibly split into duplex versus 3-4-unit buildings from this source alone. Stage activity is counted only when the stage date is in the APR reporting year."
Del Mar,2023,Building Permit,Single-family attached,0.0,reported,HCD APR Table A2,2023,2026-10-07,Jurisdiction,Housing units (count),"HCD UNIT_CAT uses SFD, SFA, 2-4, 5+, ADU, and MH. The 2-4 category cannot be defensibly split into duplex versus 3-4-unit buildings from this source alone. Stage activity is counted only when the stage date is in the APR reporting year."
Del Mar,2023,Building Permit,Single-family detached,0.0,reported,HCD APR Table A2,2023,2026-10-07,Jurisdiction,Housing units (count),"HCD UNIT_CAT uses SFD, SFA, 2-4, 5+, ADU, and MH. The 2-4 category cannot be defensibly split into duplex versus 3-4-unit buildings from this source alone. Stage activity is counted only when the stage date is in the APR reporting year."
Del Mar,2023,Building Permit,Unknown / not reported,0.0,reported,HCD APR Table A2,2023,2026-10-07,Jurisdiction,Housing units (count),"HCD UNIT_CAT uses SFD, SFA, 2-4, 5+, ADU, and MH. The 2-4 category cannot be defensibly split into duplex versus 3-4-unit buildings from this source alone. Stage activity is counted only when the stage date is in the APR reporting year."
Del Mar,2023,Completion,2-4 unit building (combined),0.0,reported,HCD APR Table A2,2023,2026-10-07,Jurisdiction,Housing units (count),"HCD UNIT_CAT uses SFD, SFA, 2-4, 5+, ADU, and MH. The 2-4 category cannot be defensibly split into duplex versus 3-4-unit buildings from this source alone. Stage activity is counted only when the stage date is in the APR reporting year."
Del Mar,2023,Completion,5+ unit building,0.0,reported,HCD APR Table A2,2023,2026-10-07,Jurisdiction,Housing units (count),"HCD UNIT_CAT uses SFD, SFA, 2-4, 5+, ADU, and MH. The 2-4 category cannot be defensibly split into duplex versus 3-4-unit buildings from this source alone. Stage activity is counted only when the stage date is in the APR reporting year."
Del Mar,2023,Completion,Accessory dwelling unit,22.0,reported,HCD APR Table A2,2023,2026-10-07,Jurisdiction,Housing units (count),"HCD UNIT_CAT uses SFD, SFA, 2-4, 5+, ADU, and MH. The 2-4 category cannot be defensibly split into duplex versus 3-4-unit buildings from this source alone. Stage activity is counted only when the stage date is in the APR reporting year."
Del Mar,2023,Completion,Mobile home / manufactured home,0.0,reported,HCD APR Table A2,2023,2026-10-07,Jurisdiction,Housing units (count),"HCD UNIT_CAT uses SFD, SFA, 2-4, 5+, ADU, and MH. The 2-4 category cannot be defensibly split into duplex versus 3-4-unit buildings from this source alone. Stage activity is counted only when the stage date is in the APR reporting year."
Del Mar,2023,Completion,Other / source-reported,0.0,reported,HCD APR Table A2,2023,2026-10-07,Jurisdiction,Housing units (count),"HCD UNIT_CAT uses SFD, SFA, 2-4, 5+, ADU, and MH. The 2-4 category cannot be defensibly split into duplex versus 3-4-unit buildings from this source alone. Stage activity is counted only when the stage date is in the APR reporting year."
Del Mar,2023,Completion,Single-family attached,0.0,reported,HCD APR Table A2,2023,2026-10-07,Jurisdiction,Housing units (count),"HCD UNIT_CAT uses SFD, SFA, 2-4, 5+, ADU, and MH. The 2-4 category cannot be defensibly split into duplex versus 3-4-unit buildings from this source alone. Stage activity is counted only when the stage date is in the APR reporting year."
Del Mar,2023,Completion,Single-family detached,1.0,reported,HCD APR Table A2,2023,2026-10-07,Jurisdiction,Housing units (count),"HCD UNIT_CAT uses SFD, SFA, 2-4, 5+, ADU, and MH. The 2-4 category cannot be defensibly split into duplex versus 3-4-unit buildings from this source alone. Stage activity is counted only when the stage date is in the APR reporting year."
Del Mar,2023,Completion,Unknown / not reported,0.0,reported,HCD APR Table A2,2023,2026-10-07,Jurisdiction,Housing units (count),"HCD UNIT_CAT uses SFD, SFA, 2-4, 5+, ADU, and MH. The 2-4 category cannot be defensibly split into duplex versus 3-4-unit buildings from this source alone. Stage activity is counted only when the stage date is in the APR reporting year."
Del Mar,2024,Building Permit,2-4 unit building (combined),0.0,reported,HCD APR Table A2,2024,2026-10-07,Jurisdiction,Housing units (count),"HCD UNIT_CAT uses SFD, SFA, 2-4, 5+, ADU, and MH. The 2-4 category cannot be defensibly split into duplex versus 3-4-unit buildings from this source alone. Stage activity is counted only when the stage date is in the APR reporting year."
Del Mar,2024,Building Permit,5+ unit building,0.0,reported,HCD APR Table A2,2024,2026-10-07,Jurisdiction,Housing units (count),"HCD UNIT_CAT uses SFD, SFA, 2-4, 5+, ADU, and MH. The 2-4 category cannot be defensibly split into duplex versus 3-4-unit buildings from this source alone. Stage activity is counted only when the stage date is in the APR reporting year."
Del Mar,2024,Building Permit,Accessory dwelling unit,20.0,reported,HCD APR Table A2,2024,2026-10-07,Jurisdiction,Housing units (count),"HCD UNIT_CAT uses SFD, SFA, 2-4, 5+, ADU, and MH. The 2-4 category cannot be defensibly split into duplex versus 3-4-unit buildings from this source alone. Stage activity is counted only when the stage date is in the APR reporting year."
Del Mar,2024,Building Permit,Mobile home / manufactured home,0.0,reported,HCD APR Table A2,2024,2026-10-07,Jurisdiction,Housing units (count),"HCD UNIT_CAT uses SFD, SFA, 2-4, 5+, ADU, and MH. The 2-4 category cannot be defensibly split into duplex versus 3-4-unit buildings from this source alone. Stage activity is counted only when the stage date is in the APR reporting year."
Del Mar,2024,Building Permit,Other / source-reported,0.0,reported,HCD APR Table A2,2024,2026-10-07,Jurisdiction,Housing units (count),"HCD UNIT_CAT uses SFD, SFA, 2-4, 5+, ADU, and MH. The 2-4 category cannot be defensibly split into duplex versus 3-4-unit buildings from this source alone. Stage activity is counted only when the stage date is in the APR reporting year."
Del Mar,2024,Building Permit,Single-family attached,0.0,reported,HCD APR Table A2,2024,2026-10-07,Jurisdiction,Housing units (count),"HCD UNIT_CAT uses SFD, SFA, 2-4, 5+, ADU, and MH. The 2-4 category cannot be defensibly split into duplex versus 3-4-unit buildings from this source alone. Stage activity is counted only when the stage date is in the APR reporting year."
Del Mar,2024,Building Permit,Single-family detached,0.0,reported,HCD APR Table A2,2024,2026-10-07,Jurisdiction,Housing units (count),"HCD UNIT_CAT uses SFD, SFA, 2-4, 5+, ADU, and MH. The 2-4 category cannot be defensibly split into duplex versus 3-4-unit buildings from this source alone. Stage activity is counted only when the stage date is in the APR reporting year."
Del Mar,2024,Building Permit,Unknown / not reported,0.0,reported,HCD APR Table A2,2024,2026-10-07,Jurisdiction,Housing units (count),"HCD UNIT_CAT uses SFD, SFA, 2-4, 5+, ADU, and MH. The 2-4 category cannot be defensibly split into duplex versus 3-4-unit buildings from this source alone. Stage activity is counted only when the stage date is in the APR reporting year."
Del Mar,2024,Completion,2-4 unit building (combined),0.0,reported,HCD APR Table A2,2024,2026-10-07,Jurisdiction,Housing units (count),"HCD UNIT_CAT uses SFD, SFA, 2-4, 5+, ADU, and MH. The 2-4 category cannot be defensibly split into duplex versus 3-4-unit buildings from this source alone. Stage activity is counted only when the stage date is in the APR reporting year."
Del Mar,2024,Completion,5+ unit building,0.0,reported,HCD APR Table A2,2024,2026-10-07,Jurisdiction,Housing units (count),"HCD UNIT_CAT uses SFD, SFA, 2-4, 5+, ADU, and MH. The 2-4 category cannot be defensibly split into duplex versus 3-4-unit buildings from this source alone. Stage activity is counted only when the stage date is in the APR reporting year."
Del Mar,2024,Completion,Accessory dwelling unit,20.0,reported,HCD APR Table A2,2024,2026-10-07,Jurisdiction,Housing units (count),"HCD UNIT_CAT uses SFD, SFA, 2-4, 5+, ADU, and MH. The 2-4 category cannot be defensibly split into duplex versus 3-4-unit buildings from this source alone. Stage activity is counted only when the stage date is in the APR reporting year."
Del Mar,2024,Completion,Mobile home / manufactured home,0.0,reported,HCD APR Table A2,2024,2026-10-07,Jurisdiction,Housing units (count),"HCD UNIT_CAT uses SFD, SFA, 2-4, 5+, ADU, and MH. The 2-4 category cannot be defensibly split into duplex versus 3-4-unit buildings from this source alone. Stage activity is counted only when the stage date is in the APR reporting year."
Del Mar,2024,Completion,Other / source-reported,0.0,reported,HCD APR Table A2,2024,2026-10-07,Jurisdiction,Housing units (count),"HCD UNIT_CAT uses SFD, SFA, 2-4, 5+, ADU, and MH. The 2-4 category cannot be defensibly split into duplex versus 3-4-unit buildings from this source alone. Stage activity is counted only when the stage date is in the APR reporting year."
Del Mar,2024,Completion,Single-family attached,0.0,reported,HCD APR Table A2,2024,2026-10-07,Jurisdiction,Housing units (count),"HCD UNIT_CAT uses SFD, SFA, 2-4, 5+, ADU, and MH. The 2-4 category cannot be defensibly split into duplex versus 3-4-unit buildings from this source alone. Stage activity is counted only when the stage date is in the APR reporting year."
Del Mar,2024,Completion,Single-family detached,1.0,reported,HCD APR Table A2,2024,2026-10-07,Jurisdiction,Housing units (count),"HCD UNIT_CAT uses SFD, SFA, 2-4, 5+, ADU, and MH. The 2-4 category cannot be defensibly split into duplex versus 3-4-unit buildings from this source alone. Stage activity is counted only when the stage date is in the APR reporting year."
Del Mar,2024,Completion,Unknown / not reported,0.0,reported,HCD APR Table A2,2024,2026-10-07,Jurisdiction,Housing units (count),"HCD UNIT_CAT uses SFD, SFA, 2-4, 5+, ADU, and MH. The 2-4 category cannot be defensibly split into duplex versus 3-4-unit buildings from this source alone. Stage activity is counted only when the stage date is in the APR reporting year."
Del Mar,2025,Building Permit,2-4 unit building (combined),0.0,reported,HCD APR Table A2,2025,2026-10-07,Jurisdiction,Housing units (count),"HCD UNIT_CAT uses SFD, SFA, 2-4, 5+, ADU, and MH. The 2-4 category cannot be defensibly split into duplex versus 3-4-unit buildings from this source alone. Stage activity is counted only when the stage date is in the APR reporting year."
Del Mar,2025,Building Permit,5+ unit building,0.0,reported,HCD APR Table A2,2025,2026-10-07,Jurisdiction,Housing units (count),"HCD UNIT_CAT uses SFD, SFA, 2-4, 5+, ADU, and MH. The 2-4 category cannot be defensibly split into duplex versus 3-4-unit buildings from this source alone. Stage activity is counted only when the stage date is in the APR reporting year."
Del Mar,2025,Building Permit,Accessory dwelling unit,14.0,reported,HCD APR Table A2,2025,2026-10-07,Jurisdiction,Housing units (count),"HCD UNIT_CAT uses SFD, SFA, 2-4, 5+, ADU, and MH. The 2-4 category cannot be defensibly split into duplex versus 3-4-unit buildings from this source alone. Stage activity is counted only when the stage date is in the APR reporting year."
Del Mar,2025,Building Permit,Mobile home / manufactured home,0.0,reported,HCD APR Table A2,2025,2026-10-07,Jurisdiction,Housing units (count),"HCD UNIT_CAT uses SFD, SFA, 2-4, 5+, ADU, and MH. The 2-4 category cannot be defensibly split into duplex versus 3-4-unit buildings from this source alone. Stage activity is counted only when the stage date is in the APR reporting year."
Del Mar,2025,Building Permit,Other / source-reported,0.0,reported,HCD APR Table A2,2025,2026-10-07,Jurisdiction,Housing units (count),"HCD UNIT_CAT uses SFD, SFA, 2-4, 5+, ADU, and MH. The 2-4 category cannot be defensibly split into duplex versus 3-4-unit buildings from this source alone. Stage activity is counted only when the stage date is in the APR reporting year."
Del Mar,2025,Building Permit,Single-family attached,0.0,reported,HCD APR Table A2,2025,2026-10-07,Jurisdiction,Housing units (count),"HCD UNIT_CAT uses SFD, SFA, 2-4, 5+, ADU, and MH. The 2-4 category cannot be defensibly split into duplex versus 3-4-unit buildings from this source alone. Stage activity is counted only when the stage date is in the APR reporting year."
Del Mar,2025,Building Permit,Single-family detached,0.0,reported,HCD APR Table A2,2025,2026-10-07,Jurisdiction,Housing units (count),"HCD UNIT_CAT uses SFD, SFA, 2-4, 5+, ADU, and MH. The 2-4 category cannot be defensibly split into duplex versus 3-4-unit buildings from this source alone. Stage activity is counted only when the stage date is in the APR reporting year."
Del Mar,2025,Building Permit,Unknown / not reported,0.0,reported,HCD APR Table A2,2025,2026-10-07,Jurisdiction,Housing units (count),"HCD UNIT_CAT uses SFD, SFA, 2-4, 5+, ADU, and MH. The 2-4 category cannot be defensibly split into duplex versus 3-4-unit buildings from this source alone. Stage activity is counted only when the stage date is in the APR reporting year."
Del Mar,2025,Completion,2-4 unit building (combined),0.0,reported,HCD APR Table A2,2025,2026-10-07,Jurisdiction,Housing units (count),"HCD UNIT_CAT uses SFD, SFA, 2-4, 5+, ADU, and MH. The 2-4 category cannot be defensibly split into duplex versus 3-4-unit buildings from this source alone. Stage activity is counted only when the stage date is in the APR reporting year."
Del Mar,2025,Completion,5+ unit building,0.0,reported,HCD APR Table A2,2025,2026-10-07,Jurisdiction,Housing units (count),"HCD UNIT_CAT uses SFD, SFA, 2-4, 5+, ADU, and MH. The 2-4 category cannot be defensibly split into duplex versus 3-4-unit buildings from this source alone. Stage activity is counted only when the stage date is in the APR reporting year."
Del Mar,2025,Completion,Accessory dwelling unit,17.0,reported,HCD APR Table A2,2025,2026-10-07,Jurisdiction,Housing units (count),"HCD UNIT_CAT uses SFD, SFA, 2-4, 5+, ADU, and MH. The 2-4 category cannot be defensibly split into duplex versus 3-4-unit buildings from this source alone. Stage activity is counted only when the stage date is in the APR reporting year."
Del Mar,2025,Completion,Mobile home / manufactured home,0.0,reported,HCD APR Table A2,2025,2026-10-07,Jurisdiction,Housing units (count),"HCD UNIT_CAT uses SFD, SFA, 2-4, 5+, ADU, and MH. The 2-4 category cannot be defensibly split into duplex versus 3-4-unit buildings from this source alone. Stage activity is counted only when the stage date is in the APR reporting year."
Del Mar,2025,Completion,Other / source-reported,0.0,reported,HCD APR Table A2,2025,2026-10-07,Jurisdiction,Housing units (count),"HCD UNIT_CAT uses SFD, SFA, 2-4, 5+, ADU, and MH. The 2-4 category cannot be defensibly split into duplex versus 3-4-unit buildings from this source alone. Stage activity is counted only when the stage date is in the APR reporting year."
Del Mar,2025,Completion,Single-family attached,0.0,reported,HCD APR Table A2,2025,2026-10-07,Jurisdiction,Housing units (count),"HCD UNIT_CAT uses SFD, SFA, 2-4, 5+, ADU, and MH. The 2-4 category cannot be defensibly split into duplex versus 3-4-unit buildings from this source alone. Stage activity is counted only when the stage date is in the APR reporting year."
Del Mar,2025,Completion,Single-family detached,0.0,reported,HCD APR Table A2,2025,2026-10-07,Jurisdiction,Housing units (count),"HCD UNIT_CAT uses SFD, SFA, 2-4, 5+, ADU, and MH. The 2-4 category cannot be defensibly split into duplex versus 3-4-unit buildings from this source alone. Stage activity is counted only when the stage date is in the APR reporting year."
Del Mar,2025,Completion,Unknown / not reported,0.0,reported,HCD APR Table A2,2025,2026-10-07,Jurisdiction,Housing units (count),"HCD UNIT_CAT uses SFD, SFA, 2-4, 5+, ADU, and MH. The 2-4 category cannot be defensibly split into duplex versus 3-4-unit buildings from this source alone. Stage activity is counted only when the stage date is in the APR reporting year."
El Cajon,2018,Building Permit,2-4 unit building (combined),0.0,reported,HCD APR Table A2,2018,2026-10-07,Jurisdiction,Housing units (count),"HCD UNIT_CAT uses SFD, SFA, 2-4, 5+, ADU, and MH. The 2-4 category cannot be defensibly split into duplex versus 3-4-unit buildings from this source alone. Stage activity is counted only when the stage date is in the APR reporting year."
El Cajon,2018,Building Permit,5+ unit building,70.0,reported,HCD APR Table A2,2018,2026-10-07,Jurisdiction,Housing units (count),"HCD UNIT_CAT uses SFD, SFA, 2-4, 5+, ADU, and MH. The 2-4 category cannot be defensibly split into duplex versus 3-4-unit buildings from this source alone. Stage activity is counted only when the stage date is in the APR reporting year."
El Cajon,2018,Building Permit,Accessory dwelling unit,10.0,reported,HCD APR Table A2,2018,2026-10-07,Jurisdiction,Housing units (count),"HCD UNIT_CAT uses SFD, SFA, 2-4, 5+, ADU, and MH. The 2-4 category cannot be defensibly split into duplex versus 3-4-unit buildings from this source alone. Stage activity is counted only when the stage date is in the APR reporting year."
El Cajon,2018,Building Permit,Mobile home / manufactured home,0.0,reported,HCD APR Table A2,2018,2026-10-07,Jurisdiction,Housing units (count),"HCD UNIT_CAT uses SFD, SFA, 2-4, 5+, ADU, and MH. The 2-4 category cannot be defensibly split into duplex versus 3-4-unit buildings from this source alone. Stage activity is counted only when the stage date is in the APR reporting year."
El Cajon,2018,Building Permit,Other / source-reported,0.0,reported,HCD APR Table A2,2018,2026-10-07,Jurisdiction,Housing units (count),"HCD UNIT_CAT uses SFD, SFA, 2-4, 5+, ADU, and MH. The 2-4 category cannot be defensibly split into duplex versus 3-4-unit buildings from this source alone. Stage activity is counted only when the stage date is in the APR reporting year."
El Cajon,2018,Building Permit,Single-family attached,0.0,reported,HCD APR Table A2,2018,2026-10-07,Jurisdiction,Housing units (count),"HCD UNIT_CAT uses SFD, SFA, 2-4, 5+, ADU, and MH. The 2-4 category cannot be defensibly split into duplex versus 3-4-unit buildings from this source alone. Stage activity is counted only when the stage date is in the APR reporting year."
El Cajon,2018,Building Permit,Single-family detached,88.0,reported,HCD APR Table A2,2018,2026-10-07,Jurisdiction,Housing units (count),"HCD UNIT_CAT uses SFD, SFA, 2-4, 5+, ADU, and MH. The 2-4 category cannot be defensibly split into duplex versus 3-4-unit buildings from this source alone. Stage activity is counted only when the stage date is in the APR reporting year."
El Cajon,2018,Building Permit,Unknown / not reported,0.0,reported,HCD APR Table A2,2018,2026-10-07,Jurisdiction,Housing units (count),"HCD UNIT_CAT uses SFD, SFA, 2-4, 5+, ADU, and MH. The 2-4 category cannot be defensibly split into duplex versus 3-4-unit buildings from this source alone. Stage activity is counted only when the stage date is in the APR reporting year."
El Cajon,2018,Completion,2-4 unit building (combined),0.0,reported,HCD APR Table A2,2018,2026-10-07,Jurisdiction,Housing units (count),"HCD UNIT_CAT uses SFD, SFA, 2-4, 5+, ADU, and MH. The 2-4 category cannot be defensibly split into duplex versus 3-4-unit buildings from this source alone. Stage activity is counted only when the stage date is in the APR reporting year."
El Cajon,2018,Completion,5+ unit building,0.0,reported,HCD APR Table A2,2018,2026-10-07,Jurisdiction,Housing units (count),"HCD UNIT_CAT uses SFD, SFA, 2-4, 5+, ADU, and MH. The 2-4 category cannot be defensibly split into duplex versus 3-4-unit buildings from this source alone. Stage activity is counted only when the stage date is in the APR reporting year."
El Cajon,2018,Completion,Accessory dwelling unit,11.0,reported,HCD APR Table A2,2018,2026-10-07,Jurisdiction,Housing units (count),"HCD UNIT_CAT uses SFD, SFA, 2-4, 5+, ADU, and MH. The 2-4 category cannot be defensibly split into duplex versus 3-4-unit buildings from this source alone. Stage activity is counted only when the stage date is in the APR reporting year."
El Cajon,2018,Completion,Mobile home / manufactured home,0.0,reported,HCD APR Table A2,2018,2026-10-07,Jurisdiction,Housing units (count),"HCD UNIT_CAT uses SFD, SFA, 2-4, 5+, ADU, and MH. The 2-4 category cannot be defensibly split into duplex versus 3-4-unit buildings from this source alone. Stage activity is counted only when the stage date is in the APR reporting year."
El Cajon,2018,Completion,Other / source-reported,0.0,reported,HCD APR Table A2,2018,2026-10-07,Jurisdiction,Housing units (count),"HCD UNIT_CAT uses SFD, SFA, 2-4, 5+, ADU, and MH. The 2-4 category cannot be defensibly split into duplex versus 3-4-unit buildings from this source alone. Stage activity is counted only when the stage date is in the APR reporting year."
El Cajon,2018,Completion,Single-family attached,37.0,reported,HCD APR Table A2,2018,2026-10-07,Jurisdiction,Housing units (count),"HCD UNIT_CAT uses SFD, SFA, 2-4, 5+, ADU, and MH. The 2-4 category cannot be defensibly split into duplex versus 3-4-unit buildings from this source alone. Stage activity is counted only when the stage date is in the APR reporting year."
El Cajon,2018,Completion,Single-family detached,5.0,reported,HCD APR Table A2,2018,2026-10-07,Jurisdiction,Housing units (count),"HCD UNIT_CAT uses SFD, SFA, 2-4, 5+, ADU, and MH. The 2-4 category cannot be defensibly split into duplex versus 3-4-unit buildings from this source alone. Stage activity is counted only when the stage date is in the APR reporting year."
El Cajon,2018,Completion,Unknown / not reported,0.0,reported,HCD APR Table A2,2018,2026-10-07,Jurisdiction,Housing units (count),"HCD UNIT_CAT uses SFD, SFA, 2-4, 5+, ADU, and MH. The 2-4 category cannot be defensibly split into duplex versus 3-4-unit buildings from this source alone. Stage activity is counted only when the stage date is in the APR reporting year."
El Cajon,2019,Building Permit,2-4 unit building (combined),0.0,reported,HCD APR Table A2,2019,2026-10-07,Jurisdiction,Housing units (count),"HCD UNIT_CAT uses SFD, SFA, 2-4, 5+, ADU, and MH. The 2-4 category cannot be defensibly split into duplex versus 3-4-unit buildings from this source alone. Stage activity is counted only when the stage date is in the APR reporting year."
El Cajon,2019,Building Permit,5+ unit building,85.0,reported,HCD APR Table A2,2019,2026-10-07,Jurisdiction,Housing units (count),"HCD UNIT_CAT uses SFD, SFA, 2-4, 5+, ADU, and MH. The 2-4 category cannot be defensibly split into duplex versus 3-4-unit buildings from this source alone. Stage activity is counted only when the stage date is in the APR reporting year."
El Cajon,2019,Building Permit,Accessory dwelling unit,18.0,reported,HCD APR Table A2,2019,2026-10-07,Jurisdiction,Housing units (count),"HCD UNIT_CAT uses SFD, SFA, 2-4, 5+, ADU, and MH. The 2-4 category cannot be defensibly split into duplex versus 3-4-unit buildings from this source alone. Stage activity is counted only when the stage date is in the APR reporting year."
El Cajon,2019,Building Permit,Mobile home / manufactured home,0.0,reported,HCD APR Table A2,2019,2026-10-07,Jurisdiction,Housing units (count),"HCD UNIT_CAT uses SFD, SFA, 2-4, 5+, ADU, and MH. The 2-4 category cannot be defensibly split into duplex versus 3-4-unit buildings from this source alone. Stage activity is counted only when the stage date is in the APR reporting year."
El Cajon,2019,Building Permit,Other / source-reported,0.0,reported,HCD APR Table A2,2019,2026-10-07,Jurisdiction,Housing units (count),"HCD UNIT_CAT uses SFD, SFA, 2-4, 5+, ADU, and MH. The 2-4 category cannot be defensibly split into duplex versus 3-4-unit buildings from this source alone. Stage activity is counted only when the stage date is in the APR reporting year."
El Cajon,2019,Building Permit,Single-family attached,43.0,reported,HCD APR Table A2,2019,2026-10-07,Jurisdiction,Housing units (count),"HCD UNIT_CAT uses SFD, SFA, 2-4, 5+, ADU, and MH. The 2-4 category cannot be defensibly split into duplex versus 3-4-unit buildings from this source alone. Stage activity is counted only when the stage date is in the APR reporting year."
El Cajon,2019,Building Permit,Single-family detached,86.0,reported,HCD APR Table A2,2019,2026-10-07,Jurisdiction,Housing units (count),"HCD UNIT_CAT uses SFD, SFA, 2-4, 5+, ADU, and MH. The 2-4 category cannot be defensibly split into duplex versus 3-4-unit buildings from this source alone. Stage activity is counted only when the stage date is in the APR reporting year."
El Cajon,2019,Building Permit,Unknown / not reported,0.0,reported,HCD APR Table A2,2019,2026-10-07,Jurisdiction,Housing units (count),"HCD UNIT_CAT uses SFD, SFA, 2-4, 5+, ADU, and MH. The 2-4 category cannot be defensibly split into duplex versus 3-4-unit buildings from this source alone. Stage activity is counted only when the stage date is in the APR reporting year."
El Cajon,2019,Completion,2-4 unit building (combined),0.0,reported,HCD APR Table A2,2019,2026-10-07,Jurisdiction,Housing units (count),"HCD UNIT_CAT uses SFD, SFA, 2-4, 5+, ADU, and MH. The 2-4 category cannot be defensibly split into duplex versus 3-4-unit buildings from this source alone. Stage activity is counted only when the stage date is in the APR reporting year."
El Cajon,2019,Completion,5+ unit building,78.0,reported,HCD APR Table A2,2019,2026-10-07,Jurisdiction,Housing units (count),"HCD UNIT_CAT uses SFD, SFA, 2-4, 5+, ADU, and MH. The 2-4 category cannot be defensibly split into duplex versus 3-4-unit buildings from this source alone. Stage activity is counted only when the stage date is in the APR reporting year."
El Cajon,2019,Completion,Accessory dwelling unit,8.0,reported,HCD APR Table A2,2019,2026-10-07,Jurisdiction,Housing units (count),"HCD UNIT_CAT uses SFD, SFA, 2-4, 5+, ADU, and MH. The 2-4 category cannot be defensibly split into duplex versus 3-4-unit buildings from this source alone. Stage activity is counted only when the stage date is in the APR reporting year."
El Cajon,2019,Completion,Mobile home / manufactured home,0.0,reported,HCD APR Table A2,2019,2026-10-07,Jurisdiction,Housing units (count),"HCD UNIT_CAT uses SFD, SFA, 2-4, 5+, ADU, and MH. The 2-4 category cannot be defensibly split into duplex versus 3-4-unit buildings from this source alone. Stage activity is counted only when the stage date is in the APR reporting year."
El Cajon,2019,Completion,Other / source-reported,0.0,reported,HCD APR Table A2,2019,2026-10-07,Jurisdiction,Housing units (count),"HCD UNIT_CAT uses SFD, SFA, 2-4, 5+, ADU, and MH. The 2-4 category cannot be defensibly split into duplex versus 3-4-unit buildings from this source alone. Stage activity is counted only when the stage date is in the APR reporting year."
El Cajon,2019,Completion,Single-family attached,0.0,reported,HCD APR Table A2,2019,2026-10-07,Jurisdiction,Housing units (count),"HCD UNIT_CAT uses SFD, SFA, 2-4, 5+, ADU, and MH. The 2-4 category cannot be defensibly split into duplex versus 3-4-unit buildings from this source alone. Stage activity is counted only when the stage date is in the APR reporting year."
El Cajon,2019,Completion,Single-family detached,98.0,reported,HCD APR Table A2,2019,2026-10-07,Jurisdiction,Housing units (count),"HCD UNIT_CAT uses SFD, SFA, 2-4, 5+, ADU, and MH. The 2-4 category cannot be defensibly split into duplex versus 3-4-unit buildings from this source alone. Stage activity is counted only when the stage date is in the APR reporting year."
El Cajon,2019,Completion,Unknown / not reported,0.0,reported,HCD APR Table A2,2019,2026-10-07,Jurisdiction,Housing units (count),"HCD UNIT_CAT uses SFD, SFA, 2-4, 5+, ADU, and MH. The 2-4 category cannot be defensibly split into duplex versus 3-4-unit buildings from this source alone. Stage activity is counted only when the stage date is in the APR reporting year."
El Cajon,2020,Building Permit,2-4 unit building (combined),0.0,reported,HCD APR Table A2,2020,2026-10-07,Jurisdiction,Housing units (count),"HCD UNIT_CAT uses SFD, SFA, 2-4, 5+, ADU, and MH. The 2-4 category cannot be defensibly split into duplex versus 3-4-unit buildings from this source alone. Stage activity is counted only when the stage date is in the APR reporting year."
El Cajon,2020,Building Permit,5+ unit building,0.0,reported,HCD APR Table A2,2020,2026-10-07,Jurisdiction,Housing units (count),"HCD UNIT_CAT uses SFD, SFA, 2-4, 5+, ADU, and MH. The 2-4 category cannot be defensibly split into duplex versus 3-4-unit buildings from this source alone. Stage activity is counted only when the stage date is in the APR reporting year."
El Cajon,2020,Building Permit,Accessory dwelling unit,18.0,reported,HCD APR Table A2,2020,2026-10-07,Jurisdiction,Housing units (count),"HCD UNIT_CAT uses SFD, SFA, 2-4, 5+, ADU, and MH. The 2-4 category cannot be defensibly split into duplex versus 3-4-unit buildings from this source alone. Stage activity is counted only when the stage date is in the APR reporting year."
El Cajon,2020,Building Permit,Mobile home / manufactured home,0.0,reported,HCD APR Table A2,2020,2026-10-07,Jurisdiction,Housing units (count),"HCD UNIT_CAT uses SFD, SFA, 2-4, 5+, ADU, and MH. The 2-4 category cannot be defensibly split into duplex versus 3-4-unit buildings from this source alone. Stage activity is counted only when the stage date is in the APR reporting year."
El Cajon,2020,Building Permit,Other / source-reported,0.0,reported,HCD APR Table A2,2020,2026-10-07,Jurisdiction,Housing units (count),"HCD UNIT_CAT uses SFD, SFA, 2-4, 5+, ADU, and MH. The 2-4 category cannot be defensibly split into duplex versus 3-4-unit buildings from this source alone. Stage activity is counted only when the stage date is in the APR reporting year."
El Cajon,2020,Building Permit,Single-family attached,0.0,reported,HCD APR Table A2,2020,2026-10-07,Jurisdiction,Housing units (count),"HCD UNIT_CAT uses SFD, SFA, 2-4, 5+, ADU, and MH. The 2-4 category cannot be defensibly split into duplex versus 3-4-unit buildings from this source alone. Stage activity is counted only when the stage date is in the APR reporting year."
El Cajon,2020,Building Permit,Single-family detached,23.0,reported,HCD APR Table A2,2020,2026-10-07,Jurisdiction,Housing units (count),"HCD UNIT_CAT uses SFD, SFA, 2-4, 5+, ADU, and MH. The 2-4 category cannot be defensibly split into duplex versus 3-4-unit buildings from this source alone. Stage activity is counted only when the stage date is in the APR reporting year."
El Cajon,2020,Building Permit,Unknown / not reported,0.0,reported,HCD APR Table A2,2020,2026-10-07,Jurisdiction,Housing units (count),"HCD UNIT_CAT uses SFD, SFA, 2-4, 5+, ADU, and MH. The 2-4 category cannot be defensibly split into duplex versus 3-4-unit buildings from this source alone. Stage activity is counted only when the stage date is in the APR reporting year."
El Cajon,2020,Completion,2-4 unit building (combined),0.0,reported,HCD APR Table A2,2020,2026-10-07,Jurisdiction,Housing units (count),"HCD UNIT_CAT uses SFD, SFA, 2-4, 5+, ADU, and MH. The 2-4 category cannot be defensibly split into duplex versus 3-4-unit buildings from this source alone. Stage activity is counted only when the stage date is in the APR reporting year."
El Cajon,2020,Completion,5+ unit building,0.0,reported,HCD APR Table A2,2020,2026-10-07,Jurisdiction,Housing units (count),"HCD UNIT_CAT uses SFD, SFA, 2-4, 5+, ADU, and MH. The 2-4 category cannot be defensibly split into duplex versus 3-4-unit buildings from this source alone. Stage activity is counted only when the stage date is in the APR reporting year."
El Cajon,2020,Completion,Accessory dwelling unit,20.0,reported,HCD APR Table A2,2020,2026-10-07,Jurisdiction,Housing units (count),"HCD UNIT_CAT uses SFD, SFA, 2-4, 5+, ADU, and MH. The 2-4 category cannot be defensibly split into duplex versus 3-4-unit buildings from this source alone. Stage activity is counted only when the stage date is in the APR reporting year."
El Cajon,2020,Completion,Mobile home / manufactured home,0.0,reported,HCD APR Table A2,2020,2026-10-07,Jurisdiction,Housing units (count),"HCD UNIT_CAT uses SFD, SFA, 2-4, 5+, ADU, and MH. The 2-4 category cannot be defensibly split into duplex versus 3-4-unit buildings from this source alone. Stage activity is counted only when the stage date is in the APR reporting year."
El Cajon,2020,Completion,Other / source-reported,0.0,reported,HCD APR Table A2,2020,2026-10-07,Jurisdiction,Housing units (count),"HCD UNIT_CAT uses SFD, SFA, 2-4, 5+, ADU, and MH. The 2-4 category cannot be defensibly split into duplex versus 3-4-unit buildings from this source alone. Stage activity is counted only when the stage date is in the APR reporting year."
El Cajon,2020,Completion,Single-family attached,0.0,reported,HCD APR Table A2,2020,2026-10-07,Jurisdiction,Housing units (count),"HCD UNIT_CAT uses SFD, SFA, 2-4, 5+, ADU, and MH. The 2-4 category cannot be defensibly split into duplex versus 3-4-unit buildings from this source alone. Stage activity is counted only when the stage date is in the APR reporting year."
El Cajon,2020,Completion,Single-family detached,14.0,reported,HCD APR Table A2,2020,2026-10-07,Jurisdiction,Housing units (count),"HCD UNIT_CAT uses SFD, SFA, 2-4, 5+, ADU, and MH. The 2-4 category cannot be defensibly split into duplex versus 3-4-unit buildings from this source alone. Stage activity is counted only when the stage date is in the APR reporting year."
El Cajon,2020,Completion,Unknown / not reported,0.0,reported,HCD APR Table A2,2020,2026-10-07,Jurisdiction,Housing units (count),"HCD UNIT_CAT uses SFD, SFA, 2-4, 5+, ADU, and MH. The 2-4 category cannot be defensibly split into duplex versus 3-4-unit buildings from this source alone. Stage activity is counted only when the stage date is in the APR reporting year."
El Cajon,2021,Building Permit,2-4 unit building (combined),4.0,reported,HCD APR Table A2,2021,2026-10-07,Jurisdiction,Housing units (count),"HCD UNIT_CAT uses SFD, SFA, 2-4, 5+, ADU, and MH. The 2-4 category cannot be defensibly split into duplex versus 3-4-unit buildings from this source alone. Stage activity is counted only when the stage date is in the APR reporting year."
El Cajon,2021,Building Permit,5+ unit building,113.0,reported,HCD APR Table A2,2021,2026-10-07,Jurisdiction,Housing units (count),"HCD UNIT_CAT uses SFD, SFA, 2-4, 5+, ADU, and MH. The 2-4 category cannot be defensibly split into duplex versus 3-4-unit buildings from this source alone. Stage activity is counted only when the stage date is in the APR reporting year."
El Cajon,2021,Building Permit,Accessory dwelling unit,32.0,reported,HCD APR Table A2,2021,2026-10-07,Jurisdiction,Housing units (count),"HCD UNIT_CAT uses SFD, SFA, 2-4, 5+, ADU, and MH. The 2-4 category cannot be defensibly split into duplex versus 3-4-unit buildings from this source alone. Stage activity is counted only when the stage date is in the APR reporting year."
El Cajon,2021,Building Permit,Mobile home / manufactured home,0.0,reported,HCD APR Table A2,2021,2026-10-07,Jurisdiction,Housing units (count),"HCD UNIT_CAT uses SFD, SFA, 2-4, 5+, ADU, and MH. The 2-4 category cannot be defensibly split into duplex versus 3-4-unit buildings from this source alone. Stage activity is counted only when the stage date is in the APR reporting year."
El Cajon,2021,Building Permit,Other / source-reported,0.0,reported,HCD APR Table A2,2021,2026-10-07,Jurisdiction,Housing units (count),"HCD UNIT_CAT uses SFD, SFA, 2-4, 5+, ADU, and MH. The 2-4 category cannot be defensibly split into duplex versus 3-4-unit buildings from this source alone. Stage activity is counted only when the stage date is in the APR reporting year."
El Cajon,2021,Building Permit,Single-family attached,0.0,reported,HCD APR Table A2,2021,2026-10-07,Jurisdiction,Housing units (count),"HCD UNIT_CAT uses SFD, SFA, 2-4, 5+, ADU, and MH. The 2-4 category cannot be defensibly split into duplex versus 3-4-unit buildings from this source alone. Stage activity is counted only when the stage date is in the APR reporting year."
El Cajon,2021,Building Permit,Single-family detached,6.0,reported,HCD APR Table A2,2021,2026-10-07,Jurisdiction,Housing units (count),"HCD UNIT_CAT uses SFD, SFA, 2-4, 5+, ADU, and MH. The 2-4 category cannot be defensibly split into duplex versus 3-4-unit buildings from this source alone. Stage activity is counted only when the stage date is in the APR reporting year."
El Cajon,2021,Building Permit,Unknown / not reported,0.0,reported,HCD APR Table A2,2021,2026-10-07,Jurisdiction,Housing units (count),"HCD UNIT_CAT uses SFD, SFA, 2-4, 5+, ADU, and MH. The 2-4 category cannot be defensibly split into duplex versus 3-4-unit buildings from this source alone. Stage activity is counted only when the stage date is in the APR reporting year."
El Cajon,2021,Completion,2-4 unit building (combined),4.0,reported,HCD APR Table A2,2021,2026-10-07,Jurisdiction,Housing units (count),"HCD UNIT_CAT uses SFD, SFA, 2-4, 5+, ADU, and MH. The 2-4 category cannot be defensibly split into duplex versus 3-4-unit buildings from this source alone. Stage activity is counted only when the stage date is in the APR reporting year."
El Cajon,2021,Completion,5+ unit building,113.0,reported,HCD APR Table A2,2021,2026-10-07,Jurisdiction,Housing units (count),"HCD UNIT_CAT uses SFD, SFA, 2-4, 5+, ADU, and MH. The 2-4 category cannot be defensibly split into duplex versus 3-4-unit buildings from this source alone. Stage activity is counted only when the stage date is in the APR reporting year."
El Cajon,2021,Completion,Accessory dwelling unit,20.0,reported,HCD APR Table A2,2021,2026-10-07,Jurisdiction,Housing units (count),"HCD UNIT_CAT uses SFD, SFA, 2-4, 5+, ADU, and MH. The 2-4 category cannot be defensibly split into duplex versus 3-4-unit buildings from this source alone. Stage activity is counted only when the stage date is in the APR reporting year."
El Cajon,2021,Completion,Mobile home / manufactured home,0.0,reported,HCD APR Table A2,2021,2026-10-07,Jurisdiction,Housing units (count),"HCD UNIT_CAT uses SFD, SFA, 2-4, 5+, ADU, and MH. The 2-4 category cannot be defensibly split into duplex versus 3-4-unit buildings from this source alone. Stage activity is counted only when the stage date is in the APR reporting year."
El Cajon,2021,Completion,Other / source-reported,0.0,reported,HCD APR Table A2,2021,2026-10-07,Jurisdiction,Housing units (count),"HCD UNIT_CAT uses SFD, SFA, 2-4, 5+, ADU, and MH. The 2-4 category cannot be defensibly split into duplex versus 3-4-unit buildings from this source alone. Stage activity is counted only when the stage date is in the APR reporting year."
El Cajon,2021,Completion,Single-family attached,22.0,reported,HCD APR Table A2,2021,2026-10-07,Jurisdiction,Housing units (count),"HCD UNIT_CAT uses SFD, SFA, 2-4, 5+, ADU, and MH. The 2-4 category cannot be defensibly split into duplex versus 3-4-unit buildings from this source alone. Stage activity is counted only when the stage date is in the APR reporting year."
El Cajon,2021,Completion,Single-family detached,6.0,reported,HCD APR Table A2,2021,2026-10-07,Jurisdiction,Housing units (count),"HCD UNIT_CAT uses SFD, SFA, 2-4, 5+, ADU, and MH. The 2-4 category cannot be defensibly split into duplex versus 3-4-unit buildings from this source alone. Stage activity is counted only when the stage date is in the APR reporting year."
El Cajon,2021,Completion,Unknown / not reported,0.0,reported,HCD APR Table A2,2021,2026-10-07,Jurisdiction,Housing units (count),"HCD UNIT_CAT uses SFD, SFA, 2-4, 5+, ADU, and MH. The 2-4 category cannot be defensibly split into duplex versus 3-4-unit buildings from this source alone. Stage activity is counted only when the stage date is in the APR reporting year."
El Cajon,2022,Building Permit,2-4 unit building (combined),5.0,reported,HCD APR Table A2,2022,2026-10-07,Jurisdiction,Housing units (count),"HCD UNIT_CAT uses SFD, SFA, 2-4, 5+, ADU, and MH. The 2-4 category cannot be defensibly split into duplex versus 3-4-unit buildings from this source alone. Stage activity is counted only when the stage date is in the APR reporting year."
El Cajon,2022,Building Permit,5+ unit building,0.0,reported,HCD APR Table A2,2022,2026-10-07,Jurisdiction,Housing units (count),"HCD UNIT_CAT uses SFD, SFA, 2-4, 5+, ADU, and MH. The 2-4 category cannot be defensibly split into duplex versus 3-4-unit buildings from this source alone. Stage activity is counted only when the stage date is in the APR reporting year."
El Cajon,2022,Building Permit,Accessory dwelling unit,50.0,reported,HCD APR Table A2,2022,2026-10-07,Jurisdiction,Housing units (count),"HCD UNIT_CAT uses SFD, SFA, 2-4, 5+, ADU, and MH. The 2-4 category cannot be defensibly split into duplex versus 3-4-unit buildings from this source alone. Stage activity is counted only when the stage date is in the APR reporting year."
El Cajon,2022,Building Permit,Mobile home / manufactured home,0.0,reported,HCD APR Table A2,2022,2026-10-07,Jurisdiction,Housing units (count),"HCD UNIT_CAT uses SFD, SFA, 2-4, 5+, ADU, and MH. The 2-4 category cannot be defensibly split into duplex versus 3-4-unit buildings from this source alone. Stage activity is counted only when the stage date is in the APR reporting year."
El Cajon,2022,Building Permit,Other / source-reported,0.0,reported,HCD APR Table A2,2022,2026-10-07,Jurisdiction,Housing units (count),"HCD UNIT_CAT uses SFD, SFA, 2-4, 5+, ADU, and MH. The 2-4 category cannot be defensibly split into duplex versus 3-4-unit buildings from this source alone. Stage activity is counted only when the stage date is in the APR reporting year."
El Cajon,2022,Building Permit,Single-family attached,6.0,reported,HCD APR Table A2,2022,2026-10-07,Jurisdiction,Housing units (count),"HCD UNIT_CAT uses SFD, SFA, 2-4, 5+, ADU, and MH. The 2-4 category cannot be defensibly split into duplex versus 3-4-unit buildings from this source alone. Stage activity is counted only when the stage date is in the APR reporting year."
El Cajon,2022,Building Permit,Single-family detached,10.0,reported,HCD APR Table A2,2022,2026-10-07,Jurisdiction,Housing units (count),"HCD UNIT_CAT uses SFD, SFA, 2-4, 5+, ADU, and MH. The 2-4 category cannot be defensibly split into duplex versus 3-4-unit buildings from this source alone. Stage activity is counted only when the stage date is in the APR reporting year."
El Cajon,2022,Building Permit,Unknown / not reported,0.0,reported,HCD APR Table A2,2022,2026-10-07,Jurisdiction,Housing units (count),"HCD UNIT_CAT uses SFD, SFA, 2-4, 5+, ADU, and MH. The 2-4 category cannot be defensibly split into duplex versus 3-4-unit buildings from this source alone. Stage activity is counted only when the stage date is in the APR reporting year."
El Cajon,2022,Completion,2-4 unit building (combined),0.0,reported,HCD APR Table A2,2022,2026-10-07,Jurisdiction,Housing units (count),"HCD UNIT_CAT uses SFD, SFA, 2-4, 5+, ADU, and MH. The 2-4 category cannot be defensibly split into duplex versus 3-4-unit buildings from this source alone. Stage activity is counted only when the stage date is in the APR reporting year."
El Cajon,2022,Completion,5+ unit building,0.0,reported,HCD APR Table A2,2022,2026-10-07,Jurisdiction,Housing units (count),"HCD UNIT_CAT uses SFD, SFA, 2-4, 5+, ADU, and MH. The 2-4 category cannot be defensibly split into duplex versus 3-4-unit buildings from this source alone. Stage activity is counted only when the stage date is in the APR reporting year."
El Cajon,2022,Completion,Accessory dwelling unit,35.0,reported,HCD APR Table A2,2022,2026-10-07,Jurisdiction,Housing units (count),"HCD UNIT_CAT uses SFD, SFA, 2-4, 5+, ADU, and MH. The 2-4 category cannot be defensibly split into duplex versus 3-4-unit buildings from this source alone. Stage activity is counted only when the stage date is in the APR reporting year."
El Cajon,2022,Completion,Mobile home / manufactured home,0.0,reported,HCD APR Table A2,2022,2026-10-07,Jurisdiction,Housing units (count),"HCD UNIT_CAT uses SFD, SFA, 2-4, 5+, ADU, and MH. The 2-4 category cannot be defensibly split into duplex versus 3-4-unit buildings from this source alone. Stage activity is counted only when the stage date is in the APR reporting year."
El Cajon,2022,Completion,Other / source-reported,0.0,reported,HCD APR Table A2,2022,2026-10-07,Jurisdiction,Housing units (count),"HCD UNIT_CAT uses SFD, SFA, 2-4, 5+, ADU, and MH. The 2-4 category cannot be defensibly split into duplex versus 3-4-unit buildings from this source alone. Stage activity is counted only when the stage date is in the APR reporting year."
El Cajon,2022,Completion,Single-family attached,0.0,reported,HCD APR Table A2,2022,2026-10-07,Jurisdiction,Housing units (count),"HCD UNIT_CAT uses SFD, SFA, 2-4, 5+, ADU, and MH. The 2-4 category cannot be defensibly split into duplex versus 3-4-unit buildings from this source alone. Stage activity is counted only when the stage date is in the APR reporting year."
El Cajon,2022,Completion,Single-family detached,3.0,reported,HCD APR Table A2,2022,2026-10-07,Jurisdiction,Housing units (count),"HCD UNIT_CAT uses SFD, SFA, 2-4, 5+, ADU, and MH. The 2-4 category cannot be defensibly split into duplex versus 3-4-unit buildings from this source alone. Stage activity is counted only when the stage date is in the APR reporting year."
El Cajon,2022,Completion,Unknown / not reported,0.0,reported,HCD APR Table A2,2022,2026-10-07,Jurisdiction,Housing units (count),"HCD UNIT_CAT uses SFD, SFA, 2-4, 5+, ADU, and MH. The 2-4 category cannot be defensibly split into duplex versus 3-4-unit buildings from this source alone. Stage activity is counted only when the stage date is in the APR reporting year."
El Cajon,2023,Building Permit,2-4 unit building (combined),0.0,reported,HCD APR Table A2,2023,2026-10-07,Jurisdiction,Housing units (count),"HCD UNIT_CAT uses SFD, SFA, 2-4, 5+, ADU, and MH. The 2-4 category cannot be defensibly split into duplex versus 3-4-unit buildings from this source alone. Stage activity is counted only when the stage date is in the APR reporting year."
El Cajon,2023,Building Permit,5+ unit building,63.0,reported,HCD APR Table A2,2023,2026-10-07,Jurisdiction,Housing units (count),"HCD UNIT_CAT uses SFD, SFA, 2-4, 5+, ADU, and MH. The 2-4 category cannot be defensibly split into duplex versus 3-4-unit buildings from this source alone. Stage activity is counted only when the stage date is in the APR reporting year."
El Cajon,2023,Building Permit,Accessory dwelling unit,67.0,reported,HCD APR Table A2,2023,2026-10-07,Jurisdiction,Housing units (count),"HCD UNIT_CAT uses SFD, SFA, 2-4, 5+, ADU, and MH. The 2-4 category cannot be defensibly split into duplex versus 3-4-unit buildings from this source alone. Stage activity is counted only when the stage date is in the APR reporting year."
El Cajon,2023,Building Permit,Mobile home / manufactured home,0.0,reported,HCD APR Table A2,2023,2026-10-07,Jurisdiction,Housing units (count),"HCD UNIT_CAT uses SFD, SFA, 2-4, 5+, ADU, and MH. The 2-4 category cannot be defensibly split into duplex versus 3-4-unit buildings from this source alone. Stage activity is counted only when the stage date is in the APR reporting year."
El Cajon,2023,Building Permit,Other / source-reported,0.0,reported,HCD APR Table A2,2023,2026-10-07,Jurisdiction,Housing units (count),"HCD UNIT_CAT uses SFD, SFA, 2-4, 5+, ADU, and MH. The 2-4 category cannot be defensibly split into duplex versus 3-4-unit buildings from this source alone. Stage activity is counted only when the stage date is in the APR reporting year."
El Cajon,2023,Building Permit,Single-family attached,0.0,reported,HCD APR Table A2,2023,2026-10-07,Jurisdiction,Housing units (count),"HCD UNIT_CAT uses SFD, SFA, 2-4, 5+, ADU, and MH. The 2-4 category cannot be defensibly split into duplex versus 3-4-unit buildings from this source alone. Stage activity is counted only when the stage date is in the APR reporting year."
El Cajon,2023,Building Permit,Single-family detached,9.0,reported,HCD APR Table A2,2023,2026-10-07,Jurisdiction,Housing units (count),"HCD UNIT_CAT uses SFD, SFA, 2-4, 5+, ADU, and MH. The 2-4 category cannot be defensibly split into duplex versus 3-4-unit buildings from this source alone. Stage activity is counted only when the stage date is in the APR reporting year."
El Cajon,2023,Building Permit,Unknown / not reported,0.0,reported,HCD APR Table A2,2023,2026-10-07,Jurisdiction,Housing units (count),"HCD UNIT_CAT uses SFD, SFA, 2-4, 5+, ADU, and MH. The 2-4 category cannot be defensibly split into duplex versus 3-4-unit buildings from this source alone. Stage activity is counted only when the stage date is in the APR reporting year."
El Cajon,2023,Completion,2-4 unit building (combined),0.0,reported,HCD APR Table A2,2023,2026-10-07,Jurisdiction,Housing units (count),"HCD UNIT_CAT uses SFD, SFA, 2-4, 5+, ADU, and MH. The 2-4 category cannot be defensibly split into duplex versus 3-4-unit buildings from this source alone. Stage activity is counted only when the stage date is in the APR reporting year."
El Cajon,2023,Completion,5+ unit building,10.0,reported,HCD APR Table A2,2023,2026-10-07,Jurisdiction,Housing units (count),"HCD UNIT_CAT uses SFD, SFA, 2-4, 5+, ADU, and MH. The 2-4 category cannot be defensibly split into duplex versus 3-4-unit buildings from this source alone. Stage activity is counted only when the stage date is in the APR reporting year."
El Cajon,2023,Completion,Accessory dwelling unit,36.0,reported,HCD APR Table A2,2023,2026-10-07,Jurisdiction,Housing units (count),"HCD UNIT_CAT uses SFD, SFA, 2-4, 5+, ADU, and MH. The 2-4 category cannot be defensibly split into duplex versus 3-4-unit buildings from this source alone. Stage activity is counted only when the stage date is in the APR reporting year."
El Cajon,2023,Completion,Mobile home / manufactured home,0.0,reported,HCD APR Table A2,2023,2026-10-07,Jurisdiction,Housing units (count),"HCD UNIT_CAT uses SFD, SFA, 2-4, 5+, ADU, and MH. The 2-4 category cannot be defensibly split into duplex versus 3-4-unit buildings from this source alone. Stage activity is counted only when the stage date is in the APR reporting year."
El Cajon,2023,Completion,Other / source-reported,0.0,reported,HCD APR Table A2,2023,2026-10-07,Jurisdiction,Housing units (count),"HCD UNIT_CAT uses SFD, SFA, 2-4, 5+, ADU, and MH. The 2-4 category cannot be defensibly split into duplex versus 3-4-unit buildings from this source alone. Stage activity is counted only when the stage date is in the APR reporting year."
El Cajon,2023,Completion,Single-family attached,0.0,reported,HCD APR Table A2,2023,2026-10-07,Jurisdiction,Housing units (count),"HCD UNIT_CAT uses SFD, SFA, 2-4, 5+, ADU, and MH. The 2-4 category cannot be defensibly split into duplex versus 3-4-unit buildings from this source alone. Stage activity is counted only when the stage date is in the APR reporting year."
El Cajon,2023,Completion,Single-family detached,4.0,reported,HCD APR Table A2,2023,2026-10-07,Jurisdiction,Housing units (count),"HCD UNIT_CAT uses SFD, SFA, 2-4, 5+, ADU, and MH. The 2-4 category cannot be defensibly split into duplex versus 3-4-unit buildings from this source alone. Stage activity is counted only when the stage date is in the APR reporting year."
El Cajon,2023,Completion,Unknown / not reported,0.0,reported,HCD APR Table A2,2023,2026-10-07,Jurisdiction,Housing units (count),"HCD UNIT_CAT uses SFD, SFA, 2-4, 5+, ADU, and MH. The 2-4 category cannot be defensibly split into duplex versus 3-4-unit buildings from this source alone. Stage activity is counted only when the stage date is in the APR reporting year."
El Cajon,2024,Building Permit,2-4 unit building (combined),3.0,reported,HCD APR Table A2,2024,2026-10-07,Jurisdiction,Housing units (count),"HCD UNIT_CAT uses SFD, SFA, 2-4, 5+, ADU, and MH. The 2-4 category cannot be defensibly split into duplex versus 3-4-unit buildings from this source alone. Stage activity is counted only when the stage date is in the APR reporting year."
El Cajon,2024,Building Permit,5+ unit building,74.0,reported,HCD APR Table A2,2024,2026-10-07,Jurisdiction,Housing units (count),"HCD UNIT_CAT uses SFD, SFA, 2-4, 5+, ADU, and MH. The 2-4 category cannot be defensibly split into duplex versus 3-4-unit buildings from this source alone. Stage activity is counted only when the stage date is in the APR reporting year."
El Cajon,2024,Building Permit,Accessory dwelling unit,75.0,reported,HCD APR Table A2,2024,2026-10-07,Jurisdiction,Housing units (count),"HCD UNIT_CAT uses SFD, SFA, 2-4, 5+, ADU, and MH. The 2-4 category cannot be defensibly split into duplex versus 3-4-unit buildings from this source alone. Stage activity is counted only when the stage date is in the APR reporting year."
El Cajon,2024,Building Permit,Mobile home / manufactured home,1.0,reported,HCD APR Table A2,2024,2026-10-07,Jurisdiction,Housing units (count),"HCD UNIT_CAT uses SFD, SFA, 2-4, 5+, ADU, and MH. The 2-4 category cannot be defensibly split into duplex versus 3-4-unit buildings from this source alone. Stage activity is counted only when the stage date is in the APR reporting year."
El Cajon,2024,Building Permit,Other / source-reported,0.0,reported,HCD APR Table A2,2024,2026-10-07,Jurisdiction,Housing units (count),"HCD UNIT_CAT uses SFD, SFA, 2-4, 5+, ADU, and MH. The 2-4 category cannot be defensibly split into duplex versus 3-4-unit buildings from this source alone. Stage activity is counted only when the stage date is in the APR reporting year."
El Cajon,2024,Building Permit,Single-family attached,49.0,reported,HCD APR Table A2,2024,2026-10-07,Jurisdiction,Housing units (count),"HCD UNIT_CAT uses SFD, SFA, 2-4, 5+, ADU, and MH. The 2-4 category cannot be defensibly split into duplex versus 3-4-unit buildings from this source alone. Stage activity is counted only when the stage date is in the APR reporting year."
El Cajon,2024,Building Permit,Single-family detached,8.0,reported,HCD APR Table A2,2024,2026-10-07,Jurisdiction,Housing units (count),"HCD UNIT_CAT uses SFD, SFA, 2-4, 5+, ADU, and MH. The 2-4 category cannot be defensibly split into duplex versus 3-4-unit buildings from this source alone. Stage activity is counted only when the stage date is in the APR reporting year."
El Cajon,2024,Building Permit,Unknown / not reported,0.0,reported,HCD APR Table A2,2024,2026-10-07,Jurisdiction,Housing units (count),"HCD UNIT_CAT uses SFD, SFA, 2-4, 5+, ADU, and MH. The 2-4 category cannot be defensibly split into duplex versus 3-4-unit buildings from this source alone. Stage activity is counted only when the stage date is in the APR reporting year."
El Cajon,2024,Completion,2-4 unit building (combined),3.0,reported,HCD APR Table A2,2024,2026-10-07,Jurisdiction,Housing units (count),"HCD UNIT_CAT uses SFD, SFA, 2-4, 5+, ADU, and MH. The 2-4 category cannot be defensibly split into duplex versus 3-4-unit buildings from this source alone. Stage activity is counted only when the stage date is in the APR reporting year."
El Cajon,2024,Completion,5+ unit building,0.0,reported,HCD APR Table A2,2024,2026-10-07,Jurisdiction,Housing units (count),"HCD UNIT_CAT uses SFD, SFA, 2-4, 5+, ADU, and MH. The 2-4 category cannot be defensibly split into duplex versus 3-4-unit buildings from this source alone. Stage activity is counted only when the stage date is in the APR reporting year."
El Cajon,2024,Completion,Accessory dwelling unit,57.0,reported,HCD APR Table A2,2024,2026-10-07,Jurisdiction,Housing units (count),"HCD UNIT_CAT uses SFD, SFA, 2-4, 5+, ADU, and MH. The 2-4 category cannot be defensibly split into duplex versus 3-4-unit buildings from this source alone. Stage activity is counted only when the stage date is in the APR reporting year."
El Cajon,2024,Completion,Mobile home / manufactured home,0.0,reported,HCD APR Table A2,2024,2026-10-07,Jurisdiction,Housing units (count),"HCD UNIT_CAT uses SFD, SFA, 2-4, 5+, ADU, and MH. The 2-4 category cannot be defensibly split into duplex versus 3-4-unit buildings from this source alone. Stage activity is counted only when the stage date is in the APR reporting year."
El Cajon,2024,Completion,Other / source-reported,0.0,reported,HCD APR Table A2,2024,2026-10-07,Jurisdiction,Housing units (count),"HCD UNIT_CAT uses SFD, SFA, 2-4, 5+, ADU, and MH. The 2-4 category cannot be defensibly split into duplex versus 3-4-unit buildings from this source alone. Stage activity is counted only when the stage date is in the APR reporting year."
El Cajon,2024,Completion,Single-family attached,19.0,reported,HCD APR Table A2,2024,2026-10-07,Jurisdiction,Housing units (count),"HCD UNIT_CAT uses SFD, SFA, 2-4, 5+, ADU, and MH. The 2-4 category cannot be defensibly split into duplex versus 3-4-unit buildings from this source alone. Stage activity is counted only when the stage date is in the APR reporting year."
El Cajon,2024,Completion,Single-family detached,8.0,reported,HCD APR Table A2,2024,2026-10-07,Jurisdiction,Housing units (count),"HCD UNIT_CAT uses SFD, SFA, 2-4, 5+, ADU, and MH. The 2-4 category cannot be defensibly split into duplex versus 3-4-unit buildings from this source alone. Stage activity is counted only when the stage date is in the APR reporting year."
El Cajon,2024,Completion,Unknown / not reported,0.0,reported,HCD APR Table A2,2024,2026-10-07,Jurisdiction,Housing units (count),"HCD UNIT_CAT uses SFD, SFA, 2-4, 5+, ADU, and MH. The 2-4 category cannot be defensibly split into duplex versus 3-4-unit buildings from this source alone. Stage activity is counted only when the stage date is in the APR reporting year."
El Cajon,2025,Building Permit,2-4 unit building (combined),0.0,reported,HCD APR Table A2,2025,2026-10-07,Jurisdiction,Housing units (count),"HCD UNIT_CAT uses SFD, SFA, 2-4, 5+, ADU, and MH. The 2-4 category cannot be defensibly split into duplex versus 3-4-unit buildings from this source alone. Stage activity is counted only when the stage date is in the APR reporting year."
El Cajon,2025,Building Permit,5+ unit building,16.0,reported,HCD APR Table A2,2025,2026-10-07,Jurisdiction,Housing units (count),"HCD UNIT_CAT uses SFD, SFA, 2-4, 5+, ADU, and MH. The 2-4 category cannot be defensibly split into duplex versus 3-4-unit buildings from this source alone. Stage activity is counted only when the stage date is in the APR reporting year."
El Cajon,2025,Building Permit,Accessory dwelling unit,86.0,reported,HCD APR Table A2,2025,2026-10-07,Jurisdiction,Housing units (count),"HCD UNIT_CAT uses SFD, SFA, 2-4, 5+, ADU, and MH. The 2-4 category cannot be defensibly split into duplex versus 3-4-unit buildings from this source alone. Stage activity is counted only when the stage date is in the APR reporting year."
El Cajon,2025,Building Permit,Mobile home / manufactured home,0.0,reported,HCD APR Table A2,2025,2026-10-07,Jurisdiction,Housing units (count),"HCD UNIT_CAT uses SFD, SFA, 2-4, 5+, ADU, and MH. The 2-4 category cannot be defensibly split into duplex versus 3-4-unit buildings from this source alone. Stage activity is counted only when the stage date is in the APR reporting year."
El Cajon,2025,Building Permit,Other / source-reported,0.0,reported,HCD APR Table A2,2025,2026-10-07,Jurisdiction,Housing units (count),"HCD UNIT_CAT uses SFD, SFA, 2-4, 5+, ADU, and MH. The 2-4 category cannot be defensibly split into duplex versus 3-4-unit buildings from this source alone. Stage activity is counted only when the stage date is in the APR reporting year."
El Cajon,2025,Building Permit,Single-family attached,104.0,reported,HCD APR Table A2,2025,2026-10-07,Jurisdiction,Housing units (count),"HCD UNIT_CAT uses SFD, SFA, 2-4, 5+, ADU, and MH. The 2-4 category cannot be defensibly split into duplex versus 3-4-unit buildings from this source alone. Stage activity is counted only when the stage date is in the APR reporting year."
El Cajon,2025,Building Permit,Single-family detached,4.0,reported,HCD APR Table A2,2025,2026-10-07,Jurisdiction,Housing units (count),"HCD UNIT_CAT uses SFD, SFA, 2-4, 5+, ADU, and MH. The 2-4 category cannot be defensibly split into duplex versus 3-4-unit buildings from this source alone. Stage activity is counted only when the stage date is in the APR reporting year."
El Cajon,2025,Building Permit,Unknown / not reported,0.0,reported,HCD APR Table A2,2025,2026-10-07,Jurisdiction,Housing units (count),"HCD UNIT_CAT uses SFD, SFA, 2-4, 5+, ADU, and MH. The 2-4 category cannot be defensibly split into duplex versus 3-4-unit buildings from this source alone. Stage activity is counted only when the stage date is in the APR reporting year."
El Cajon,2025,Completion,2-4 unit building (combined),2.0,reported,HCD APR Table A2,2025,2026-10-07,Jurisdiction,Housing units (count),"HCD UNIT_CAT uses SFD, SFA, 2-4, 5+, ADU, and MH. The 2-4 category cannot be defensibly split into duplex versus 3-4-unit buildings from this source alone. Stage activity is counted only when the stage date is in the APR reporting year."
El Cajon,2025,Completion,5+ unit building,75.0,reported,HCD APR Table A2,2025,2026-10-07,Jurisdiction,Housing units (count),"HCD UNIT_CAT uses SFD, SFA, 2-4, 5+, ADU, and MH. The 2-4 category cannot be defensibly split into duplex versus 3-4-unit buildings from this source alone. Stage activity is counted only when the stage date is in the APR reporting year."
El Cajon,2025,Completion,Accessory dwelling unit,63.0,reported,HCD APR Table A2,2025,2026-10-07,Jurisdiction,Housing units (count),"HCD UNIT_CAT uses SFD, SFA, 2-4, 5+, ADU, and MH. The 2-4 category cannot be defensibly split into duplex versus 3-4-unit buildings from this source alone. Stage activity is counted only when the stage date is in the APR reporting year."
El Cajon,2025,Completion,Mobile home / manufactured home,0.0,reported,HCD APR Table A2,2025,2026-10-07,Jurisdiction,Housing units (count),"HCD UNIT_CAT uses SFD, SFA, 2-4, 5+, ADU, and MH. The 2-4 category cannot be defensibly split into duplex versus 3-4-unit buildings from this source alone. Stage activity is counted only when the stage date is in the APR reporting year."
El Cajon,2025,Completion,Other / source-reported,0.0,reported,HCD APR Table A2,2025,2026-10-07,Jurisdiction,Housing units (count),"HCD UNIT_CAT uses SFD, SFA, 2-4, 5+, ADU, and MH. The 2-4 category cannot be defensibly split into duplex versus 3-4-unit buildings from this source alone. Stage activity is counted only when the stage date is in the APR reporting year."
El Cajon,2025,Completion,Single-family attached,87.0,reported,HCD APR Table A2,2025,2026-10-07,Jurisdiction,Housing units (count),"HCD UNIT_CAT uses SFD, SFA, 2-4, 5+, ADU, and MH. The 2-4 category cannot be defensibly split into duplex versus 3-4-unit buildings from this source alone. Stage activity is counted only when the stage date is in the APR reporting year."
El Cajon,2025,Completion,Single-family detached,8.0,reported,HCD APR Table A2,2025,2026-10-07,Jurisdiction,Housing units (count),"HCD UNIT_CAT uses SFD, SFA, 2-4, 5+, ADU, and MH. The 2-4 category cannot be defensibly split into duplex versus 3-4-unit buildings from this source alone. Stage activity is counted only when the stage date is in the APR reporting year."
El Cajon,2025,Completion,Unknown / not reported,0.0,reported,HCD APR Table A2,2025,2026-10-07,Jurisdiction,Housing units (count),"HCD UNIT_CAT uses SFD, SFA, 2-4, 5+, ADU, and MH. The 2-4 category cannot be defensibly split into duplex versus 3-4-unit buildings from this source alone. Stage activity is counted only when the stage date is in the APR reporting year."
Encinitas,2018,Building Permit,2-4 unit building (combined),12.0,reported,HCD APR Table A2,2018,2026-10-07,Jurisdiction,Housing units (count),"HCD UNIT_CAT uses SFD, SFA, 2-4, 5+, ADU, and MH. The 2-4 category cannot be defensibly split into duplex versus 3-4-unit buildings from this source alone. Stage activity is counted only when the stage date is in the APR reporting year."
Encinitas,2018,Building Permit,5+ unit building,0.0,reported,HCD APR Table A2,2018,2026-10-07,Jurisdiction,Housing units (count),"HCD UNIT_CAT uses SFD, SFA, 2-4, 5+, ADU, and MH. The 2-4 category cannot be defensibly split into duplex versus 3-4-unit buildings from this source alone. Stage activity is counted only when the stage date is in the APR reporting year."
Encinitas,2018,Building Permit,Accessory dwelling unit,55.0,reported,HCD APR Table A2,2018,2026-10-07,Jurisdiction,Housing units (count),"HCD UNIT_CAT uses SFD, SFA, 2-4, 5+, ADU, and MH. The 2-4 category cannot be defensibly split into duplex versus 3-4-unit buildings from this source alone. Stage activity is counted only when the stage date is in the APR reporting year."
Encinitas,2018,Building Permit,Mobile home / manufactured home,0.0,reported,HCD APR Table A2,2018,2026-10-07,Jurisdiction,Housing units (count),"HCD UNIT_CAT uses SFD, SFA, 2-4, 5+, ADU, and MH. The 2-4 category cannot be defensibly split into duplex versus 3-4-unit buildings from this source alone. Stage activity is counted only when the stage date is in the APR reporting year."
Encinitas,2018,Building Permit,Other / source-reported,0.0,reported,HCD APR Table A2,2018,2026-10-07,Jurisdiction,Housing units (count),"HCD UNIT_CAT uses SFD, SFA, 2-4, 5+, ADU, and MH. The 2-4 category cannot be defensibly split into duplex versus 3-4-unit buildings from this source alone. Stage activity is counted only when the stage date is in the APR reporting year."
Encinitas,2018,Building Permit,Single-family attached,0.0,reported,HCD APR Table A2,2018,2026-10-07,Jurisdiction,Housing units (count),"HCD UNIT_CAT uses SFD, SFA, 2-4, 5+, ADU, and MH. The 2-4 category cannot be defensibly split into duplex versus 3-4-unit buildings from this source alone. Stage activity is counted only when the stage date is in the APR reporting year."
Encinitas,2018,Building Permit,Single-family detached,81.0,reported,HCD APR Table A2,2018,2026-10-07,Jurisdiction,Housing units (count),"HCD UNIT_CAT uses SFD, SFA, 2-4, 5+, ADU, and MH. The 2-4 category cannot be defensibly split into duplex versus 3-4-unit buildings from this source alone. Stage activity is counted only when the stage date is in the APR reporting year."
Encinitas,2018,Building Permit,Unknown / not reported,0.0,reported,HCD APR Table A2,2018,2026-10-07,Jurisdiction,Housing units (count),"HCD UNIT_CAT uses SFD, SFA, 2-4, 5+, ADU, and MH. The 2-4 category cannot be defensibly split into duplex versus 3-4-unit buildings from this source alone. Stage activity is counted only when the stage date is in the APR reporting year."
Encinitas,2018,Completion,2-4 unit building (combined),0.0,reported,HCD APR Table A2,2018,2026-10-07,Jurisdiction,Housing units (count),"HCD UNIT_CAT uses SFD, SFA, 2-4, 5+, ADU, and MH. The 2-4 category cannot be defensibly split into duplex versus 3-4-unit buildings from this source alone. Stage activity is counted only when the stage date is in the APR reporting year."
Encinitas,2018,Completion,5+ unit building,0.0,reported,HCD APR Table A2,2018,2026-10-07,Jurisdiction,Housing units (count),"HCD UNIT_CAT uses SFD, SFA, 2-4, 5+, ADU, and MH. The 2-4 category cannot be defensibly split into duplex versus 3-4-unit buildings from this source alone. Stage activity is counted only when the stage date is in the APR reporting year."
Encinitas,2018,Completion,Accessory dwelling unit,3.0,reported,HCD APR Table A2,2018,2026-10-07,Jurisdiction,Housing units (count),"HCD UNIT_CAT uses SFD, SFA, 2-4, 5+, ADU, and MH. The 2-4 category cannot be defensibly split into duplex versus 3-4-unit buildings from this source alone. Stage activity is counted only when the stage date is in the APR reporting year."
Encinitas,2018,Completion,Mobile home / manufactured home,0.0,reported,HCD APR Table A2,2018,2026-10-07,Jurisdiction,Housing units (count),"HCD UNIT_CAT uses SFD, SFA, 2-4, 5+, ADU, and MH. The 2-4 category cannot be defensibly split into duplex versus 3-4-unit buildings from this source alone. Stage activity is counted only when the stage date is in the APR reporting year."
Encinitas,2018,Completion,Other / source-reported,0.0,reported,HCD APR Table A2,2018,2026-10-07,Jurisdiction,Housing units (count),"HCD UNIT_CAT uses SFD, SFA, 2-4, 5+, ADU, and MH. The 2-4 category cannot be defensibly split into duplex versus 3-4-unit buildings from this source alone. Stage activity is counted only when the stage date is in the APR reporting year."
Encinitas,2018,Completion,Single-family attached,0.0,reported,HCD APR Table A2,2018,2026-10-07,Jurisdiction,Housing units (count),"HCD UNIT_CAT uses SFD, SFA, 2-4, 5+, ADU, and MH. The 2-4 category cannot be defensibly split into duplex versus 3-4-unit buildings from this source alone. Stage activity is counted only when the stage date is in the APR reporting year."
Encinitas,2018,Completion,Single-family detached,0.0,reported,HCD APR Table A2,2018,2026-10-07,Jurisdiction,Housing units (count),"HCD UNIT_CAT uses SFD, SFA, 2-4, 5+, ADU, and MH. The 2-4 category cannot be defensibly split into duplex versus 3-4-unit buildings from this source alone. Stage activity is counted only when the stage date is in the APR reporting year."
Encinitas,2018,Completion,Unknown / not reported,0.0,reported,HCD APR Table A2,2018,2026-10-07,Jurisdiction,Housing units (count),"HCD UNIT_CAT uses SFD, SFA, 2-4, 5+, ADU, and MH. The 2-4 category cannot be defensibly split into duplex versus 3-4-unit buildings from this source alone. Stage activity is counted only when the stage date is in the APR reporting year."
Encinitas,2019,Building Permit,2-4 unit building (combined),3.0,reported,HCD APR Table A2,2019,2026-10-07,Jurisdiction,Housing units (count),"HCD UNIT_CAT uses SFD, SFA, 2-4, 5+, ADU, and MH. The 2-4 category cannot be defensibly split into duplex versus 3-4-unit buildings from this source alone. Stage activity is counted only when the stage date is in the APR reporting year."
Encinitas,2019,Building Permit,5+ unit building,7.0,reported,HCD APR Table A2,2019,2026-10-07,Jurisdiction,Housing units (count),"HCD UNIT_CAT uses SFD, SFA, 2-4, 5+, ADU, and MH. The 2-4 category cannot be defensibly split into duplex versus 3-4-unit buildings from this source alone. Stage activity is counted only when the stage date is in the APR reporting year."
Encinitas,2019,Building Permit,Accessory dwelling unit,103.0,reported,HCD APR Table A2,2019,2026-10-07,Jurisdiction,Housing units (count),"HCD UNIT_CAT uses SFD, SFA, 2-4, 5+, ADU, and MH. The 2-4 category cannot be defensibly split into duplex versus 3-4-unit buildings from this source alone. Stage activity is counted only when the stage date is in the APR reporting year."
Encinitas,2019,Building Permit,Mobile home / manufactured home,0.0,reported,HCD APR Table A2,2019,2026-10-07,Jurisdiction,Housing units (count),"HCD UNIT_CAT uses SFD, SFA, 2-4, 5+, ADU, and MH. The 2-4 category cannot be defensibly split into duplex versus 3-4-unit buildings from this source alone. Stage activity is counted only when the stage date is in the APR reporting year."
Encinitas,2019,Building Permit,Other / source-reported,0.0,reported,HCD APR Table A2,2019,2026-10-07,Jurisdiction,Housing units (count),"HCD UNIT_CAT uses SFD, SFA, 2-4, 5+, ADU, and MH. The 2-4 category cannot be defensibly split into duplex versus 3-4-unit buildings from this source alone. Stage activity is counted only when the stage date is in the APR reporting year."
Encinitas,2019,Building Permit,Single-family attached,0.0,reported,HCD APR Table A2,2019,2026-10-07,Jurisdiction,Housing units (count),"HCD UNIT_CAT uses SFD, SFA, 2-4, 5+, ADU, and MH. The 2-4 category cannot be defensibly split into duplex versus 3-4-unit buildings from this source alone. Stage activity is counted only when the stage date is in the APR reporting year."
Encinitas,2019,Building Permit,Single-family detached,75.0,reported,HCD APR Table A2,2019,2026-10-07,Jurisdiction,Housing units (count),"HCD UNIT_CAT uses SFD, SFA, 2-4, 5+, ADU, and MH. The 2-4 category cannot be defensibly split into duplex versus 3-4-unit buildings from this source alone. Stage activity is counted only when the stage date is in the APR reporting year."
Encinitas,2019,Building Permit,Unknown / not reported,0.0,reported,HCD APR Table A2,2019,2026-10-07,Jurisdiction,Housing units (count),"HCD UNIT_CAT uses SFD, SFA, 2-4, 5+, ADU, and MH. The 2-4 category cannot be defensibly split into duplex versus 3-4-unit buildings from this source alone. Stage activity is counted only when the stage date is in the APR reporting year."
Encinitas,2019,Completion,2-4 unit building (combined),8.0,reported,HCD APR Table A2,2019,2026-10-07,Jurisdiction,Housing units (count),"HCD UNIT_CAT uses SFD, SFA, 2-4, 5+, ADU, and MH. The 2-4 category cannot be defensibly split into duplex versus 3-4-unit buildings from this source alone. Stage activity is counted only when the stage date is in the APR reporting year."
Encinitas,2019,Completion,5+ unit building,0.0,reported,HCD APR Table A2,2019,2026-10-07,Jurisdiction,Housing units (count),"HCD UNIT_CAT uses SFD, SFA, 2-4, 5+, ADU, and MH. The 2-4 category cannot be defensibly split into duplex versus 3-4-unit buildings from this source alone. Stage activity is counted only when the stage date is in the APR reporting year."
Encinitas,2019,Completion,Accessory dwelling unit,48.0,reported,HCD APR Table A2,2019,2026-10-07,Jurisdiction,Housing units (count),"HCD UNIT_CAT uses SFD, SFA, 2-4, 5+, ADU, and MH. The 2-4 category cannot be defensibly split into duplex versus 3-4-unit buildings from this source alone. Stage activity is counted only when the stage date is in the APR reporting year."
Encinitas,2019,Completion,Mobile home / manufactured home,0.0,reported,HCD APR Table A2,2019,2026-10-07,Jurisdiction,Housing units (count),"HCD UNIT_CAT uses SFD, SFA, 2-4, 5+, ADU, and MH. The 2-4 category cannot be defensibly split into duplex versus 3-4-unit buildings from this source alone. Stage activity is counted only when the stage date is in the APR reporting year."
Encinitas,2019,Completion,Other / source-reported,0.0,reported,HCD APR Table A2,2019,2026-10-07,Jurisdiction,Housing units (count),"HCD UNIT_CAT uses SFD, SFA, 2-4, 5+, ADU, and MH. The 2-4 category cannot be defensibly split into duplex versus 3-4-unit buildings from this source alone. Stage activity is counted only when the stage date is in the APR reporting year."
Encinitas,2019,Completion,Single-family attached,0.0,reported,HCD APR Table A2,2019,2026-10-07,Jurisdiction,Housing units (count),"HCD UNIT_CAT uses SFD, SFA, 2-4, 5+, ADU, and MH. The 2-4 category cannot be defensibly split into duplex versus 3-4-unit buildings from this source alone. Stage activity is counted only when the stage date is in the APR reporting year."
Encinitas,2019,Completion,Single-family detached,84.0,reported,HCD APR Table A2,2019,2026-10-07,Jurisdiction,Housing units (count),"HCD UNIT_CAT uses SFD, SFA, 2-4, 5+, ADU, and MH. The 2-4 category cannot be defensibly split into duplex versus 3-4-unit buildings from this source alone. Stage activity is counted only when the stage date is in the APR reporting year."
Encinitas,2019,Completion,Unknown / not reported,0.0,reported,HCD APR Table A2,2019,2026-10-07,Jurisdiction,Housing units (count),"HCD UNIT_CAT uses SFD, SFA, 2-4, 5+, ADU, and MH. The 2-4 category cannot be defensibly split into duplex versus 3-4-unit buildings from this source alone. Stage activity is counted only when the stage date is in the APR reporting year."
Encinitas,2020,Building Permit,2-4 unit building (combined),10.0,reported,HCD APR Table A2,2020,2026-10-07,Jurisdiction,Housing units (count),"HCD UNIT_CAT uses SFD, SFA, 2-4, 5+, ADU, and MH. The 2-4 category cannot be defensibly split into duplex versus 3-4-unit buildings from this source alone. Stage activity is counted only when the stage date is in the APR reporting year."
Encinitas,2020,Building Permit,5+ unit building,0.0,reported,HCD APR Table A2,2020,2026-10-07,Jurisdiction,Housing units (count),"HCD UNIT_CAT uses SFD, SFA, 2-4, 5+, ADU, and MH. The 2-4 category cannot be defensibly split into duplex versus 3-4-unit buildings from this source alone. Stage activity is counted only when the stage date is in the APR reporting year."
Encinitas,2020,Building Permit,Accessory dwelling unit,129.0,reported,HCD APR Table A2,2020,2026-10-07,Jurisdiction,Housing units (count),"HCD UNIT_CAT uses SFD, SFA, 2-4, 5+, ADU, and MH. The 2-4 category cannot be defensibly split into duplex versus 3-4-unit buildings from this source alone. Stage activity is counted only when the stage date is in the APR reporting year."
Encinitas,2020,Building Permit,Mobile home / manufactured home,0.0,reported,HCD APR Table A2,2020,2026-10-07,Jurisdiction,Housing units (count),"HCD UNIT_CAT uses SFD, SFA, 2-4, 5+, ADU, and MH. The 2-4 category cannot be defensibly split into duplex versus 3-4-unit buildings from this source alone. Stage activity is counted only when the stage date is in the APR reporting year."
Encinitas,2020,Building Permit,Other / source-reported,0.0,reported,HCD APR Table A2,2020,2026-10-07,Jurisdiction,Housing units (count),"HCD UNIT_CAT uses SFD, SFA, 2-4, 5+, ADU, and MH. The 2-4 category cannot be defensibly split into duplex versus 3-4-unit buildings from this source alone. Stage activity is counted only when the stage date is in the APR reporting year."
Encinitas,2020,Building Permit,Single-family attached,6.0,reported,HCD APR Table A2,2020,2026-10-07,Jurisdiction,Housing units (count),"HCD UNIT_CAT uses SFD, SFA, 2-4, 5+, ADU, and MH. The 2-4 category cannot be defensibly split into duplex versus 3-4-unit buildings from this source alone. Stage activity is counted only when the stage date is in the APR reporting year."
Encinitas,2020,Building Permit,Single-family detached,56.0,reported,HCD APR Table A2,2020,2026-10-07,Jurisdiction,Housing units (count),"HCD UNIT_CAT uses SFD, SFA, 2-4, 5+, ADU, and MH. The 2-4 category cannot be defensibly split into duplex versus 3-4-unit buildings from this source alone. Stage activity is counted only when the stage date is in the APR reporting year."
Encinitas,2020,Building Permit,Unknown / not reported,0.0,reported,HCD APR Table A2,2020,2026-10-07,Jurisdiction,Housing units (count),"HCD UNIT_CAT uses SFD, SFA, 2-4, 5+, ADU, and MH. The 2-4 category cannot be defensibly split into duplex versus 3-4-unit buildings from this source alone. Stage activity is counted only when the stage date is in the APR reporting year."
Encinitas,2020,Completion,2-4 unit building (combined),0.0,reported,HCD APR Table A2,2020,2026-10-07,Jurisdiction,Housing units (count),"HCD UNIT_CAT uses SFD, SFA, 2-4, 5+, ADU, and MH. The 2-4 category cannot be defensibly split into duplex versus 3-4-unit buildings from this source alone. Stage activity is counted only when the stage date is in the APR reporting year."
Encinitas,2020,Completion,5+ unit building,0.0,reported,HCD APR Table A2,2020,2026-10-07,Jurisdiction,Housing units (count),"HCD UNIT_CAT uses SFD, SFA, 2-4, 5+, ADU, and MH. The 2-4 category cannot be defensibly split into duplex versus 3-4-unit buildings from this source alone. Stage activity is counted only when the stage date is in the APR reporting year."
Encinitas,2020,Completion,Accessory dwelling unit,96.0,reported,HCD APR Table A2,2020,2026-10-07,Jurisdiction,Housing units (count),"HCD UNIT_CAT uses SFD, SFA, 2-4, 5+, ADU, and MH. The 2-4 category cannot be defensibly split into duplex versus 3-4-unit buildings from this source alone. Stage activity is counted only when the stage date is in the APR reporting year."
Encinitas,2020,Completion,Mobile home / manufactured home,0.0,reported,HCD APR Table A2,2020,2026-10-07,Jurisdiction,Housing units (count),"HCD UNIT_CAT uses SFD, SFA, 2-4, 5+, ADU, and MH. The 2-4 category cannot be defensibly split into duplex versus 3-4-unit buildings from this source alone. Stage activity is counted only when the stage date is in the APR reporting year."
Encinitas,2020,Completion,Other / source-reported,0.0,reported,HCD APR Table A2,2020,2026-10-07,Jurisdiction,Housing units (count),"HCD UNIT_CAT uses SFD, SFA, 2-4, 5+, ADU, and MH. The 2-4 category cannot be defensibly split into duplex versus 3-4-unit buildings from this source alone. Stage activity is counted only when the stage date is in the APR reporting year."
Encinitas,2020,Completion,Single-family attached,0.0,reported,HCD APR Table A2,2020,2026-10-07,Jurisdiction,Housing units (count),"HCD UNIT_CAT uses SFD, SFA, 2-4, 5+, ADU, and MH. The 2-4 category cannot be defensibly split into duplex versus 3-4-unit buildings from this source alone. Stage activity is counted only when the stage date is in the APR reporting year."
Encinitas,2020,Completion,Single-family detached,72.0,reported,HCD APR Table A2,2020,2026-10-07,Jurisdiction,Housing units (count),"HCD UNIT_CAT uses SFD, SFA, 2-4, 5+, ADU, and MH. The 2-4 category cannot be defensibly split into duplex versus 3-4-unit buildings from this source alone. Stage activity is counted only when the stage date is in the APR reporting year."
Encinitas,2020,Completion,Unknown / not reported,0.0,reported,HCD APR Table A2,2020,2026-10-07,Jurisdiction,Housing units (count),"HCD UNIT_CAT uses SFD, SFA, 2-4, 5+, ADU, and MH. The 2-4 category cannot be defensibly split into duplex versus 3-4-unit buildings from this source alone. Stage activity is counted only when the stage date is in the APR reporting year."
Encinitas,2021,Building Permit,2-4 unit building (combined),9.0,reported,HCD APR Table A2,2021,2026-10-07,Jurisdiction,Housing units (count),"HCD UNIT_CAT uses SFD, SFA, 2-4, 5+, ADU, and MH. The 2-4 category cannot be defensibly split into duplex versus 3-4-unit buildings from this source alone. Stage activity is counted only when the stage date is in the APR reporting year."
Encinitas,2021,Building Permit,5+ unit building,0.0,reported,HCD APR Table A2,2021,2026-10-07,Jurisdiction,Housing units (count),"HCD UNIT_CAT uses SFD, SFA, 2-4, 5+, ADU, and MH. The 2-4 category cannot be defensibly split into duplex versus 3-4-unit buildings from this source alone. Stage activity is counted only when the stage date is in the APR reporting year."
Encinitas,2021,Building Permit,Accessory dwelling unit,115.0,reported,HCD APR Table A2,2021,2026-10-07,Jurisdiction,Housing units (count),"HCD UNIT_CAT uses SFD, SFA, 2-4, 5+, ADU, and MH. The 2-4 category cannot be defensibly split into duplex versus 3-4-unit buildings from this source alone. Stage activity is counted only when the stage date is in the APR reporting year."
Encinitas,2021,Building Permit,Mobile home / manufactured home,0.0,reported,HCD APR Table A2,2021,2026-10-07,Jurisdiction,Housing units (count),"HCD UNIT_CAT uses SFD, SFA, 2-4, 5+, ADU, and MH. The 2-4 category cannot be defensibly split into duplex versus 3-4-unit buildings from this source alone. Stage activity is counted only when the stage date is in the APR reporting year."
Encinitas,2021,Building Permit,Other / source-reported,0.0,reported,HCD APR Table A2,2021,2026-10-07,Jurisdiction,Housing units (count),"HCD UNIT_CAT uses SFD, SFA, 2-4, 5+, ADU, and MH. The 2-4 category cannot be defensibly split into duplex versus 3-4-unit buildings from this source alone. Stage activity is counted only when the stage date is in the APR reporting year."
Encinitas,2021,Building Permit,Single-family attached,3.0,reported,HCD APR Table A2,2021,2026-10-07,Jurisdiction,Housing units (count),"HCD UNIT_CAT uses SFD, SFA, 2-4, 5+, ADU, and MH. The 2-4 category cannot be defensibly split into duplex versus 3-4-unit buildings from this source alone. Stage activity is counted only when the stage date is in the APR reporting year."
Encinitas,2021,Building Permit,Single-family detached,22.0,reported,HCD APR Table A2,2021,2026-10-07,Jurisdiction,Housing units (count),"HCD UNIT_CAT uses SFD, SFA, 2-4, 5+, ADU, and MH. The 2-4 category cannot be defensibly split into duplex versus 3-4-unit buildings from this source alone. Stage activity is counted only when the stage date is in the APR reporting year."
Encinitas,2021,Building Permit,Unknown / not reported,0.0,reported,HCD APR Table A2,2021,2026-10-07,Jurisdiction,Housing units (count),"HCD UNIT_CAT uses SFD, SFA, 2-4, 5+, ADU, and MH. The 2-4 category cannot be defensibly split into duplex versus 3-4-unit buildings from this source alone. Stage activity is counted only when the stage date is in the APR reporting year."
Encinitas,2021,Completion,2-4 unit building (combined),7.0,reported,HCD APR Table A2,2021,2026-10-07,Jurisdiction,Housing units (count),"HCD UNIT_CAT uses SFD, SFA, 2-4, 5+, ADU, and MH. The 2-4 category cannot be defensibly split into duplex versus 3-4-unit buildings from this source alone. Stage activity is counted only when the stage date is in the APR reporting year."
Encinitas,2021,Completion,5+ unit building,5.0,reported,HCD APR Table A2,2021,2026-10-07,Jurisdiction,Housing units (count),"HCD UNIT_CAT uses SFD, SFA, 2-4, 5+, ADU, and MH. The 2-4 category cannot be defensibly split into duplex versus 3-4-unit buildings from this source alone. Stage activity is counted only when the stage date is in the APR reporting year."
Encinitas,2021,Completion,Accessory dwelling unit,98.0,reported,HCD APR Table A2,2021,2026-10-07,Jurisdiction,Housing units (count),"HCD UNIT_CAT uses SFD, SFA, 2-4, 5+, ADU, and MH. The 2-4 category cannot be defensibly split into duplex versus 3-4-unit buildings from this source alone. Stage activity is counted only when the stage date is in the APR reporting year."
Encinitas,2021,Completion,Mobile home / manufactured home,0.0,reported,HCD APR Table A2,2021,2026-10-07,Jurisdiction,Housing units (count),"HCD UNIT_CAT uses SFD, SFA, 2-4, 5+, ADU, and MH. The 2-4 category cannot be defensibly split into duplex versus 3-4-unit buildings from this source alone. Stage activity is counted only when the stage date is in the APR reporting year."
Encinitas,2021,Completion,Other / source-reported,0.0,reported,HCD APR Table A2,2021,2026-10-07,Jurisdiction,Housing units (count),"HCD UNIT_CAT uses SFD, SFA, 2-4, 5+, ADU, and MH. The 2-4 category cannot be defensibly split into duplex versus 3-4-unit buildings from this source alone. Stage activity is counted only when the stage date is in the APR reporting year."
Encinitas,2021,Completion,Single-family attached,2.0,reported,HCD APR Table A2,2021,2026-10-07,Jurisdiction,Housing units (count),"HCD UNIT_CAT uses SFD, SFA, 2-4, 5+, ADU, and MH. The 2-4 category cannot be defensibly split into duplex versus 3-4-unit buildings from this source alone. Stage activity is counted only when the stage date is in the APR reporting year."
Encinitas,2021,Completion,Single-family detached,44.0,reported,HCD APR Table A2,2021,2026-10-07,Jurisdiction,Housing units (count),"HCD UNIT_CAT uses SFD, SFA, 2-4, 5+, ADU, and MH. The 2-4 category cannot be defensibly split into duplex versus 3-4-unit buildings from this source alone. Stage activity is counted only when the stage date is in the APR reporting year."
Encinitas,2021,Completion,Unknown / not reported,0.0,reported,HCD APR Table A2,2021,2026-10-07,Jurisdiction,Housing units (count),"HCD UNIT_CAT uses SFD, SFA, 2-4, 5+, ADU, and MH. The 2-4 category cannot be defensibly split into duplex versus 3-4-unit buildings from this source alone. Stage activity is counted only when the stage date is in the APR reporting year."
Encinitas,2022,Building Permit,2-4 unit building (combined),0.0,reported,HCD APR Table A2,2022,2026-10-07,Jurisdiction,Housing units (count),"HCD UNIT_CAT uses SFD, SFA, 2-4, 5+, ADU, and MH. The 2-4 category cannot be defensibly split into duplex versus 3-4-unit buildings from this source alone. Stage activity is counted only when the stage date is in the APR reporting year."
Encinitas,2022,Building Permit,5+ unit building,0.0,reported,HCD APR Table A2,2022,2026-10-07,Jurisdiction,Housing units (count),"HCD UNIT_CAT uses SFD, SFA, 2-4, 5+, ADU, and MH. The 2-4 category cannot be defensibly split into duplex versus 3-4-unit buildings from this source alone. Stage activity is counted only when the stage date is in the APR reporting year."
Encinitas,2022,Building Permit,Accessory dwelling unit,122.0,reported,HCD APR Table A2,2022,2026-10-07,Jurisdiction,Housing units (count),"HCD UNIT_CAT uses SFD, SFA, 2-4, 5+, ADU, and MH. The 2-4 category cannot be defensibly split into duplex versus 3-4-unit buildings from this source alone. Stage activity is counted only when the stage date is in the APR reporting year."
Encinitas,2022,Building Permit,Mobile home / manufactured home,0.0,reported,HCD APR Table A2,2022,2026-10-07,Jurisdiction,Housing units (count),"HCD UNIT_CAT uses SFD, SFA, 2-4, 5+, ADU, and MH. The 2-4 category cannot be defensibly split into duplex versus 3-4-unit buildings from this source alone. Stage activity is counted only when the stage date is in the APR reporting year."
Encinitas,2022,Building Permit,Other / source-reported,0.0,reported,HCD APR Table A2,2022,2026-10-07,Jurisdiction,Housing units (count),"HCD UNIT_CAT uses SFD, SFA, 2-4, 5+, ADU, and MH. The 2-4 category cannot be defensibly split into duplex versus 3-4-unit buildings from this source alone. Stage activity is counted only when the stage date is in the APR reporting year."
Encinitas,2022,Building Permit,Single-family attached,0.0,reported,HCD APR Table A2,2022,2026-10-07,Jurisdiction,Housing units (count),"HCD UNIT_CAT uses SFD, SFA, 2-4, 5+, ADU, and MH. The 2-4 category cannot be defensibly split into duplex versus 3-4-unit buildings from this source alone. Stage activity is counted only when the stage date is in the APR reporting year."
Encinitas,2022,Building Permit,Single-family detached,30.0,reported,HCD APR Table A2,2022,2026-10-07,Jurisdiction,Housing units (count),"HCD UNIT_CAT uses SFD, SFA, 2-4, 5+, ADU, and MH. The 2-4 category cannot be defensibly split into duplex versus 3-4-unit buildings from this source alone. Stage activity is counted only when the stage date is in the APR reporting year."
Encinitas,2022,Building Permit,Unknown / not reported,0.0,reported,HCD APR Table A2,2022,2026-10-07,Jurisdiction,Housing units (count),"HCD UNIT_CAT uses SFD, SFA, 2-4, 5+, ADU, and MH. The 2-4 category cannot be defensibly split into duplex versus 3-4-unit buildings from this source alone. Stage activity is counted only when the stage date is in the APR reporting year."
Encinitas,2022,Completion,2-4 unit building (combined),16.0,reported,HCD APR Table A2,2022,2026-10-07,Jurisdiction,Housing units (count),"HCD UNIT_CAT uses SFD, SFA, 2-4, 5+, ADU, and MH. The 2-4 category cannot be defensibly split into duplex versus 3-4-unit buildings from this source alone. Stage activity is counted only when the stage date is in the APR reporting year."
Encinitas,2022,Completion,5+ unit building,0.0,reported,HCD APR Table A2,2022,2026-10-07,Jurisdiction,Housing units (count),"HCD UNIT_CAT uses SFD, SFA, 2-4, 5+, ADU, and MH. The 2-4 category cannot be defensibly split into duplex versus 3-4-unit buildings from this source alone. Stage activity is counted only when the stage date is in the APR reporting year."
Encinitas,2022,Completion,Accessory dwelling unit,77.0,reported,HCD APR Table A2,2022,2026-10-07,Jurisdiction,Housing units (count),"HCD UNIT_CAT uses SFD, SFA, 2-4, 5+, ADU, and MH. The 2-4 category cannot be defensibly split into duplex versus 3-4-unit buildings from this source alone. Stage activity is counted only when the stage date is in the APR reporting year."
Encinitas,2022,Completion,Mobile home / manufactured home,0.0,reported,HCD APR Table A2,2022,2026-10-07,Jurisdiction,Housing units (count),"HCD UNIT_CAT uses SFD, SFA, 2-4, 5+, ADU, and MH. The 2-4 category cannot be defensibly split into duplex versus 3-4-unit buildings from this source alone. Stage activity is counted only when the stage date is in the APR reporting year."
Encinitas,2022,Completion,Other / source-reported,0.0,reported,HCD APR Table A2,2022,2026-10-07,Jurisdiction,Housing units (count),"HCD UNIT_CAT uses SFD, SFA, 2-4, 5+, ADU, and MH. The 2-4 category cannot be defensibly split into duplex versus 3-4-unit buildings from this source alone. Stage activity is counted only when the stage date is in the APR reporting year."
Encinitas,2022,Completion,Single-family attached,1.0,reported,HCD APR Table A2,2022,2026-10-07,Jurisdiction,Housing units (count),"HCD UNIT_CAT uses SFD, SFA, 2-4, 5+, ADU, and MH. The 2-4 category cannot be defensibly split into duplex versus 3-4-unit buildings from this source alone. Stage activity is counted only when the stage date is in the APR reporting year."
Encinitas,2022,Completion,Single-family detached,17.0,reported,HCD APR Table A2,2022,2026-10-07,Jurisdiction,Housing units (count),"HCD UNIT_CAT uses SFD, SFA, 2-4, 5+, ADU, and MH. The 2-4 category cannot be defensibly split into duplex versus 3-4-unit buildings from this source alone. Stage activity is counted only when the stage date is in the APR reporting year."
Encinitas,2022,Completion,Unknown / not reported,0.0,reported,HCD APR Table A2,2022,2026-10-07,Jurisdiction,Housing units (count),"HCD UNIT_CAT uses SFD, SFA, 2-4, 5+, ADU, and MH. The 2-4 category cannot be defensibly split into duplex versus 3-4-unit buildings from this source alone. Stage activity is counted only when the stage date is in the APR reporting year."
Encinitas,2023,Building Permit,2-4 unit building (combined),8.0,reported,HCD APR Table A2,2023,2026-10-07,Jurisdiction,Housing units (count),"HCD UNIT_CAT uses SFD, SFA, 2-4, 5+, ADU, and MH. The 2-4 category cannot be defensibly split into duplex versus 3-4-unit buildings from this source alone. Stage activity is counted only when the stage date is in the APR reporting year."
Encinitas,2023,Building Permit,5+ unit building,136.0,reported,HCD APR Table A2,2023,2026-10-07,Jurisdiction,Housing units (count),"HCD UNIT_CAT uses SFD, SFA, 2-4, 5+, ADU, and MH. The 2-4 category cannot be defensibly split into duplex versus 3-4-unit buildings from this source alone. Stage activity is counted only when the stage date is in the APR reporting year."
Encinitas,2023,Building Permit,Accessory dwelling unit,105.0,reported,HCD APR Table A2,2023,2026-10-07,Jurisdiction,Housing units (count),"HCD UNIT_CAT uses SFD, SFA, 2-4, 5+, ADU, and MH. The 2-4 category cannot be defensibly split into duplex versus 3-4-unit buildings from this source alone. Stage activity is counted only when the stage date is in the APR reporting year."
Encinitas,2023,Building Permit,Mobile home / manufactured home,0.0,reported,HCD APR Table A2,2023,2026-10-07,Jurisdiction,Housing units (count),"HCD UNIT_CAT uses SFD, SFA, 2-4, 5+, ADU, and MH. The 2-4 category cannot be defensibly split into duplex versus 3-4-unit buildings from this source alone. Stage activity is counted only when the stage date is in the APR reporting year."
Encinitas,2023,Building Permit,Other / source-reported,0.0,reported,HCD APR Table A2,2023,2026-10-07,Jurisdiction,Housing units (count),"HCD UNIT_CAT uses SFD, SFA, 2-4, 5+, ADU, and MH. The 2-4 category cannot be defensibly split into duplex versus 3-4-unit buildings from this source alone. Stage activity is counted only when the stage date is in the APR reporting year."
Encinitas,2023,Building Permit,Single-family attached,2.0,reported,HCD APR Table A2,2023,2026-10-07,Jurisdiction,Housing units (count),"HCD UNIT_CAT uses SFD, SFA, 2-4, 5+, ADU, and MH. The 2-4 category cannot be defensibly split into duplex versus 3-4-unit buildings from this source alone. Stage activity is counted only when the stage date is in the APR reporting year."
Encinitas,2023,Building Permit,Single-family detached,17.0,reported,HCD APR Table A2,2023,2026-10-07,Jurisdiction,Housing units (count),"HCD UNIT_CAT uses SFD, SFA, 2-4, 5+, ADU, and MH. The 2-4 category cannot be defensibly split into duplex versus 3-4-unit buildings from this source alone. Stage activity is counted only when the stage date is in the APR reporting year."
Encinitas,2023,Building Permit,Unknown / not reported,0.0,reported,HCD APR Table A2,2023,2026-10-07,Jurisdiction,Housing units (count),"HCD UNIT_CAT uses SFD, SFA, 2-4, 5+, ADU, and MH. The 2-4 category cannot be defensibly split into duplex versus 3-4-unit buildings from this source alone. Stage activity is counted only when the stage date is in the APR reporting year."
Encinitas,2023,Completion,2-4 unit building (combined),6.0,reported,HCD APR Table A2,2023,2026-10-07,Jurisdiction,Housing units (count),"HCD UNIT_CAT uses SFD, SFA, 2-4, 5+, ADU, and MH. The 2-4 category cannot be defensibly split into duplex versus 3-4-unit buildings from this source alone. Stage activity is counted only when the stage date is in the APR reporting year."
Encinitas,2023,Completion,5+ unit building,0.0,reported,HCD APR Table A2,2023,2026-10-07,Jurisdiction,Housing units (count),"HCD UNIT_CAT uses SFD, SFA, 2-4, 5+, ADU, and MH. The 2-4 category cannot be defensibly split into duplex versus 3-4-unit buildings from this source alone. Stage activity is counted only when the stage date is in the APR reporting year."
Encinitas,2023,Completion,Accessory dwelling unit,82.0,reported,HCD APR Table A2,2023,2026-10-07,Jurisdiction,Housing units (count),"HCD UNIT_CAT uses SFD, SFA, 2-4, 5+, ADU, and MH. The 2-4 category cannot be defensibly split into duplex versus 3-4-unit buildings from this source alone. Stage activity is counted only when the stage date is in the APR reporting year."
Encinitas,2023,Completion,Mobile home / manufactured home,0.0,reported,HCD APR Table A2,2023,2026-10-07,Jurisdiction,Housing units (count),"HCD UNIT_CAT uses SFD, SFA, 2-4, 5+, ADU, and MH. The 2-4 category cannot be defensibly split into duplex versus 3-4-unit buildings from this source alone. Stage activity is counted only when the stage date is in the APR reporting year."
Encinitas,2023,Completion,Other / source-reported,0.0,reported,HCD APR Table A2,2023,2026-10-07,Jurisdiction,Housing units (count),"HCD UNIT_CAT uses SFD, SFA, 2-4, 5+, ADU, and MH. The 2-4 category cannot be defensibly split into duplex versus 3-4-unit buildings from this source alone. Stage activity is counted only when the stage date is in the APR reporting year."
Encinitas,2023,Completion,Single-family attached,0.0,reported,HCD APR Table A2,2023,2026-10-07,Jurisdiction,Housing units (count),"HCD UNIT_CAT uses SFD, SFA, 2-4, 5+, ADU, and MH. The 2-4 category cannot be defensibly split into duplex versus 3-4-unit buildings from this source alone. Stage activity is counted only when the stage date is in the APR reporting year."
Encinitas,2023,Completion,Single-family detached,27.0,reported,HCD APR Table A2,2023,2026-10-07,Jurisdiction,Housing units (count),"HCD UNIT_CAT uses SFD, SFA, 2-4, 5+, ADU, and MH. The 2-4 category cannot be defensibly split into duplex versus 3-4-unit buildings from this source alone. Stage activity is counted only when the stage date is in the APR reporting year."
Encinitas,2023,Completion,Unknown / not reported,0.0,reported,HCD APR Table A2,2023,2026-10-07,Jurisdiction,Housing units (count),"HCD UNIT_CAT uses SFD, SFA, 2-4, 5+, ADU, and MH. The 2-4 category cannot be defensibly split into duplex versus 3-4-unit buildings from this source alone. Stage activity is counted only when the stage date is in the APR reporting year."
Encinitas,2024,Building Permit,2-4 unit building (combined),0.0,reported,HCD APR Table A2,2024,2026-10-07,Jurisdiction,Housing units (count),"HCD UNIT_CAT uses SFD, SFA, 2-4, 5+, ADU, and MH. The 2-4 category cannot be defensibly split into duplex versus 3-4-unit buildings from this source alone. Stage activity is counted only when the stage date is in the APR reporting year."
Encinitas,2024,Building Permit,5+ unit building,510.0,reported,HCD APR Table A2,2024,2026-10-07,Jurisdiction,Housing units (count),"HCD UNIT_CAT uses SFD, SFA, 2-4, 5+, ADU, and MH. The 2-4 category cannot be defensibly split into duplex versus 3-4-unit buildings from this source alone. Stage activity is counted only when the stage date is in the APR reporting year."
Encinitas,2024,Building Permit,Accessory dwelling unit,128.0,reported,HCD APR Table A2,2024,2026-10-07,Jurisdiction,Housing units (count),"HCD UNIT_CAT uses SFD, SFA, 2-4, 5+, ADU, and MH. The 2-4 category cannot be defensibly split into duplex versus 3-4-unit buildings from this source alone. Stage activity is counted only when the stage date is in the APR reporting year."
Encinitas,2024,Building Permit,Mobile home / manufactured home,0.0,reported,HCD APR Table A2,2024,2026-10-07,Jurisdiction,Housing units (count),"HCD UNIT_CAT uses SFD, SFA, 2-4, 5+, ADU, and MH. The 2-4 category cannot be defensibly split into duplex versus 3-4-unit buildings from this source alone. Stage activity is counted only when the stage date is in the APR reporting year."
Encinitas,2024,Building Permit,Other / source-reported,0.0,reported,HCD APR Table A2,2024,2026-10-07,Jurisdiction,Housing units (count),"HCD UNIT_CAT uses SFD, SFA, 2-4, 5+, ADU, and MH. The 2-4 category cannot be defensibly split into duplex versus 3-4-unit buildings from this source alone. Stage activity is counted only when the stage date is in the APR reporting year."
Encinitas,2024,Building Permit,Single-family attached,3.0,reported,HCD APR Table A2,2024,2026-10-07,Jurisdiction,Housing units (count),"HCD UNIT_CAT uses SFD, SFA, 2-4, 5+, ADU, and MH. The 2-4 category cannot be defensibly split into duplex versus 3-4-unit buildings from this source alone. Stage activity is counted only when the stage date is in the APR reporting year."
Encinitas,2024,Building Permit,Single-family detached,54.0,reported,HCD APR Table A2,2024,2026-10-07,Jurisdiction,Housing units (count),"HCD UNIT_CAT uses SFD, SFA, 2-4, 5+, ADU, and MH. The 2-4 category cannot be defensibly split into duplex versus 3-4-unit buildings from this source alone. Stage activity is counted only when the stage date is in the APR reporting year."
Encinitas,2024,Building Permit,Unknown / not reported,0.0,reported,HCD APR Table A2,2024,2026-10-07,Jurisdiction,Housing units (count),"HCD UNIT_CAT uses SFD, SFA, 2-4, 5+, ADU, and MH. The 2-4 category cannot be defensibly split into duplex versus 3-4-unit buildings from this source alone. Stage activity is counted only when the stage date is in the APR reporting year."
Encinitas,2024,Completion,2-4 unit building (combined),10.0,reported,HCD APR Table A2,2024,2026-10-07,Jurisdiction,Housing units (count),"HCD UNIT_CAT uses SFD, SFA, 2-4, 5+, ADU, and MH. The 2-4 category cannot be defensibly split into duplex versus 3-4-unit buildings from this source alone. Stage activity is counted only when the stage date is in the APR reporting year."
Encinitas,2024,Completion,5+ unit building,106.0,reported,HCD APR Table A2,2024,2026-10-07,Jurisdiction,Housing units (count),"HCD UNIT_CAT uses SFD, SFA, 2-4, 5+, ADU, and MH. The 2-4 category cannot be defensibly split into duplex versus 3-4-unit buildings from this source alone. Stage activity is counted only when the stage date is in the APR reporting year."
Encinitas,2024,Completion,Accessory dwelling unit,90.0,reported,HCD APR Table A2,2024,2026-10-07,Jurisdiction,Housing units (count),"HCD UNIT_CAT uses SFD, SFA, 2-4, 5+, ADU, and MH. The 2-4 category cannot be defensibly split into duplex versus 3-4-unit buildings from this source alone. Stage activity is counted only when the stage date is in the APR reporting year."
Encinitas,2024,Completion,Mobile home / manufactured home,0.0,reported,HCD APR Table A2,2024,2026-10-07,Jurisdiction,Housing units (count),"HCD UNIT_CAT uses SFD, SFA, 2-4, 5+, ADU, and MH. The 2-4 category cannot be defensibly split into duplex versus 3-4-unit buildings from this source alone. Stage activity is counted only when the stage date is in the APR reporting year."
Encinitas,2024,Completion,Other / source-reported,0.0,reported,HCD APR Table A2,2024,2026-10-07,Jurisdiction,Housing units (count),"HCD UNIT_CAT uses SFD, SFA, 2-4, 5+, ADU, and MH. The 2-4 category cannot be defensibly split into duplex versus 3-4-unit buildings from this source alone. Stage activity is counted only when the stage date is in the APR reporting year."
Encinitas,2024,Completion,Single-family attached,2.0,reported,HCD APR Table A2,2024,2026-10-07,Jurisdiction,Housing units (count),"HCD UNIT_CAT uses SFD, SFA, 2-4, 5+, ADU, and MH. The 2-4 category cannot be defensibly split into duplex versus 3-4-unit buildings from this source alone. Stage activity is counted only when the stage date is in the APR reporting year."
Encinitas,2024,Completion,Single-family detached,50.0,reported,HCD APR Table A2,2024,2026-10-07,Jurisdiction,Housing units (count),"HCD UNIT_CAT uses SFD, SFA, 2-4, 5+, ADU, and MH. The 2-4 category cannot be defensibly split into duplex versus 3-4-unit buildings from this source alone. Stage activity is counted only when the stage date is in the APR reporting year."
Encinitas,2024,Completion,Unknown / not reported,0.0,reported,HCD APR Table A2,2024,2026-10-07,Jurisdiction,Housing units (count),"HCD UNIT_CAT uses SFD, SFA, 2-4, 5+, ADU, and MH. The 2-4 category cannot be defensibly split into duplex versus 3-4-unit buildings from this source alone. Stage activity is counted only when the stage date is in the APR reporting year."
Encinitas,2025,Building Permit,2-4 unit building (combined),0.0,reported,HCD APR Table A2,2025,2026-10-07,Jurisdiction,Housing units (count),"HCD UNIT_CAT uses SFD, SFA, 2-4, 5+, ADU, and MH. The 2-4 category cannot be defensibly split into duplex versus 3-4-unit buildings from this source alone. Stage activity is counted only when the stage date is in the APR reporting year."
Encinitas,2025,Building Permit,5+ unit building,39.0,reported,HCD APR Table A2,2025,2026-10-07,Jurisdiction,Housing units (count),"HCD UNIT_CAT uses SFD, SFA, 2-4, 5+, ADU, and MH. The 2-4 category cannot be defensibly split into duplex versus 3-4-unit buildings from this source alone. Stage activity is counted only when the stage date is in the APR reporting year."
Encinitas,2025,Building Permit,Accessory dwelling unit,85.0,reported,HCD APR Table A2,2025,2026-10-07,Jurisdiction,Housing units (count),"HCD UNIT_CAT uses SFD, SFA, 2-4, 5+, ADU, and MH. The 2-4 category cannot be defensibly split into duplex versus 3-4-unit buildings from this source alone. Stage activity is counted only when the stage date is in the APR reporting year."
Encinitas,2025,Building Permit,Mobile home / manufactured home,0.0,reported,HCD APR Table A2,2025,2026-10-07,Jurisdiction,Housing units (count),"HCD UNIT_CAT uses SFD, SFA, 2-4, 5+, ADU, and MH. The 2-4 category cannot be defensibly split into duplex versus 3-4-unit buildings from this source alone. Stage activity is counted only when the stage date is in the APR reporting year."
Encinitas,2025,Building Permit,Other / source-reported,0.0,reported,HCD APR Table A2,2025,2026-10-07,Jurisdiction,Housing units (count),"HCD UNIT_CAT uses SFD, SFA, 2-4, 5+, ADU, and MH. The 2-4 category cannot be defensibly split into duplex versus 3-4-unit buildings from this source alone. Stage activity is counted only when the stage date is in the APR reporting year."
Encinitas,2025,Building Permit,Single-family attached,1.0,reported,HCD APR Table A2,2025,2026-10-07,Jurisdiction,Housing units (count),"HCD UNIT_CAT uses SFD, SFA, 2-4, 5+, ADU, and MH. The 2-4 category cannot be defensibly split into duplex versus 3-4-unit buildings from this source alone. Stage activity is counted only when the stage date is in the APR reporting year."
Encinitas,2025,Building Permit,Single-family detached,62.0,reported,HCD APR Table A2,2025,2026-10-07,Jurisdiction,Housing units (count),"HCD UNIT_CAT uses SFD, SFA, 2-4, 5+, ADU, and MH. The 2-4 category cannot be defensibly split into duplex versus 3-4-unit buildings from this source alone. Stage activity is counted only when the stage date is in the APR reporting year."
Encinitas,2025,Building Permit,Unknown / not reported,0.0,reported,HCD APR Table A2,2025,2026-10-07,Jurisdiction,Housing units (count),"HCD UNIT_CAT uses SFD, SFA, 2-4, 5+, ADU, and MH. The 2-4 category cannot be defensibly split into duplex versus 3-4-unit buildings from this source alone. Stage activity is counted only when the stage date is in the APR reporting year."
Encinitas,2025,Completion,2-4 unit building (combined),0.0,reported,HCD APR Table A2,2025,2026-10-07,Jurisdiction,Housing units (count),"HCD UNIT_CAT uses SFD, SFA, 2-4, 5+, ADU, and MH. The 2-4 category cannot be defensibly split into duplex versus 3-4-unit buildings from this source alone. Stage activity is counted only when the stage date is in the APR reporting year."
Encinitas,2025,Completion,5+ unit building,98.0,reported,HCD APR Table A2,2025,2026-10-07,Jurisdiction,Housing units (count),"HCD UNIT_CAT uses SFD, SFA, 2-4, 5+, ADU, and MH. The 2-4 category cannot be defensibly split into duplex versus 3-4-unit buildings from this source alone. Stage activity is counted only when the stage date is in the APR reporting year."
Encinitas,2025,Completion,Accessory dwelling unit,91.0,reported,HCD APR Table A2,2025,2026-10-07,Jurisdiction,Housing units (count),"HCD UNIT_CAT uses SFD, SFA, 2-4, 5+, ADU, and MH. The 2-4 category cannot be defensibly split into duplex versus 3-4-unit buildings from this source alone. Stage activity is counted only when the stage date is in the APR reporting year."
Encinitas,2025,Completion,Mobile home / manufactured home,0.0,reported,HCD APR Table A2,2025,2026-10-07,Jurisdiction,Housing units (count),"HCD UNIT_CAT uses SFD, SFA, 2-4, 5+, ADU, and MH. The 2-4 category cannot be defensibly split into duplex versus 3-4-unit buildings from this source alone. Stage activity is counted only when the stage date is in the APR reporting year."
Encinitas,2025,Completion,Other / source-reported,0.0,reported,HCD APR Table A2,2025,2026-10-07,Jurisdiction,Housing units (count),"HCD UNIT_CAT uses SFD, SFA, 2-4, 5+, ADU, and MH. The 2-4 category cannot be defensibly split into duplex versus 3-4-unit buildings from this source alone. Stage activity is counted only when the stage date is in the APR reporting year."
Encinitas,2025,Completion,Single-family attached,4.0,reported,HCD APR Table A2,2025,2026-10-07,Jurisdiction,Housing units (count),"HCD UNIT_CAT uses SFD, SFA, 2-4, 5+, ADU, and MH. The 2-4 category cannot be defensibly split into duplex versus 3-4-unit buildings from this source alone. Stage activity is counted only when the stage date is in the APR reporting year."
Encinitas,2025,Completion,Single-family detached,35.0,reported,HCD APR Table A2,2025,2026-10-07,Jurisdiction,Housing units (count),"HCD UNIT_CAT uses SFD, SFA, 2-4, 5+, ADU, and MH. The 2-4 category cannot be defensibly split into duplex versus 3-4-unit buildings from this source alone. Stage activity is counted only when the stage date is in the APR reporting year."
Encinitas,2025,Completion,Unknown / not reported,0.0,reported,HCD APR Table A2,2025,2026-10-07,Jurisdiction,Housing units (count),"HCD UNIT_CAT uses SFD, SFA, 2-4, 5+, ADU, and MH. The 2-4 category cannot be defensibly split into duplex versus 3-4-unit buildings from this source alone. Stage activity is counted only when the stage date is in the APR reporting year."
Escondido,2018,Building Permit,2-4 unit building (combined),4.0,reported,HCD APR Table A2,2018,2026-10-07,Jurisdiction,Housing units (count),"HCD UNIT_CAT uses SFD, SFA, 2-4, 5+, ADU, and MH. The 2-4 category cannot be defensibly split into duplex versus 3-4-unit buildings from this source alone. Stage activity is counted only when the stage date is in the APR reporting year."
Escondido,2018,Building Permit,5+ unit building,198.0,reported,HCD APR Table A2,2018,2026-10-07,Jurisdiction,Housing units (count),"HCD UNIT_CAT uses SFD, SFA, 2-4, 5+, ADU, and MH. The 2-4 category cannot be defensibly split into duplex versus 3-4-unit buildings from this source alone. Stage activity is counted only when the stage date is in the APR reporting year."
Escondido,2018,Building Permit,Accessory dwelling unit,3.0,reported,HCD APR Table A2,2018,2026-10-07,Jurisdiction,Housing units (count),"HCD UNIT_CAT uses SFD, SFA, 2-4, 5+, ADU, and MH. The 2-4 category cannot be defensibly split into duplex versus 3-4-unit buildings from this source alone. Stage activity is counted only when the stage date is in the APR reporting year."
Escondido,2018,Building Permit,Mobile home / manufactured home,17.0,reported,HCD APR Table A2,2018,2026-10-07,Jurisdiction,Housing units (count),"HCD UNIT_CAT uses SFD, SFA, 2-4, 5+, ADU, and MH. The 2-4 category cannot be defensibly split into duplex versus 3-4-unit buildings from this source alone. Stage activity is counted only when the stage date is in the APR reporting year."
Escondido,2018,Building Permit,Other / source-reported,0.0,reported,HCD APR Table A2,2018,2026-10-07,Jurisdiction,Housing units (count),"HCD UNIT_CAT uses SFD, SFA, 2-4, 5+, ADU, and MH. The 2-4 category cannot be defensibly split into duplex versus 3-4-unit buildings from this source alone. Stage activity is counted only when the stage date is in the APR reporting year."
Escondido,2018,Building Permit,Single-family attached,0.0,reported,HCD APR Table A2,2018,2026-10-07,Jurisdiction,Housing units (count),"HCD UNIT_CAT uses SFD, SFA, 2-4, 5+, ADU, and MH. The 2-4 category cannot be defensibly split into duplex versus 3-4-unit buildings from this source alone. Stage activity is counted only when the stage date is in the APR reporting year."
Escondido,2018,Building Permit,Single-family detached,18.0,reported,HCD APR Table A2,2018,2026-10-07,Jurisdiction,Housing units (count),"HCD UNIT_CAT uses SFD, SFA, 2-4, 5+, ADU, and MH. The 2-4 category cannot be defensibly split into duplex versus 3-4-unit buildings from this source alone. Stage activity is counted only when the stage date is in the APR reporting year."
Escondido,2018,Building Permit,Unknown / not reported,0.0,reported,HCD APR Table A2,2018,2026-10-07,Jurisdiction,Housing units (count),"HCD UNIT_CAT uses SFD, SFA, 2-4, 5+, ADU, and MH. The 2-4 category cannot be defensibly split into duplex versus 3-4-unit buildings from this source alone. Stage activity is counted only when the stage date is in the APR reporting year."
Escondido,2018,Completion,2-4 unit building (combined),0.0,reported,HCD APR Table A2,2018,2026-10-07,Jurisdiction,Housing units (count),"HCD UNIT_CAT uses SFD, SFA, 2-4, 5+, ADU, and MH. The 2-4 category cannot be defensibly split into duplex versus 3-4-unit buildings from this source alone. Stage activity is counted only when the stage date is in the APR reporting year."
Escondido,2018,Completion,5+ unit building,134.0,reported,HCD APR Table A2,2018,2026-10-07,Jurisdiction,Housing units (count),"HCD UNIT_CAT uses SFD, SFA, 2-4, 5+, ADU, and MH. The 2-4 category cannot be defensibly split into duplex versus 3-4-unit buildings from this source alone. Stage activity is counted only when the stage date is in the APR reporting year."
Escondido,2018,Completion,Accessory dwelling unit,1.0,reported,HCD APR Table A2,2018,2026-10-07,Jurisdiction,Housing units (count),"HCD UNIT_CAT uses SFD, SFA, 2-4, 5+, ADU, and MH. The 2-4 category cannot be defensibly split into duplex versus 3-4-unit buildings from this source alone. Stage activity is counted only when the stage date is in the APR reporting year."
Escondido,2018,Completion,Mobile home / manufactured home,21.0,reported,HCD APR Table A2,2018,2026-10-07,Jurisdiction,Housing units (count),"HCD UNIT_CAT uses SFD, SFA, 2-4, 5+, ADU, and MH. The 2-4 category cannot be defensibly split into duplex versus 3-4-unit buildings from this source alone. Stage activity is counted only when the stage date is in the APR reporting year."
Escondido,2018,Completion,Other / source-reported,0.0,reported,HCD APR Table A2,2018,2026-10-07,Jurisdiction,Housing units (count),"HCD UNIT_CAT uses SFD, SFA, 2-4, 5+, ADU, and MH. The 2-4 category cannot be defensibly split into duplex versus 3-4-unit buildings from this source alone. Stage activity is counted only when the stage date is in the APR reporting year."
Escondido,2018,Completion,Single-family attached,0.0,reported,HCD APR Table A2,2018,2026-10-07,Jurisdiction,Housing units (count),"HCD UNIT_CAT uses SFD, SFA, 2-4, 5+, ADU, and MH. The 2-4 category cannot be defensibly split into duplex versus 3-4-unit buildings from this source alone. Stage activity is counted only when the stage date is in the APR reporting year."
Escondido,2018,Completion,Single-family detached,123.0,reported,HCD APR Table A2,2018,2026-10-07,Jurisdiction,Housing units (count),"HCD UNIT_CAT uses SFD, SFA, 2-4, 5+, ADU, and MH. The 2-4 category cannot be defensibly split into duplex versus 3-4-unit buildings from this source alone. Stage activity is counted only when the stage date is in the APR reporting year."
Escondido,2018,Completion,Unknown / not reported,0.0,reported,HCD APR Table A2,2018,2026-10-07,Jurisdiction,Housing units (count),"HCD UNIT_CAT uses SFD, SFA, 2-4, 5+, ADU, and MH. The 2-4 category cannot be defensibly split into duplex versus 3-4-unit buildings from this source alone. Stage activity is counted only when the stage date is in the APR reporting year."
Escondido,2019,Building Permit,2-4 unit building (combined),0.0,reported,HCD APR Table A2,2019,2026-10-07,Jurisdiction,Housing units (count),"HCD UNIT_CAT uses SFD, SFA, 2-4, 5+, ADU, and MH. The 2-4 category cannot be defensibly split into duplex versus 3-4-unit buildings from this source alone. Stage activity is counted only when the stage date is in the APR reporting year."
Escondido,2019,Building Permit,5+ unit building,0.0,reported,HCD APR Table A2,2019,2026-10-07,Jurisdiction,Housing units (count),"HCD UNIT_CAT uses SFD, SFA, 2-4, 5+, ADU, and MH. The 2-4 category cannot be defensibly split into duplex versus 3-4-unit buildings from this source alone. Stage activity is counted only when the stage date is in the APR reporting year."
Escondido,2019,Building Permit,Accessory dwelling unit,28.0,reported,HCD APR Table A2,2019,2026-10-07,Jurisdiction,Housing units (count),"HCD UNIT_CAT uses SFD, SFA, 2-4, 5+, ADU, and MH. The 2-4 category cannot be defensibly split into duplex versus 3-4-unit buildings from this source alone. Stage activity is counted only when the stage date is in the APR reporting year."
Escondido,2019,Building Permit,Mobile home / manufactured home,0.0,reported,HCD APR Table A2,2019,2026-10-07,Jurisdiction,Housing units (count),"HCD UNIT_CAT uses SFD, SFA, 2-4, 5+, ADU, and MH. The 2-4 category cannot be defensibly split into duplex versus 3-4-unit buildings from this source alone. Stage activity is counted only when the stage date is in the APR reporting year."
Escondido,2019,Building Permit,Other / source-reported,0.0,reported,HCD APR Table A2,2019,2026-10-07,Jurisdiction,Housing units (count),"HCD UNIT_CAT uses SFD, SFA, 2-4, 5+, ADU, and MH. The 2-4 category cannot be defensibly split into duplex versus 3-4-unit buildings from this source alone. Stage activity is counted only when the stage date is in the APR reporting year."
Escondido,2019,Building Permit,Single-family attached,0.0,reported,HCD APR Table A2,2019,2026-10-07,Jurisdiction,Housing units (count),"HCD UNIT_CAT uses SFD, SFA, 2-4, 5+, ADU, and MH. The 2-4 category cannot be defensibly split into duplex versus 3-4-unit buildings from this source alone. Stage activity is counted only when the stage date is in the APR reporting year."
Escondido,2019,Building Permit,Single-family detached,9.0,reported,HCD APR Table A2,2019,2026-10-07,Jurisdiction,Housing units (count),"HCD UNIT_CAT uses SFD, SFA, 2-4, 5+, ADU, and MH. The 2-4 category cannot be defensibly split into duplex versus 3-4-unit buildings from this source alone. Stage activity is counted only when the stage date is in the APR reporting year."
Escondido,2019,Building Permit,Unknown / not reported,0.0,reported,HCD APR Table A2,2019,2026-10-07,Jurisdiction,Housing units (count),"HCD UNIT_CAT uses SFD, SFA, 2-4, 5+, ADU, and MH. The 2-4 category cannot be defensibly split into duplex versus 3-4-unit buildings from this source alone. Stage activity is counted only when the stage date is in the APR reporting year."
Escondido,2019,Completion,2-4 unit building (combined),4.0,reported,HCD APR Table A2,2019,2026-10-07,Jurisdiction,Housing units (count),"HCD UNIT_CAT uses SFD, SFA, 2-4, 5+, ADU, and MH. The 2-4 category cannot be defensibly split into duplex versus 3-4-unit buildings from this source alone. Stage activity is counted only when the stage date is in the APR reporting year."
Escondido,2019,Completion,5+ unit building,257.0,reported,HCD APR Table A2,2019,2026-10-07,Jurisdiction,Housing units (count),"HCD UNIT_CAT uses SFD, SFA, 2-4, 5+, ADU, and MH. The 2-4 category cannot be defensibly split into duplex versus 3-4-unit buildings from this source alone. Stage activity is counted only when the stage date is in the APR reporting year."
Escondido,2019,Completion,Accessory dwelling unit,11.0,reported,HCD APR Table A2,2019,2026-10-07,Jurisdiction,Housing units (count),"HCD UNIT_CAT uses SFD, SFA, 2-4, 5+, ADU, and MH. The 2-4 category cannot be defensibly split into duplex versus 3-4-unit buildings from this source alone. Stage activity is counted only when the stage date is in the APR reporting year."
Escondido,2019,Completion,Mobile home / manufactured home,0.0,reported,HCD APR Table A2,2019,2026-10-07,Jurisdiction,Housing units (count),"HCD UNIT_CAT uses SFD, SFA, 2-4, 5+, ADU, and MH. The 2-4 category cannot be defensibly split into duplex versus 3-4-unit buildings from this source alone. Stage activity is counted only when the stage date is in the APR reporting year."
Escondido,2019,Completion,Other / source-reported,0.0,reported,HCD APR Table A2,2019,2026-10-07,Jurisdiction,Housing units (count),"HCD UNIT_CAT uses SFD, SFA, 2-4, 5+, ADU, and MH. The 2-4 category cannot be defensibly split into duplex versus 3-4-unit buildings from this source alone. Stage activity is counted only when the stage date is in the APR reporting year."
Escondido,2019,Completion,Single-family attached,0.0,reported,HCD APR Table A2,2019,2026-10-07,Jurisdiction,Housing units (count),"HCD UNIT_CAT uses SFD, SFA, 2-4, 5+, ADU, and MH. The 2-4 category cannot be defensibly split into duplex versus 3-4-unit buildings from this source alone. Stage activity is counted only when the stage date is in the APR reporting year."
Escondido,2019,Completion,Single-family detached,80.0,reported,HCD APR Table A2,2019,2026-10-07,Jurisdiction,Housing units (count),"HCD UNIT_CAT uses SFD, SFA, 2-4, 5+, ADU, and MH. The 2-4 category cannot be defensibly split into duplex versus 3-4-unit buildings from this source alone. Stage activity is counted only when the stage date is in the APR reporting year."
Escondido,2019,Completion,Unknown / not reported,0.0,reported,HCD APR Table A2,2019,2026-10-07,Jurisdiction,Housing units (count),"HCD UNIT_CAT uses SFD, SFA, 2-4, 5+, ADU, and MH. The 2-4 category cannot be defensibly split into duplex versus 3-4-unit buildings from this source alone. Stage activity is counted only when the stage date is in the APR reporting year."
Escondido,2020,Building Permit,2-4 unit building (combined),6.0,reported,HCD APR Table A2,2020,2026-10-07,Jurisdiction,Housing units (count),"HCD UNIT_CAT uses SFD, SFA, 2-4, 5+, ADU, and MH. The 2-4 category cannot be defensibly split into duplex versus 3-4-unit buildings from this source alone. Stage activity is counted only when the stage date is in the APR reporting year."
Escondido,2020,Building Permit,5+ unit building,61.0,reported,HCD APR Table A2,2020,2026-10-07,Jurisdiction,Housing units (count),"HCD UNIT_CAT uses SFD, SFA, 2-4, 5+, ADU, and MH. The 2-4 category cannot be defensibly split into duplex versus 3-4-unit buildings from this source alone. Stage activity is counted only when the stage date is in the APR reporting year."
Escondido,2020,Building Permit,Accessory dwelling unit,38.0,reported,HCD APR Table A2,2020,2026-10-07,Jurisdiction,Housing units (count),"HCD UNIT_CAT uses SFD, SFA, 2-4, 5+, ADU, and MH. The 2-4 category cannot be defensibly split into duplex versus 3-4-unit buildings from this source alone. Stage activity is counted only when the stage date is in the APR reporting year."
Escondido,2020,Building Permit,Mobile home / manufactured home,0.0,reported,HCD APR Table A2,2020,2026-10-07,Jurisdiction,Housing units (count),"HCD UNIT_CAT uses SFD, SFA, 2-4, 5+, ADU, and MH. The 2-4 category cannot be defensibly split into duplex versus 3-4-unit buildings from this source alone. Stage activity is counted only when the stage date is in the APR reporting year."
Escondido,2020,Building Permit,Other / source-reported,0.0,reported,HCD APR Table A2,2020,2026-10-07,Jurisdiction,Housing units (count),"HCD UNIT_CAT uses SFD, SFA, 2-4, 5+, ADU, and MH. The 2-4 category cannot be defensibly split into duplex versus 3-4-unit buildings from this source alone. Stage activity is counted only when the stage date is in the APR reporting year."
Escondido,2020,Building Permit,Single-family attached,1.0,reported,HCD APR Table A2,2020,2026-10-07,Jurisdiction,Housing units (count),"HCD UNIT_CAT uses SFD, SFA, 2-4, 5+, ADU, and MH. The 2-4 category cannot be defensibly split into duplex versus 3-4-unit buildings from this source alone. Stage activity is counted only when the stage date is in the APR reporting year."
Escondido,2020,Building Permit,Single-family detached,156.0,reported,HCD APR Table A2,2020,2026-10-07,Jurisdiction,Housing units (count),"HCD UNIT_CAT uses SFD, SFA, 2-4, 5+, ADU, and MH. The 2-4 category cannot be defensibly split into duplex versus 3-4-unit buildings from this source alone. Stage activity is counted only when the stage date is in the APR reporting year."
Escondido,2020,Building Permit,Unknown / not reported,0.0,reported,HCD APR Table A2,2020,2026-10-07,Jurisdiction,Housing units (count),"HCD UNIT_CAT uses SFD, SFA, 2-4, 5+, ADU, and MH. The 2-4 category cannot be defensibly split into duplex versus 3-4-unit buildings from this source alone. Stage activity is counted only when the stage date is in the APR reporting year."
Escondido,2020,Completion,2-4 unit building (combined),0.0,reported,HCD APR Table A2,2020,2026-10-07,Jurisdiction,Housing units (count),"HCD UNIT_CAT uses SFD, SFA, 2-4, 5+, ADU, and MH. The 2-4 category cannot be defensibly split into duplex versus 3-4-unit buildings from this source alone. Stage activity is counted only when the stage date is in the APR reporting year."
Escondido,2020,Completion,5+ unit building,56.0,reported,HCD APR Table A2,2020,2026-10-07,Jurisdiction,Housing units (count),"HCD UNIT_CAT uses SFD, SFA, 2-4, 5+, ADU, and MH. The 2-4 category cannot be defensibly split into duplex versus 3-4-unit buildings from this source alone. Stage activity is counted only when the stage date is in the APR reporting year."
Escondido,2020,Completion,Accessory dwelling unit,26.0,reported,HCD APR Table A2,2020,2026-10-07,Jurisdiction,Housing units (count),"HCD UNIT_CAT uses SFD, SFA, 2-4, 5+, ADU, and MH. The 2-4 category cannot be defensibly split into duplex versus 3-4-unit buildings from this source alone. Stage activity is counted only when the stage date is in the APR reporting year."
Escondido,2020,Completion,Mobile home / manufactured home,0.0,reported,HCD APR Table A2,2020,2026-10-07,Jurisdiction,Housing units (count),"HCD UNIT_CAT uses SFD, SFA, 2-4, 5+, ADU, and MH. The 2-4 category cannot be defensibly split into duplex versus 3-4-unit buildings from this source alone. Stage activity is counted only when the stage date is in the APR reporting year."
Escondido,2020,Completion,Other / source-reported,0.0,reported,HCD APR Table A2,2020,2026-10-07,Jurisdiction,Housing units (count),"HCD UNIT_CAT uses SFD, SFA, 2-4, 5+, ADU, and MH. The 2-4 category cannot be defensibly split into duplex versus 3-4-unit buildings from this source alone. Stage activity is counted only when the stage date is in the APR reporting year."
Escondido,2020,Completion,Single-family attached,0.0,reported,HCD APR Table A2,2020,2026-10-07,Jurisdiction,Housing units (count),"HCD UNIT_CAT uses SFD, SFA, 2-4, 5+, ADU, and MH. The 2-4 category cannot be defensibly split into duplex versus 3-4-unit buildings from this source alone. Stage activity is counted only when the stage date is in the APR reporting year."
Escondido,2020,Completion,Single-family detached,44.0,reported,HCD APR Table A2,2020,2026-10-07,Jurisdiction,Housing units (count),"HCD UNIT_CAT uses SFD, SFA, 2-4, 5+, ADU, and MH. The 2-4 category cannot be defensibly split into duplex versus 3-4-unit buildings from this source alone. Stage activity is counted only when the stage date is in the APR reporting year."
Escondido,2020,Completion,Unknown / not reported,0.0,reported,HCD APR Table A2,2020,2026-10-07,Jurisdiction,Housing units (count),"HCD UNIT_CAT uses SFD, SFA, 2-4, 5+, ADU, and MH. The 2-4 category cannot be defensibly split into duplex versus 3-4-unit buildings from this source alone. Stage activity is counted only when the stage date is in the APR reporting year."
Escondido,2021,Building Permit,2-4 unit building (combined),0.0,reported,HCD APR Table A2,2021,2026-10-07,Jurisdiction,Housing units (count),"HCD UNIT_CAT uses SFD, SFA, 2-4, 5+, ADU, and MH. The 2-4 category cannot be defensibly split into duplex versus 3-4-unit buildings from this source alone. Stage activity is counted only when the stage date is in the APR reporting year."
Escondido,2021,Building Permit,5+ unit building,60.0,reported,HCD APR Table A2,2021,2026-10-07,Jurisdiction,Housing units (count),"HCD UNIT_CAT uses SFD, SFA, 2-4, 5+, ADU, and MH. The 2-4 category cannot be defensibly split into duplex versus 3-4-unit buildings from this source alone. Stage activity is counted only when the stage date is in the APR reporting year."
Escondido,2021,Building Permit,Accessory dwelling unit,58.0,reported,HCD APR Table A2,2021,2026-10-07,Jurisdiction,Housing units (count),"HCD UNIT_CAT uses SFD, SFA, 2-4, 5+, ADU, and MH. The 2-4 category cannot be defensibly split into duplex versus 3-4-unit buildings from this source alone. Stage activity is counted only when the stage date is in the APR reporting year."
Escondido,2021,Building Permit,Mobile home / manufactured home,0.0,reported,HCD APR Table A2,2021,2026-10-07,Jurisdiction,Housing units (count),"HCD UNIT_CAT uses SFD, SFA, 2-4, 5+, ADU, and MH. The 2-4 category cannot be defensibly split into duplex versus 3-4-unit buildings from this source alone. Stage activity is counted only when the stage date is in the APR reporting year."
Escondido,2021,Building Permit,Other / source-reported,0.0,reported,HCD APR Table A2,2021,2026-10-07,Jurisdiction,Housing units (count),"HCD UNIT_CAT uses SFD, SFA, 2-4, 5+, ADU, and MH. The 2-4 category cannot be defensibly split into duplex versus 3-4-unit buildings from this source alone. Stage activity is counted only when the stage date is in the APR reporting year."
Escondido,2021,Building Permit,Single-family attached,66.0,reported,HCD APR Table A2,2021,2026-10-07,Jurisdiction,Housing units (count),"HCD UNIT_CAT uses SFD, SFA, 2-4, 5+, ADU, and MH. The 2-4 category cannot be defensibly split into duplex versus 3-4-unit buildings from this source alone. Stage activity is counted only when the stage date is in the APR reporting year."
Escondido,2021,Building Permit,Single-family detached,249.0,reported,HCD APR Table A2,2021,2026-10-07,Jurisdiction,Housing units (count),"HCD UNIT_CAT uses SFD, SFA, 2-4, 5+, ADU, and MH. The 2-4 category cannot be defensibly split into duplex versus 3-4-unit buildings from this source alone. Stage activity is counted only when the stage date is in the APR reporting year."
Escondido,2021,Building Permit,Unknown / not reported,0.0,reported,HCD APR Table A2,2021,2026-10-07,Jurisdiction,Housing units (count),"HCD UNIT_CAT uses SFD, SFA, 2-4, 5+, ADU, and MH. The 2-4 category cannot be defensibly split into duplex versus 3-4-unit buildings from this source alone. Stage activity is counted only when the stage date is in the APR reporting year."
Escondido,2021,Completion,2-4 unit building (combined),0.0,reported,HCD APR Table A2,2021,2026-10-07,Jurisdiction,Housing units (count),"HCD UNIT_CAT uses SFD, SFA, 2-4, 5+, ADU, and MH. The 2-4 category cannot be defensibly split into duplex versus 3-4-unit buildings from this source alone. Stage activity is counted only when the stage date is in the APR reporting year."
Escondido,2021,Completion,5+ unit building,0.0,reported,HCD APR Table A2,2021,2026-10-07,Jurisdiction,Housing units (count),"HCD UNIT_CAT uses SFD, SFA, 2-4, 5+, ADU, and MH. The 2-4 category cannot be defensibly split into duplex versus 3-4-unit buildings from this source alone. Stage activity is counted only when the stage date is in the APR reporting year."
Escondido,2021,Completion,Accessory dwelling unit,28.0,reported,HCD APR Table A2,2021,2026-10-07,Jurisdiction,Housing units (count),"HCD UNIT_CAT uses SFD, SFA, 2-4, 5+, ADU, and MH. The 2-4 category cannot be defensibly split into duplex versus 3-4-unit buildings from this source alone. Stage activity is counted only when the stage date is in the APR reporting year."
Escondido,2021,Completion,Mobile home / manufactured home,0.0,reported,HCD APR Table A2,2021,2026-10-07,Jurisdiction,Housing units (count),"HCD UNIT_CAT uses SFD, SFA, 2-4, 5+, ADU, and MH. The 2-4 category cannot be defensibly split into duplex versus 3-4-unit buildings from this source alone. Stage activity is counted only when the stage date is in the APR reporting year."
Escondido,2021,Completion,Other / source-reported,0.0,reported,HCD APR Table A2,2021,2026-10-07,Jurisdiction,Housing units (count),"HCD UNIT_CAT uses SFD, SFA, 2-4, 5+, ADU, and MH. The 2-4 category cannot be defensibly split into duplex versus 3-4-unit buildings from this source alone. Stage activity is counted only when the stage date is in the APR reporting year."
Escondido,2021,Completion,Single-family attached,26.0,reported,HCD APR Table A2,2021,2026-10-07,Jurisdiction,Housing units (count),"HCD UNIT_CAT uses SFD, SFA, 2-4, 5+, ADU, and MH. The 2-4 category cannot be defensibly split into duplex versus 3-4-unit buildings from this source alone. Stage activity is counted only when the stage date is in the APR reporting year."
Escondido,2021,Completion,Single-family detached,156.0,reported,HCD APR Table A2,2021,2026-10-07,Jurisdiction,Housing units (count),"HCD UNIT_CAT uses SFD, SFA, 2-4, 5+, ADU, and MH. The 2-4 category cannot be defensibly split into duplex versus 3-4-unit buildings from this source alone. Stage activity is counted only when the stage date is in the APR reporting year."
Escondido,2021,Completion,Unknown / not reported,0.0,reported,HCD APR Table A2,2021,2026-10-07,Jurisdiction,Housing units (count),"HCD UNIT_CAT uses SFD, SFA, 2-4, 5+, ADU, and MH. The 2-4 category cannot be defensibly split into duplex versus 3-4-unit buildings from this source alone. Stage activity is counted only when the stage date is in the APR reporting year."
Escondido,2022,Building Permit,2-4 unit building (combined),0.0,reported,HCD APR Table A2,2022,2026-10-07,Jurisdiction,Housing units (count),"HCD UNIT_CAT uses SFD, SFA, 2-4, 5+, ADU, and MH. The 2-4 category cannot be defensibly split into duplex versus 3-4-unit buildings from this source alone. Stage activity is counted only when the stage date is in the APR reporting year."
Escondido,2022,Building Permit,5+ unit building,10.0,reported,HCD APR Table A2,2022,2026-10-07,Jurisdiction,Housing units (count),"HCD UNIT_CAT uses SFD, SFA, 2-4, 5+, ADU, and MH. The 2-4 category cannot be defensibly split into duplex versus 3-4-unit buildings from this source alone. Stage activity is counted only when the stage date is in the APR reporting year."
Escondido,2022,Building Permit,Accessory dwelling unit,70.0,reported,HCD APR Table A2,2022,2026-10-07,Jurisdiction,Housing units (count),"HCD UNIT_CAT uses SFD, SFA, 2-4, 5+, ADU, and MH. The 2-4 category cannot be defensibly split into duplex versus 3-4-unit buildings from this source alone. Stage activity is counted only when the stage date is in the APR reporting year."
Escondido,2022,Building Permit,Mobile home / manufactured home,0.0,reported,HCD APR Table A2,2022,2026-10-07,Jurisdiction,Housing units (count),"HCD UNIT_CAT uses SFD, SFA, 2-4, 5+, ADU, and MH. The 2-4 category cannot be defensibly split into duplex versus 3-4-unit buildings from this source alone. Stage activity is counted only when the stage date is in the APR reporting year."
Escondido,2022,Building Permit,Other / source-reported,0.0,reported,HCD APR Table A2,2022,2026-10-07,Jurisdiction,Housing units (count),"HCD UNIT_CAT uses SFD, SFA, 2-4, 5+, ADU, and MH. The 2-4 category cannot be defensibly split into duplex versus 3-4-unit buildings from this source alone. Stage activity is counted only when the stage date is in the APR reporting year."
Escondido,2022,Building Permit,Single-family attached,68.0,reported,HCD APR Table A2,2022,2026-10-07,Jurisdiction,Housing units (count),"HCD UNIT_CAT uses SFD, SFA, 2-4, 5+, ADU, and MH. The 2-4 category cannot be defensibly split into duplex versus 3-4-unit buildings from this source alone. Stage activity is counted only when the stage date is in the APR reporting year."
Escondido,2022,Building Permit,Single-family detached,83.0,reported,HCD APR Table A2,2022,2026-10-07,Jurisdiction,Housing units (count),"HCD UNIT_CAT uses SFD, SFA, 2-4, 5+, ADU, and MH. The 2-4 category cannot be defensibly split into duplex versus 3-4-unit buildings from this source alone. Stage activity is counted only when the stage date is in the APR reporting year."
Escondido,2022,Building Permit,Unknown / not reported,0.0,reported,HCD APR Table A2,2022,2026-10-07,Jurisdiction,Housing units (count),"HCD UNIT_CAT uses SFD, SFA, 2-4, 5+, ADU, and MH. The 2-4 category cannot be defensibly split into duplex versus 3-4-unit buildings from this source alone. Stage activity is counted only when the stage date is in the APR reporting year."
Escondido,2022,Completion,2-4 unit building (combined),0.0,reported,HCD APR Table A2,2022,2026-10-07,Jurisdiction,Housing units (count),"HCD UNIT_CAT uses SFD, SFA, 2-4, 5+, ADU, and MH. The 2-4 category cannot be defensibly split into duplex versus 3-4-unit buildings from this source alone. Stage activity is counted only when the stage date is in the APR reporting year."
Escondido,2022,Completion,5+ unit building,20.0,reported,HCD APR Table A2,2022,2026-10-07,Jurisdiction,Housing units (count),"HCD UNIT_CAT uses SFD, SFA, 2-4, 5+, ADU, and MH. The 2-4 category cannot be defensibly split into duplex versus 3-4-unit buildings from this source alone. Stage activity is counted only when the stage date is in the APR reporting year."
Escondido,2022,Completion,Accessory dwelling unit,38.0,reported,HCD APR Table A2,2022,2026-10-07,Jurisdiction,Housing units (count),"HCD UNIT_CAT uses SFD, SFA, 2-4, 5+, ADU, and MH. The 2-4 category cannot be defensibly split into duplex versus 3-4-unit buildings from this source alone. Stage activity is counted only when the stage date is in the APR reporting year."
Escondido,2022,Completion,Mobile home / manufactured home,0.0,reported,HCD APR Table A2,2022,2026-10-07,Jurisdiction,Housing units (count),"HCD UNIT_CAT uses SFD, SFA, 2-4, 5+, ADU, and MH. The 2-4 category cannot be defensibly split into duplex versus 3-4-unit buildings from this source alone. Stage activity is counted only when the stage date is in the APR reporting year."
Escondido,2022,Completion,Other / source-reported,0.0,reported,HCD APR Table A2,2022,2026-10-07,Jurisdiction,Housing units (count),"HCD UNIT_CAT uses SFD, SFA, 2-4, 5+, ADU, and MH. The 2-4 category cannot be defensibly split into duplex versus 3-4-unit buildings from this source alone. Stage activity is counted only when the stage date is in the APR reporting year."
Escondido,2022,Completion,Single-family attached,41.0,reported,HCD APR Table A2,2022,2026-10-07,Jurisdiction,Housing units (count),"HCD UNIT_CAT uses SFD, SFA, 2-4, 5+, ADU, and MH. The 2-4 category cannot be defensibly split into duplex versus 3-4-unit buildings from this source alone. Stage activity is counted only when the stage date is in the APR reporting year."
Escondido,2022,Completion,Single-family detached,164.0,reported,HCD APR Table A2,2022,2026-10-07,Jurisdiction,Housing units (count),"HCD UNIT_CAT uses SFD, SFA, 2-4, 5+, ADU, and MH. The 2-4 category cannot be defensibly split into duplex versus 3-4-unit buildings from this source alone. Stage activity is counted only when the stage date is in the APR reporting year."
Escondido,2022,Completion,Unknown / not reported,0.0,reported,HCD APR Table A2,2022,2026-10-07,Jurisdiction,Housing units (count),"HCD UNIT_CAT uses SFD, SFA, 2-4, 5+, ADU, and MH. The 2-4 category cannot be defensibly split into duplex versus 3-4-unit buildings from this source alone. Stage activity is counted only when the stage date is in the APR reporting year."
Escondido,2023,Building Permit,2-4 unit building (combined),10.0,reported,HCD APR Table A2,2023,2026-10-07,Jurisdiction,Housing units (count),"HCD UNIT_CAT uses SFD, SFA, 2-4, 5+, ADU, and MH. The 2-4 category cannot be defensibly split into duplex versus 3-4-unit buildings from this source alone. Stage activity is counted only when the stage date is in the APR reporting year."
Escondido,2023,Building Permit,5+ unit building,447.0,reported,HCD APR Table A2,2023,2026-10-07,Jurisdiction,Housing units (count),"HCD UNIT_CAT uses SFD, SFA, 2-4, 5+, ADU, and MH. The 2-4 category cannot be defensibly split into duplex versus 3-4-unit buildings from this source alone. Stage activity is counted only when the stage date is in the APR reporting year."
Escondido,2023,Building Permit,Accessory dwelling unit,92.0,reported,HCD APR Table A2,2023,2026-10-07,Jurisdiction,Housing units (count),"HCD UNIT_CAT uses SFD, SFA, 2-4, 5+, ADU, and MH. The 2-4 category cannot be defensibly split into duplex versus 3-4-unit buildings from this source alone. Stage activity is counted only when the stage date is in the APR reporting year."
Escondido,2023,Building Permit,Mobile home / manufactured home,0.0,reported,HCD APR Table A2,2023,2026-10-07,Jurisdiction,Housing units (count),"HCD UNIT_CAT uses SFD, SFA, 2-4, 5+, ADU, and MH. The 2-4 category cannot be defensibly split into duplex versus 3-4-unit buildings from this source alone. Stage activity is counted only when the stage date is in the APR reporting year."
Escondido,2023,Building Permit,Other / source-reported,0.0,reported,HCD APR Table A2,2023,2026-10-07,Jurisdiction,Housing units (count),"HCD UNIT_CAT uses SFD, SFA, 2-4, 5+, ADU, and MH. The 2-4 category cannot be defensibly split into duplex versus 3-4-unit buildings from this source alone. Stage activity is counted only when the stage date is in the APR reporting year."
Escondido,2023,Building Permit,Single-family attached,33.0,reported,HCD APR Table A2,2023,2026-10-07,Jurisdiction,Housing units (count),"HCD UNIT_CAT uses SFD, SFA, 2-4, 5+, ADU, and MH. The 2-4 category cannot be defensibly split into duplex versus 3-4-unit buildings from this source alone. Stage activity is counted only when the stage date is in the APR reporting year."
Escondido,2023,Building Permit,Single-family detached,26.0,reported,HCD APR Table A2,2023,2026-10-07,Jurisdiction,Housing units (count),"HCD UNIT_CAT uses SFD, SFA, 2-4, 5+, ADU, and MH. The 2-4 category cannot be defensibly split into duplex versus 3-4-unit buildings from this source alone. Stage activity is counted only when the stage date is in the APR reporting year."
Escondido,2023,Building Permit,Unknown / not reported,0.0,reported,HCD APR Table A2,2023,2026-10-07,Jurisdiction,Housing units (count),"HCD UNIT_CAT uses SFD, SFA, 2-4, 5+, ADU, and MH. The 2-4 category cannot be defensibly split into duplex versus 3-4-unit buildings from this source alone. Stage activity is counted only when the stage date is in the APR reporting year."
Escondido,2023,Completion,2-4 unit building (combined),0.0,reported,HCD APR Table A2,2023,2026-10-07,Jurisdiction,Housing units (count),"HCD UNIT_CAT uses SFD, SFA, 2-4, 5+, ADU, and MH. The 2-4 category cannot be defensibly split into duplex versus 3-4-unit buildings from this source alone. Stage activity is counted only when the stage date is in the APR reporting year."
Escondido,2023,Completion,5+ unit building,75.0,reported,HCD APR Table A2,2023,2026-10-07,Jurisdiction,Housing units (count),"HCD UNIT_CAT uses SFD, SFA, 2-4, 5+, ADU, and MH. The 2-4 category cannot be defensibly split into duplex versus 3-4-unit buildings from this source alone. Stage activity is counted only when the stage date is in the APR reporting year."
Escondido,2023,Completion,Accessory dwelling unit,63.0,reported,HCD APR Table A2,2023,2026-10-07,Jurisdiction,Housing units (count),"HCD UNIT_CAT uses SFD, SFA, 2-4, 5+, ADU, and MH. The 2-4 category cannot be defensibly split into duplex versus 3-4-unit buildings from this source alone. Stage activity is counted only when the stage date is in the APR reporting year."
Escondido,2023,Completion,Mobile home / manufactured home,0.0,reported,HCD APR Table A2,2023,2026-10-07,Jurisdiction,Housing units (count),"HCD UNIT_CAT uses SFD, SFA, 2-4, 5+, ADU, and MH. The 2-4 category cannot be defensibly split into duplex versus 3-4-unit buildings from this source alone. Stage activity is counted only when the stage date is in the APR reporting year."
Escondido,2023,Completion,Other / source-reported,0.0,reported,HCD APR Table A2,2023,2026-10-07,Jurisdiction,Housing units (count),"HCD UNIT_CAT uses SFD, SFA, 2-4, 5+, ADU, and MH. The 2-4 category cannot be defensibly split into duplex versus 3-4-unit buildings from this source alone. Stage activity is counted only when the stage date is in the APR reporting year."
Escondido,2023,Completion,Single-family attached,32.0,reported,HCD APR Table A2,2023,2026-10-07,Jurisdiction,Housing units (count),"HCD UNIT_CAT uses SFD, SFA, 2-4, 5+, ADU, and MH. The 2-4 category cannot be defensibly split into duplex versus 3-4-unit buildings from this source alone. Stage activity is counted only when the stage date is in the APR reporting year."
Escondido,2023,Completion,Single-family detached,12.0,reported,HCD APR Table A2,2023,2026-10-07,Jurisdiction,Housing units (count),"HCD UNIT_CAT uses SFD, SFA, 2-4, 5+, ADU, and MH. The 2-4 category cannot be defensibly split into duplex versus 3-4-unit buildings from this source alone. Stage activity is counted only when the stage date is in the APR reporting year."
Escondido,2023,Completion,Unknown / not reported,0.0,reported,HCD APR Table A2,2023,2026-10-07,Jurisdiction,Housing units (count),"HCD UNIT_CAT uses SFD, SFA, 2-4, 5+, ADU, and MH. The 2-4 category cannot be defensibly split into duplex versus 3-4-unit buildings from this source alone. Stage activity is counted only when the stage date is in the APR reporting year."
Escondido,2024,Building Permit,2-4 unit building (combined),0.0,reported,HCD APR Table A2,2024,2026-10-07,Jurisdiction,Housing units (count),"HCD UNIT_CAT uses SFD, SFA, 2-4, 5+, ADU, and MH. The 2-4 category cannot be defensibly split into duplex versus 3-4-unit buildings from this source alone. Stage activity is counted only when the stage date is in the APR reporting year."
Escondido,2024,Building Permit,5+ unit building,221.0,reported,HCD APR Table A2,2024,2026-10-07,Jurisdiction,Housing units (count),"HCD UNIT_CAT uses SFD, SFA, 2-4, 5+, ADU, and MH. The 2-4 category cannot be defensibly split into duplex versus 3-4-unit buildings from this source alone. Stage activity is counted only when the stage date is in the APR reporting year."
Escondido,2024,Building Permit,Accessory dwelling unit,109.0,reported,HCD APR Table A2,2024,2026-10-07,Jurisdiction,Housing units (count),"HCD UNIT_CAT uses SFD, SFA, 2-4, 5+, ADU, and MH. The 2-4 category cannot be defensibly split into duplex versus 3-4-unit buildings from this source alone. Stage activity is counted only when the stage date is in the APR reporting year."
Escondido,2024,Building Permit,Mobile home / manufactured home,0.0,reported,HCD APR Table A2,2024,2026-10-07,Jurisdiction,Housing units (count),"HCD UNIT_CAT uses SFD, SFA, 2-4, 5+, ADU, and MH. The 2-4 category cannot be defensibly split into duplex versus 3-4-unit buildings from this source alone. Stage activity is counted only when the stage date is in the APR reporting year."
Escondido,2024,Building Permit,Other / source-reported,0.0,reported,HCD APR Table A2,2024,2026-10-07,Jurisdiction,Housing units (count),"HCD UNIT_CAT uses SFD, SFA, 2-4, 5+, ADU, and MH. The 2-4 category cannot be defensibly split into duplex versus 3-4-unit buildings from this source alone. Stage activity is counted only when the stage date is in the APR reporting year."
Escondido,2024,Building Permit,Single-family attached,8.0,reported,HCD APR Table A2,2024,2026-10-07,Jurisdiction,Housing units (count),"HCD UNIT_CAT uses SFD, SFA, 2-4, 5+, ADU, and MH. The 2-4 category cannot be defensibly split into duplex versus 3-4-unit buildings from this source alone. Stage activity is counted only when the stage date is in the APR reporting year."
Escondido,2024,Building Permit,Single-family detached,72.0,reported,HCD APR Table A2,2024,2026-10-07,Jurisdiction,Housing units (count),"HCD UNIT_CAT uses SFD, SFA, 2-4, 5+, ADU, and MH. The 2-4 category cannot be defensibly split into duplex versus 3-4-unit buildings from this source alone. Stage activity is counted only when the stage date is in the APR reporting year."
Escondido,2024,Building Permit,Unknown / not reported,0.0,reported,HCD APR Table A2,2024,2026-10-07,Jurisdiction,Housing units (count),"HCD UNIT_CAT uses SFD, SFA, 2-4, 5+, ADU, and MH. The 2-4 category cannot be defensibly split into duplex versus 3-4-unit buildings from this source alone. Stage activity is counted only when the stage date is in the APR reporting year."
Escondido,2024,Completion,2-4 unit building (combined),0.0,reported,HCD APR Table A2,2024,2026-10-07,Jurisdiction,Housing units (count),"HCD UNIT_CAT uses SFD, SFA, 2-4, 5+, ADU, and MH. The 2-4 category cannot be defensibly split into duplex versus 3-4-unit buildings from this source alone. Stage activity is counted only when the stage date is in the APR reporting year."
Escondido,2024,Completion,5+ unit building,74.0,reported,HCD APR Table A2,2024,2026-10-07,Jurisdiction,Housing units (count),"HCD UNIT_CAT uses SFD, SFA, 2-4, 5+, ADU, and MH. The 2-4 category cannot be defensibly split into duplex versus 3-4-unit buildings from this source alone. Stage activity is counted only when the stage date is in the APR reporting year."
Escondido,2024,Completion,Accessory dwelling unit,68.0,reported,HCD APR Table A2,2024,2026-10-07,Jurisdiction,Housing units (count),"HCD UNIT_CAT uses SFD, SFA, 2-4, 5+, ADU, and MH. The 2-4 category cannot be defensibly split into duplex versus 3-4-unit buildings from this source alone. Stage activity is counted only when the stage date is in the APR reporting year."
Escondido,2024,Completion,Mobile home / manufactured home,0.0,reported,HCD APR Table A2,2024,2026-10-07,Jurisdiction,Housing units (count),"HCD UNIT_CAT uses SFD, SFA, 2-4, 5+, ADU, and MH. The 2-4 category cannot be defensibly split into duplex versus 3-4-unit buildings from this source alone. Stage activity is counted only when the stage date is in the APR reporting year."
Escondido,2024,Completion,Other / source-reported,0.0,reported,HCD APR Table A2,2024,2026-10-07,Jurisdiction,Housing units (count),"HCD UNIT_CAT uses SFD, SFA, 2-4, 5+, ADU, and MH. The 2-4 category cannot be defensibly split into duplex versus 3-4-unit buildings from this source alone. Stage activity is counted only when the stage date is in the APR reporting year."
Escondido,2024,Completion,Single-family attached,71.0,reported,HCD APR Table A2,2024,2026-10-07,Jurisdiction,Housing units (count),"HCD UNIT_CAT uses SFD, SFA, 2-4, 5+, ADU, and MH. The 2-4 category cannot be defensibly split into duplex versus 3-4-unit buildings from this source alone. Stage activity is counted only when the stage date is in the APR reporting year."
Escondido,2024,Completion,Single-family detached,34.0,reported,HCD APR Table A2,2024,2026-10-07,Jurisdiction,Housing units (count),"HCD UNIT_CAT uses SFD, SFA, 2-4, 5+, ADU, and MH. The 2-4 category cannot be defensibly split into duplex versus 3-4-unit buildings from this source alone. Stage activity is counted only when the stage date is in the APR reporting year."
Escondido,2024,Completion,Unknown / not reported,0.0,reported,HCD APR Table A2,2024,2026-10-07,Jurisdiction,Housing units (count),"HCD UNIT_CAT uses SFD, SFA, 2-4, 5+, ADU, and MH. The 2-4 category cannot be defensibly split into duplex versus 3-4-unit buildings from this source alone. Stage activity is counted only when the stage date is in the APR reporting year."
Escondido,2025,Building Permit,2-4 unit building (combined),0.0,reported,HCD APR Table A2,2025,2026-10-07,Jurisdiction,Housing units (count),"HCD UNIT_CAT uses SFD, SFA, 2-4, 5+, ADU, and MH. The 2-4 category cannot be defensibly split into duplex versus 3-4-unit buildings from this source alone. Stage activity is counted only when the stage date is in the APR reporting year."
Escondido,2025,Building Permit,5+ unit building,260.0,reported,HCD APR Table A2,2025,2026-10-07,Jurisdiction,Housing units (count),"HCD UNIT_CAT uses SFD, SFA, 2-4, 5+, ADU, and MH. The 2-4 category cannot be defensibly split into duplex versus 3-4-unit buildings from this source alone. Stage activity is counted only when the stage date is in the APR reporting year."
Escondido,2025,Building Permit,Accessory dwelling unit,117.0,reported,HCD APR Table A2,2025,2026-10-07,Jurisdiction,Housing units (count),"HCD UNIT_CAT uses SFD, SFA, 2-4, 5+, ADU, and MH. The 2-4 category cannot be defensibly split into duplex versus 3-4-unit buildings from this source alone. Stage activity is counted only when the stage date is in the APR reporting year."
Escondido,2025,Building Permit,Mobile home / manufactured home,0.0,reported,HCD APR Table A2,2025,2026-10-07,Jurisdiction,Housing units (count),"HCD UNIT_CAT uses SFD, SFA, 2-4, 5+, ADU, and MH. The 2-4 category cannot be defensibly split into duplex versus 3-4-unit buildings from this source alone. Stage activity is counted only when the stage date is in the APR reporting year."
Escondido,2025,Building Permit,Other / source-reported,0.0,reported,HCD APR Table A2,2025,2026-10-07,Jurisdiction,Housing units (count),"HCD UNIT_CAT uses SFD, SFA, 2-4, 5+, ADU, and MH. The 2-4 category cannot be defensibly split into duplex versus 3-4-unit buildings from this source alone. Stage activity is counted only when the stage date is in the APR reporting year."
Escondido,2025,Building Permit,Single-family attached,0.0,reported,HCD APR Table A2,2025,2026-10-07,Jurisdiction,Housing units (count),"HCD UNIT_CAT uses SFD, SFA, 2-4, 5+, ADU, and MH. The 2-4 category cannot be defensibly split into duplex versus 3-4-unit buildings from this source alone. Stage activity is counted only when the stage date is in the APR reporting year."
Escondido,2025,Building Permit,Single-family detached,137.0,reported,HCD APR Table A2,2025,2026-10-07,Jurisdiction,Housing units (count),"HCD UNIT_CAT uses SFD, SFA, 2-4, 5+, ADU, and MH. The 2-4 category cannot be defensibly split into duplex versus 3-4-unit buildings from this source alone. Stage activity is counted only when the stage date is in the APR reporting year."
Escondido,2025,Building Permit,Unknown / not reported,0.0,reported,HCD APR Table A2,2025,2026-10-07,Jurisdiction,Housing units (count),"HCD UNIT_CAT uses SFD, SFA, 2-4, 5+, ADU, and MH. The 2-4 category cannot be defensibly split into duplex versus 3-4-unit buildings from this source alone. Stage activity is counted only when the stage date is in the APR reporting year."
Escondido,2025,Completion,2-4 unit building (combined),4.0,reported,HCD APR Table A2,2025,2026-10-07,Jurisdiction,Housing units (count),"HCD UNIT_CAT uses SFD, SFA, 2-4, 5+, ADU, and MH. The 2-4 category cannot be defensibly split into duplex versus 3-4-unit buildings from this source alone. Stage activity is counted only when the stage date is in the APR reporting year."
Escondido,2025,Completion,5+ unit building,367.0,reported,HCD APR Table A2,2025,2026-10-07,Jurisdiction,Housing units (count),"HCD UNIT_CAT uses SFD, SFA, 2-4, 5+, ADU, and MH. The 2-4 category cannot be defensibly split into duplex versus 3-4-unit buildings from this source alone. Stage activity is counted only when the stage date is in the APR reporting year."
Escondido,2025,Completion,Accessory dwelling unit,70.0,reported,HCD APR Table A2,2025,2026-10-07,Jurisdiction,Housing units (count),"HCD UNIT_CAT uses SFD, SFA, 2-4, 5+, ADU, and MH. The 2-4 category cannot be defensibly split into duplex versus 3-4-unit buildings from this source alone. Stage activity is counted only when the stage date is in the APR reporting year."
Escondido,2025,Completion,Mobile home / manufactured home,0.0,reported,HCD APR Table A2,2025,2026-10-07,Jurisdiction,Housing units (count),"HCD UNIT_CAT uses SFD, SFA, 2-4, 5+, ADU, and MH. The 2-4 category cannot be defensibly split into duplex versus 3-4-unit buildings from this source alone. Stage activity is counted only when the stage date is in the APR reporting year."
Escondido,2025,Completion,Other / source-reported,0.0,reported,HCD APR Table A2,2025,2026-10-07,Jurisdiction,Housing units (count),"HCD UNIT_CAT uses SFD, SFA, 2-4, 5+, ADU, and MH. The 2-4 category cannot be defensibly split into duplex versus 3-4-unit buildings from this source alone. Stage activity is counted only when the stage date is in the APR reporting year."
Escondido,2025,Completion,Single-family attached,0.0,reported,HCD APR Table A2,2025,2026-10-07,Jurisdiction,Housing units (count),"HCD UNIT_CAT uses SFD, SFA, 2-4, 5+, ADU, and MH. The 2-4 category cannot be defensibly split into duplex versus 3-4-unit buildings from this source alone. Stage activity is counted only when the stage date is in the APR reporting year."
Escondido,2025,Completion,Single-family detached,163.0,reported,HCD APR Table A2,2025,2026-10-07,Jurisdiction,Housing units (count),"HCD UNIT_CAT uses SFD, SFA, 2-4, 5+, ADU, and MH. The 2-4 category cannot be defensibly split into duplex versus 3-4-unit buildings from this source alone. Stage activity is counted only when the stage date is in the APR reporting year."
Escondido,2025,Completion,Unknown / not reported,0.0,reported,HCD APR Table A2,2025,2026-10-07,Jurisdiction,Housing units (count),"HCD UNIT_CAT uses SFD, SFA, 2-4, 5+, ADU, and MH. The 2-4 category cannot be defensibly split into duplex versus 3-4-unit buildings from this source alone. Stage activity is counted only when the stage date is in the APR reporting year."
Imperial Beach,2018,Building Permit,2-4 unit building (combined),0.0,reported,HCD APR Table A2,2018,2026-10-07,Jurisdiction,Housing units (count),"HCD UNIT_CAT uses SFD, SFA, 2-4, 5+, ADU, and MH. The 2-4 category cannot be defensibly split into duplex versus 3-4-unit buildings from this source alone. Stage activity is counted only when the stage date is in the APR reporting year."
Imperial Beach,2018,Building Permit,5+ unit building,0.0,reported,HCD APR Table A2,2018,2026-10-07,Jurisdiction,Housing units (count),"HCD UNIT_CAT uses SFD, SFA, 2-4, 5+, ADU, and MH. The 2-4 category cannot be defensibly split into duplex versus 3-4-unit buildings from this source alone. Stage activity is counted only when the stage date is in the APR reporting year."
Imperial Beach,2018,Building Permit,Accessory dwelling unit,3.0,reported,HCD APR Table A2,2018,2026-10-07,Jurisdiction,Housing units (count),"HCD UNIT_CAT uses SFD, SFA, 2-4, 5+, ADU, and MH. The 2-4 category cannot be defensibly split into duplex versus 3-4-unit buildings from this source alone. Stage activity is counted only when the stage date is in the APR reporting year."
Imperial Beach,2018,Building Permit,Mobile home / manufactured home,0.0,reported,HCD APR Table A2,2018,2026-10-07,Jurisdiction,Housing units (count),"HCD UNIT_CAT uses SFD, SFA, 2-4, 5+, ADU, and MH. The 2-4 category cannot be defensibly split into duplex versus 3-4-unit buildings from this source alone. Stage activity is counted only when the stage date is in the APR reporting year."
Imperial Beach,2018,Building Permit,Other / source-reported,0.0,reported,HCD APR Table A2,2018,2026-10-07,Jurisdiction,Housing units (count),"HCD UNIT_CAT uses SFD, SFA, 2-4, 5+, ADU, and MH. The 2-4 category cannot be defensibly split into duplex versus 3-4-unit buildings from this source alone. Stage activity is counted only when the stage date is in the APR reporting year."
Imperial Beach,2018,Building Permit,Single-family attached,50.0,reported,HCD APR Table A2,2018,2026-10-07,Jurisdiction,Housing units (count),"HCD UNIT_CAT uses SFD, SFA, 2-4, 5+, ADU, and MH. The 2-4 category cannot be defensibly split into duplex versus 3-4-unit buildings from this source alone. Stage activity is counted only when the stage date is in the APR reporting year."
Imperial Beach,2018,Building Permit,Single-family detached,11.0,reported,HCD APR Table A2,2018,2026-10-07,Jurisdiction,Housing units (count),"HCD UNIT_CAT uses SFD, SFA, 2-4, 5+, ADU, and MH. The 2-4 category cannot be defensibly split into duplex versus 3-4-unit buildings from this source alone. Stage activity is counted only when the stage date is in the APR reporting year."
Imperial Beach,2018,Building Permit,Unknown / not reported,0.0,reported,HCD APR Table A2,2018,2026-10-07,Jurisdiction,Housing units (count),"HCD UNIT_CAT uses SFD, SFA, 2-4, 5+, ADU, and MH. The 2-4 category cannot be defensibly split into duplex versus 3-4-unit buildings from this source alone. Stage activity is counted only when the stage date is in the APR reporting year."
Imperial Beach,2018,Completion,2-4 unit building (combined),0.0,reported,HCD APR Table A2,2018,2026-10-07,Jurisdiction,Housing units (count),"HCD UNIT_CAT uses SFD, SFA, 2-4, 5+, ADU, and MH. The 2-4 category cannot be defensibly split into duplex versus 3-4-unit buildings from this source alone. Stage activity is counted only when the stage date is in the APR reporting year."
Imperial Beach,2018,Completion,5+ unit building,0.0,reported,HCD APR Table A2,2018,2026-10-07,Jurisdiction,Housing units (count),"HCD UNIT_CAT uses SFD, SFA, 2-4, 5+, ADU, and MH. The 2-4 category cannot be defensibly split into duplex versus 3-4-unit buildings from this source alone. Stage activity is counted only when the stage date is in the APR reporting year."
Imperial Beach,2018,Completion,Accessory dwelling unit,0.0,reported,HCD APR Table A2,2018,2026-10-07,Jurisdiction,Housing units (count),"HCD UNIT_CAT uses SFD, SFA, 2-4, 5+, ADU, and MH. The 2-4 category cannot be defensibly split into duplex versus 3-4-unit buildings from this source alone. Stage activity is counted only when the stage date is in the APR reporting year."
Imperial Beach,2018,Completion,Mobile home / manufactured home,0.0,reported,HCD APR Table A2,2018,2026-10-07,Jurisdiction,Housing units (count),"HCD UNIT_CAT uses SFD, SFA, 2-4, 5+, ADU, and MH. The 2-4 category cannot be defensibly split into duplex versus 3-4-unit buildings from this source alone. Stage activity is counted only when the stage date is in the APR reporting year."
Imperial Beach,2018,Completion,Other / source-reported,0.0,reported,HCD APR Table A2,2018,2026-10-07,Jurisdiction,Housing units (count),"HCD UNIT_CAT uses SFD, SFA, 2-4, 5+, ADU, and MH. The 2-4 category cannot be defensibly split into duplex versus 3-4-unit buildings from this source alone. Stage activity is counted only when the stage date is in the APR reporting year."
Imperial Beach,2018,Completion,Single-family attached,34.0,reported,HCD APR Table A2,2018,2026-10-07,Jurisdiction,Housing units (count),"HCD UNIT_CAT uses SFD, SFA, 2-4, 5+, ADU, and MH. The 2-4 category cannot be defensibly split into duplex versus 3-4-unit buildings from this source alone. Stage activity is counted only when the stage date is in the APR reporting year."
Imperial Beach,2018,Completion,Single-family detached,0.0,reported,HCD APR Table A2,2018,2026-10-07,Jurisdiction,Housing units (count),"HCD UNIT_CAT uses SFD, SFA, 2-4, 5+, ADU, and MH. The 2-4 category cannot be defensibly split into duplex versus 3-4-unit buildings from this source alone. Stage activity is counted only when the stage date is in the APR reporting year."
Imperial Beach,2018,Completion,Unknown / not reported,0.0,reported,HCD APR Table A2,2018,2026-10-07,Jurisdiction,Housing units (count),"HCD UNIT_CAT uses SFD, SFA, 2-4, 5+, ADU, and MH. The 2-4 category cannot be defensibly split into duplex versus 3-4-unit buildings from this source alone. Stage activity is counted only when the stage date is in the APR reporting year."
Imperial Beach,2019,Building Permit,2-4 unit building (combined),0.0,reported,HCD APR Table A2,2019,2026-10-07,Jurisdiction,Housing units (count),"HCD UNIT_CAT uses SFD, SFA, 2-4, 5+, ADU, and MH. The 2-4 category cannot be defensibly split into duplex versus 3-4-unit buildings from this source alone. Stage activity is counted only when the stage date is in the APR reporting year."
Imperial Beach,2019,Building Permit,5+ unit building,0.0,reported,HCD APR Table A2,2019,2026-10-07,Jurisdiction,Housing units (count),"HCD UNIT_CAT uses SFD, SFA, 2-4, 5+, ADU, and MH. The 2-4 category cannot be defensibly split into duplex versus 3-4-unit buildings from this source alone. Stage activity is counted only when the stage date is in the APR reporting year."
Imperial Beach,2019,Building Permit,Accessory dwelling unit,4.0,reported,HCD APR Table A2,2019,2026-10-07,Jurisdiction,Housing units (count),"HCD UNIT_CAT uses SFD, SFA, 2-4, 5+, ADU, and MH. The 2-4 category cannot be defensibly split into duplex versus 3-4-unit buildings from this source alone. Stage activity is counted only when the stage date is in the APR reporting year."
Imperial Beach,2019,Building Permit,Mobile home / manufactured home,0.0,reported,HCD APR Table A2,2019,2026-10-07,Jurisdiction,Housing units (count),"HCD UNIT_CAT uses SFD, SFA, 2-4, 5+, ADU, and MH. The 2-4 category cannot be defensibly split into duplex versus 3-4-unit buildings from this source alone. Stage activity is counted only when the stage date is in the APR reporting year."
Imperial Beach,2019,Building Permit,Other / source-reported,0.0,reported,HCD APR Table A2,2019,2026-10-07,Jurisdiction,Housing units (count),"HCD UNIT_CAT uses SFD, SFA, 2-4, 5+, ADU, and MH. The 2-4 category cannot be defensibly split into duplex versus 3-4-unit buildings from this source alone. Stage activity is counted only when the stage date is in the APR reporting year."
Imperial Beach,2019,Building Permit,Single-family attached,1.0,reported,HCD APR Table A2,2019,2026-10-07,Jurisdiction,Housing units (count),"HCD UNIT_CAT uses SFD, SFA, 2-4, 5+, ADU, and MH. The 2-4 category cannot be defensibly split into duplex versus 3-4-unit buildings from this source alone. Stage activity is counted only when the stage date is in the APR reporting year."
Imperial Beach,2019,Building Permit,Single-family detached,23.0,reported,HCD APR Table A2,2019,2026-10-07,Jurisdiction,Housing units (count),"HCD UNIT_CAT uses SFD, SFA, 2-4, 5+, ADU, and MH. The 2-4 category cannot be defensibly split into duplex versus 3-4-unit buildings from this source alone. Stage activity is counted only when the stage date is in the APR reporting year."
Imperial Beach,2019,Building Permit,Unknown / not reported,0.0,reported,HCD APR Table A2,2019,2026-10-07,Jurisdiction,Housing units (count),"HCD UNIT_CAT uses SFD, SFA, 2-4, 5+, ADU, and MH. The 2-4 category cannot be defensibly split into duplex versus 3-4-unit buildings from this source alone. Stage activity is counted only when the stage date is in the APR reporting year."
Imperial Beach,2019,Completion,2-4 unit building (combined),4.0,reported,HCD APR Table A2,2019,2026-10-07,Jurisdiction,Housing units (count),"HCD UNIT_CAT uses SFD, SFA, 2-4, 5+, ADU, and MH. The 2-4 category cannot be defensibly split into duplex versus 3-4-unit buildings from this source alone. Stage activity is counted only when the stage date is in the APR reporting year."
Imperial Beach,2019,Completion,5+ unit building,33.0,reported,HCD APR Table A2,2019,2026-10-07,Jurisdiction,Housing units (count),"HCD UNIT_CAT uses SFD, SFA, 2-4, 5+, ADU, and MH. The 2-4 category cannot be defensibly split into duplex versus 3-4-unit buildings from this source alone. Stage activity is counted only when the stage date is in the APR reporting year."
Imperial Beach,2019,Completion,Accessory dwelling unit,8.0,reported,HCD APR Table A2,2019,2026-10-07,Jurisdiction,Housing units (count),"HCD UNIT_CAT uses SFD, SFA, 2-4, 5+, ADU, and MH. The 2-4 category cannot be defensibly split into duplex versus 3-4-unit buildings from this source alone. Stage activity is counted only when the stage date is in the APR reporting year."
Imperial Beach,2019,Completion,Mobile home / manufactured home,0.0,reported,HCD APR Table A2,2019,2026-10-07,Jurisdiction,Housing units (count),"HCD UNIT_CAT uses SFD, SFA, 2-4, 5+, ADU, and MH. The 2-4 category cannot be defensibly split into duplex versus 3-4-unit buildings from this source alone. Stage activity is counted only when the stage date is in the APR reporting year."
Imperial Beach,2019,Completion,Other / source-reported,0.0,reported,HCD APR Table A2,2019,2026-10-07,Jurisdiction,Housing units (count),"HCD UNIT_CAT uses SFD, SFA, 2-4, 5+, ADU, and MH. The 2-4 category cannot be defensibly split into duplex versus 3-4-unit buildings from this source alone. Stage activity is counted only when the stage date is in the APR reporting year."
Imperial Beach,2019,Completion,Single-family attached,0.0,reported,HCD APR Table A2,2019,2026-10-07,Jurisdiction,Housing units (count),"HCD UNIT_CAT uses SFD, SFA, 2-4, 5+, ADU, and MH. The 2-4 category cannot be defensibly split into duplex versus 3-4-unit buildings from this source alone. Stage activity is counted only when the stage date is in the APR reporting year."
Imperial Beach,2019,Completion,Single-family detached,22.0,reported,HCD APR Table A2,2019,2026-10-07,Jurisdiction,Housing units (count),"HCD UNIT_CAT uses SFD, SFA, 2-4, 5+, ADU, and MH. The 2-4 category cannot be defensibly split into duplex versus 3-4-unit buildings from this source alone. Stage activity is counted only when the stage date is in the APR reporting year."
Imperial Beach,2019,Completion,Unknown / not reported,0.0,reported,HCD APR Table A2,2019,2026-10-07,Jurisdiction,Housing units (count),"HCD UNIT_CAT uses SFD, SFA, 2-4, 5+, ADU, and MH. The 2-4 category cannot be defensibly split into duplex versus 3-4-unit buildings from this source alone. Stage activity is counted only when the stage date is in the APR reporting year."
Imperial Beach,2020,Building Permit,2-4 unit building (combined),4.0,reported,HCD APR Table A2,2020,2026-10-07,Jurisdiction,Housing units (count),"HCD UNIT_CAT uses SFD, SFA, 2-4, 5+, ADU, and MH. The 2-4 category cannot be defensibly split into duplex versus 3-4-unit buildings from this source alone. Stage activity is counted only when the stage date is in the APR reporting year."
Imperial Beach,2020,Building Permit,5+ unit building,0.0,reported,HCD APR Table A2,2020,2026-10-07,Jurisdiction,Housing units (count),"HCD UNIT_CAT uses SFD, SFA, 2-4, 5+, ADU, and MH. The 2-4 category cannot be defensibly split into duplex versus 3-4-unit buildings from this source alone. Stage activity is counted only when the stage date is in the APR reporting year."
Imperial Beach,2020,Building Permit,Accessory dwelling unit,16.0,reported,HCD APR Table A2,2020,2026-10-07,Jurisdiction,Housing units (count),"HCD UNIT_CAT uses SFD, SFA, 2-4, 5+, ADU, and MH. The 2-4 category cannot be defensibly split into duplex versus 3-4-unit buildings from this source alone. Stage activity is counted only when the stage date is in the APR reporting year."
Imperial Beach,2020,Building Permit,Mobile home / manufactured home,0.0,reported,HCD APR Table A2,2020,2026-10-07,Jurisdiction,Housing units (count),"HCD UNIT_CAT uses SFD, SFA, 2-4, 5+, ADU, and MH. The 2-4 category cannot be defensibly split into duplex versus 3-4-unit buildings from this source alone. Stage activity is counted only when the stage date is in the APR reporting year."
Imperial Beach,2020,Building Permit,Other / source-reported,0.0,reported,HCD APR Table A2,2020,2026-10-07,Jurisdiction,Housing units (count),"HCD UNIT_CAT uses SFD, SFA, 2-4, 5+, ADU, and MH. The 2-4 category cannot be defensibly split into duplex versus 3-4-unit buildings from this source alone. Stage activity is counted only when the stage date is in the APR reporting year."
Imperial Beach,2020,Building Permit,Single-family attached,0.0,reported,HCD APR Table A2,2020,2026-10-07,Jurisdiction,Housing units (count),"HCD UNIT_CAT uses SFD, SFA, 2-4, 5+, ADU, and MH. The 2-4 category cannot be defensibly split into duplex versus 3-4-unit buildings from this source alone. Stage activity is counted only when the stage date is in the APR reporting year."
Imperial Beach,2020,Building Permit,Single-family detached,15.0,reported,HCD APR Table A2,2020,2026-10-07,Jurisdiction,Housing units (count),"HCD UNIT_CAT uses SFD, SFA, 2-4, 5+, ADU, and MH. The 2-4 category cannot be defensibly split into duplex versus 3-4-unit buildings from this source alone. Stage activity is counted only when the stage date is in the APR reporting year."
Imperial Beach,2020,Building Permit,Unknown / not reported,0.0,reported,HCD APR Table A2,2020,2026-10-07,Jurisdiction,Housing units (count),"HCD UNIT_CAT uses SFD, SFA, 2-4, 5+, ADU, and MH. The 2-4 category cannot be defensibly split into duplex versus 3-4-unit buildings from this source alone. Stage activity is counted only when the stage date is in the APR reporting year."
Imperial Beach,2020,Completion,2-4 unit building (combined),2.0,reported,HCD APR Table A2,2020,2026-10-07,Jurisdiction,Housing units (count),"HCD UNIT_CAT uses SFD, SFA, 2-4, 5+, ADU, and MH. The 2-4 category cannot be defensibly split into duplex versus 3-4-unit buildings from this source alone. Stage activity is counted only when the stage date is in the APR reporting year."
Imperial Beach,2020,Completion,5+ unit building,0.0,reported,HCD APR Table A2,2020,2026-10-07,Jurisdiction,Housing units (count),"HCD UNIT_CAT uses SFD, SFA, 2-4, 5+, ADU, and MH. The 2-4 category cannot be defensibly split into duplex versus 3-4-unit buildings from this source alone. Stage activity is counted only when the stage date is in the APR reporting year."
Imperial Beach,2020,Completion,Accessory dwelling unit,4.0,reported,HCD APR Table A2,2020,2026-10-07,Jurisdiction,Housing units (count),"HCD UNIT_CAT uses SFD, SFA, 2-4, 5+, ADU, and MH. The 2-4 category cannot be defensibly split into duplex versus 3-4-unit buildings from this source alone. Stage activity is counted only when the stage date is in the APR reporting year."
Imperial Beach,2020,Completion,Mobile home / manufactured home,0.0,reported,HCD APR Table A2,2020,2026-10-07,Jurisdiction,Housing units (count),"HCD UNIT_CAT uses SFD, SFA, 2-4, 5+, ADU, and MH. The 2-4 category cannot be defensibly split into duplex versus 3-4-unit buildings from this source alone. Stage activity is counted only when the stage date is in the APR reporting year."
Imperial Beach,2020,Completion,Other / source-reported,0.0,reported,HCD APR Table A2,2020,2026-10-07,Jurisdiction,Housing units (count),"HCD UNIT_CAT uses SFD, SFA, 2-4, 5+, ADU, and MH. The 2-4 category cannot be defensibly split into duplex versus 3-4-unit buildings from this source alone. Stage activity is counted only when the stage date is in the APR reporting year."
Imperial Beach,2020,Completion,Single-family attached,0.0,reported,HCD APR Table A2,2020,2026-10-07,Jurisdiction,Housing units (count),"HCD UNIT_CAT uses SFD, SFA, 2-4, 5+, ADU, and MH. The 2-4 category cannot be defensibly split into duplex versus 3-4-unit buildings from this source alone. Stage activity is counted only when the stage date is in the APR reporting year."
Imperial Beach,2020,Completion,Single-family detached,1.0,reported,HCD APR Table A2,2020,2026-10-07,Jurisdiction,Housing units (count),"HCD UNIT_CAT uses SFD, SFA, 2-4, 5+, ADU, and MH. The 2-4 category cannot be defensibly split into duplex versus 3-4-unit buildings from this source alone. Stage activity is counted only when the stage date is in the APR reporting year."
Imperial Beach,2020,Completion,Unknown / not reported,0.0,reported,HCD APR Table A2,2020,2026-10-07,Jurisdiction,Housing units (count),"HCD UNIT_CAT uses SFD, SFA, 2-4, 5+, ADU, and MH. The 2-4 category cannot be defensibly split into duplex versus 3-4-unit buildings from this source alone. Stage activity is counted only when the stage date is in the APR reporting year."
Imperial Beach,2021,Building Permit,2-4 unit building (combined),7.0,reported,HCD APR Table A2,2021,2026-10-07,Jurisdiction,Housing units (count),"HCD UNIT_CAT uses SFD, SFA, 2-4, 5+, ADU, and MH. The 2-4 category cannot be defensibly split into duplex versus 3-4-unit buildings from this source alone. Stage activity is counted only when the stage date is in the APR reporting year."
Imperial Beach,2021,Building Permit,5+ unit building,0.0,reported,HCD APR Table A2,2021,2026-10-07,Jurisdiction,Housing units (count),"HCD UNIT_CAT uses SFD, SFA, 2-4, 5+, ADU, and MH. The 2-4 category cannot be defensibly split into duplex versus 3-4-unit buildings from this source alone. Stage activity is counted only when the stage date is in the APR reporting year."
Imperial Beach,2021,Building Permit,Accessory dwelling unit,25.0,reported,HCD APR Table A2,2021,2026-10-07,Jurisdiction,Housing units (count),"HCD UNIT_CAT uses SFD, SFA, 2-4, 5+, ADU, and MH. The 2-4 category cannot be defensibly split into duplex versus 3-4-unit buildings from this source alone. Stage activity is counted only when the stage date is in the APR reporting year."
Imperial Beach,2021,Building Permit,Mobile home / manufactured home,0.0,reported,HCD APR Table A2,2021,2026-10-07,Jurisdiction,Housing units (count),"HCD UNIT_CAT uses SFD, SFA, 2-4, 5+, ADU, and MH. The 2-4 category cannot be defensibly split into duplex versus 3-4-unit buildings from this source alone. Stage activity is counted only when the stage date is in the APR reporting year."
Imperial Beach,2021,Building Permit,Other / source-reported,0.0,reported,HCD APR Table A2,2021,2026-10-07,Jurisdiction,Housing units (count),"HCD UNIT_CAT uses SFD, SFA, 2-4, 5+, ADU, and MH. The 2-4 category cannot be defensibly split into duplex versus 3-4-unit buildings from this source alone. Stage activity is counted only when the stage date is in the APR reporting year."
Imperial Beach,2021,Building Permit,Single-family attached,0.0,reported,HCD APR Table A2,2021,2026-10-07,Jurisdiction,Housing units (count),"HCD UNIT_CAT uses SFD, SFA, 2-4, 5+, ADU, and MH. The 2-4 category cannot be defensibly split into duplex versus 3-4-unit buildings from this source alone. Stage activity is counted only when the stage date is in the APR reporting year."
Imperial Beach,2021,Building Permit,Single-family detached,9.0,reported,HCD APR Table A2,2021,2026-10-07,Jurisdiction,Housing units (count),"HCD UNIT_CAT uses SFD, SFA, 2-4, 5+, ADU, and MH. The 2-4 category cannot be defensibly split into duplex versus 3-4-unit buildings from this source alone. Stage activity is counted only when the stage date is in the APR reporting year."
Imperial Beach,2021,Building Permit,Unknown / not reported,0.0,reported,HCD APR Table A2,2021,2026-10-07,Jurisdiction,Housing units (count),"HCD UNIT_CAT uses SFD, SFA, 2-4, 5+, ADU, and MH. The 2-4 category cannot be defensibly split into duplex versus 3-4-unit buildings from this source alone. Stage activity is counted only when the stage date is in the APR reporting year."
Imperial Beach,2021,Completion,2-4 unit building (combined),2.0,reported,HCD APR Table A2,2021,2026-10-07,Jurisdiction,Housing units (count),"HCD UNIT_CAT uses SFD, SFA, 2-4, 5+, ADU, and MH. The 2-4 category cannot be defensibly split into duplex versus 3-4-unit buildings from this source alone. Stage activity is counted only when the stage date is in the APR reporting year."
Imperial Beach,2021,Completion,5+ unit building,0.0,reported,HCD APR Table A2,2021,2026-10-07,Jurisdiction,Housing units (count),"HCD UNIT_CAT uses SFD, SFA, 2-4, 5+, ADU, and MH. The 2-4 category cannot be defensibly split into duplex versus 3-4-unit buildings from this source alone. Stage activity is counted only when the stage date is in the APR reporting year."
Imperial Beach,2021,Completion,Accessory dwelling unit,4.0,reported,HCD APR Table A2,2021,2026-10-07,Jurisdiction,Housing units (count),"HCD UNIT_CAT uses SFD, SFA, 2-4, 5+, ADU, and MH. The 2-4 category cannot be defensibly split into duplex versus 3-4-unit buildings from this source alone. Stage activity is counted only when the stage date is in the APR reporting year."
Imperial Beach,2021,Completion,Mobile home / manufactured home,0.0,reported,HCD APR Table A2,2021,2026-10-07,Jurisdiction,Housing units (count),"HCD UNIT_CAT uses SFD, SFA, 2-4, 5+, ADU, and MH. The 2-4 category cannot be defensibly split into duplex versus 3-4-unit buildings from this source alone. Stage activity is counted only when the stage date is in the APR reporting year."
Imperial Beach,2021,Completion,Other / source-reported,0.0,reported,HCD APR Table A2,2021,2026-10-07,Jurisdiction,Housing units (count),"HCD UNIT_CAT uses SFD, SFA, 2-4, 5+, ADU, and MH. The 2-4 category cannot be defensibly split into duplex versus 3-4-unit buildings from this source alone. Stage activity is counted only when the stage date is in the APR reporting year."
Imperial Beach,2021,Completion,Single-family attached,0.0,reported,HCD APR Table A2,2021,2026-10-07,Jurisdiction,Housing units (count),"HCD UNIT_CAT uses SFD, SFA, 2-4, 5+, ADU, and MH. The 2-4 category cannot be defensibly split into duplex versus 3-4-unit buildings from this source alone. Stage activity is counted only when the stage date is in the APR reporting year."
Imperial Beach,2021,Completion,Single-family detached,3.0,reported,HCD APR Table A2,2021,2026-10-07,Jurisdiction,Housing units (count),"HCD UNIT_CAT uses SFD, SFA, 2-4, 5+, ADU, and MH. The 2-4 category cannot be defensibly split into duplex versus 3-4-unit buildings from this source alone. Stage activity is counted only when the stage date is in the APR reporting year."
Imperial Beach,2021,Completion,Unknown / not reported,0.0,reported,HCD APR Table A2,2021,2026-10-07,Jurisdiction,Housing units (count),"HCD UNIT_CAT uses SFD, SFA, 2-4, 5+, ADU, and MH. The 2-4 category cannot be defensibly split into duplex versus 3-4-unit buildings from this source alone. Stage activity is counted only when the stage date is in the APR reporting year."
Imperial Beach,2022,Building Permit,2-4 unit building (combined),8.0,reported,HCD APR Table A2,2022,2026-10-07,Jurisdiction,Housing units (count),"HCD UNIT_CAT uses SFD, SFA, 2-4, 5+, ADU, and MH. The 2-4 category cannot be defensibly split into duplex versus 3-4-unit buildings from this source alone. Stage activity is counted only when the stage date is in the APR reporting year."
Imperial Beach,2022,Building Permit,5+ unit building,0.0,reported,HCD APR Table A2,2022,2026-10-07,Jurisdiction,Housing units (count),"HCD UNIT_CAT uses SFD, SFA, 2-4, 5+, ADU, and MH. The 2-4 category cannot be defensibly split into duplex versus 3-4-unit buildings from this source alone. Stage activity is counted only when the stage date is in the APR reporting year."
Imperial Beach,2022,Building Permit,Accessory dwelling unit,30.0,reported,HCD APR Table A2,2022,2026-10-07,Jurisdiction,Housing units (count),"HCD UNIT_CAT uses SFD, SFA, 2-4, 5+, ADU, and MH. The 2-4 category cannot be defensibly split into duplex versus 3-4-unit buildings from this source alone. Stage activity is counted only when the stage date is in the APR reporting year."
Imperial Beach,2022,Building Permit,Mobile home / manufactured home,0.0,reported,HCD APR Table A2,2022,2026-10-07,Jurisdiction,Housing units (count),"HCD UNIT_CAT uses SFD, SFA, 2-4, 5+, ADU, and MH. The 2-4 category cannot be defensibly split into duplex versus 3-4-unit buildings from this source alone. Stage activity is counted only when the stage date is in the APR reporting year."
Imperial Beach,2022,Building Permit,Other / source-reported,0.0,reported,HCD APR Table A2,2022,2026-10-07,Jurisdiction,Housing units (count),"HCD UNIT_CAT uses SFD, SFA, 2-4, 5+, ADU, and MH. The 2-4 category cannot be defensibly split into duplex versus 3-4-unit buildings from this source alone. Stage activity is counted only when the stage date is in the APR reporting year."
Imperial Beach,2022,Building Permit,Single-family attached,1.0,reported,HCD APR Table A2,2022,2026-10-07,Jurisdiction,Housing units (count),"HCD UNIT_CAT uses SFD, SFA, 2-4, 5+, ADU, and MH. The 2-4 category cannot be defensibly split into duplex versus 3-4-unit buildings from this source alone. Stage activity is counted only when the stage date is in the APR reporting year."
Imperial Beach,2022,Building Permit,Single-family detached,4.0,reported,HCD APR Table A2,2022,2026-10-07,Jurisdiction,Housing units (count),"HCD UNIT_CAT uses SFD, SFA, 2-4, 5+, ADU, and MH. The 2-4 category cannot be defensibly split into duplex versus 3-4-unit buildings from this source alone. Stage activity is counted only when the stage date is in the APR reporting year."
Imperial Beach,2022,Building Permit,Unknown / not reported,0.0,reported,HCD APR Table A2,2022,2026-10-07,Jurisdiction,Housing units (count),"HCD UNIT_CAT uses SFD, SFA, 2-4, 5+, ADU, and MH. The 2-4 category cannot be defensibly split into duplex versus 3-4-unit buildings from this source alone. Stage activity is counted only when the stage date is in the APR reporting year."
Imperial Beach,2022,Completion,2-4 unit building (combined),9.0,reported,HCD APR Table A2,2022,2026-10-07,Jurisdiction,Housing units (count),"HCD UNIT_CAT uses SFD, SFA, 2-4, 5+, ADU, and MH. The 2-4 category cannot be defensibly split into duplex versus 3-4-unit buildings from this source alone. Stage activity is counted only when the stage date is in the APR reporting year."
Imperial Beach,2022,Completion,5+ unit building,0.0,reported,HCD APR Table A2,2022,2026-10-07,Jurisdiction,Housing units (count),"HCD UNIT_CAT uses SFD, SFA, 2-4, 5+, ADU, and MH. The 2-4 category cannot be defensibly split into duplex versus 3-4-unit buildings from this source alone. Stage activity is counted only when the stage date is in the APR reporting year."
Imperial Beach,2022,Completion,Accessory dwelling unit,11.0,reported,HCD APR Table A2,2022,2026-10-07,Jurisdiction,Housing units (count),"HCD UNIT_CAT uses SFD, SFA, 2-4, 5+, ADU, and MH. The 2-4 category cannot be defensibly split into duplex versus 3-4-unit buildings from this source alone. Stage activity is counted only when the stage date is in the APR reporting year."
Imperial Beach,2022,Completion,Mobile home / manufactured home,0.0,reported,HCD APR Table A2,2022,2026-10-07,Jurisdiction,Housing units (count),"HCD UNIT_CAT uses SFD, SFA, 2-4, 5+, ADU, and MH. The 2-4 category cannot be defensibly split into duplex versus 3-4-unit buildings from this source alone. Stage activity is counted only when the stage date is in the APR reporting year."
Imperial Beach,2022,Completion,Other / source-reported,0.0,reported,HCD APR Table A2,2022,2026-10-07,Jurisdiction,Housing units (count),"HCD UNIT_CAT uses SFD, SFA, 2-4, 5+, ADU, and MH. The 2-4 category cannot be defensibly split into duplex versus 3-4-unit buildings from this source alone. Stage activity is counted only when the stage date is in the APR reporting year."
Imperial Beach,2022,Completion,Single-family attached,0.0,reported,HCD APR Table A2,2022,2026-10-07,Jurisdiction,Housing units (count),"HCD UNIT_CAT uses SFD, SFA, 2-4, 5+, ADU, and MH. The 2-4 category cannot be defensibly split into duplex versus 3-4-unit buildings from this source alone. Stage activity is counted only when the stage date is in the APR reporting year."
Imperial Beach,2022,Completion,Single-family detached,5.0,reported,HCD APR Table A2,2022,2026-10-07,Jurisdiction,Housing units (count),"HCD UNIT_CAT uses SFD, SFA, 2-4, 5+, ADU, and MH. The 2-4 category cannot be defensibly split into duplex versus 3-4-unit buildings from this source alone. Stage activity is counted only when the stage date is in the APR reporting year."
Imperial Beach,2022,Completion,Unknown / not reported,0.0,reported,HCD APR Table A2,2022,2026-10-07,Jurisdiction,Housing units (count),"HCD UNIT_CAT uses SFD, SFA, 2-4, 5+, ADU, and MH. The 2-4 category cannot be defensibly split into duplex versus 3-4-unit buildings from this source alone. Stage activity is counted only when the stage date is in the APR reporting year."
Imperial Beach,2023,Building Permit,2-4 unit building (combined),10.0,reported,HCD APR Table A2,2023,2026-10-07,Jurisdiction,Housing units (count),"HCD UNIT_CAT uses SFD, SFA, 2-4, 5+, ADU, and MH. The 2-4 category cannot be defensibly split into duplex versus 3-4-unit buildings from this source alone. Stage activity is counted only when the stage date is in the APR reporting year."
Imperial Beach,2023,Building Permit,5+ unit building,0.0,reported,HCD APR Table A2,2023,2026-10-07,Jurisdiction,Housing units (count),"HCD UNIT_CAT uses SFD, SFA, 2-4, 5+, ADU, and MH. The 2-4 category cannot be defensibly split into duplex versus 3-4-unit buildings from this source alone. Stage activity is counted only when the stage date is in the APR reporting year."
Imperial Beach,2023,Building Permit,Accessory dwelling unit,19.0,reported,HCD APR Table A2,2023,2026-10-07,Jurisdiction,Housing units (count),"HCD UNIT_CAT uses SFD, SFA, 2-4, 5+, ADU, and MH. The 2-4 category cannot be defensibly split into duplex versus 3-4-unit buildings from this source alone. Stage activity is counted only when the stage date is in the APR reporting year."
Imperial Beach,2023,Building Permit,Mobile home / manufactured home,0.0,reported,HCD APR Table A2,2023,2026-10-07,Jurisdiction,Housing units (count),"HCD UNIT_CAT uses SFD, SFA, 2-4, 5+, ADU, and MH. The 2-4 category cannot be defensibly split into duplex versus 3-4-unit buildings from this source alone. Stage activity is counted only when the stage date is in the APR reporting year."
Imperial Beach,2023,Building Permit,Other / source-reported,0.0,reported,HCD APR Table A2,2023,2026-10-07,Jurisdiction,Housing units (count),"HCD UNIT_CAT uses SFD, SFA, 2-4, 5+, ADU, and MH. The 2-4 category cannot be defensibly split into duplex versus 3-4-unit buildings from this source alone. Stage activity is counted only when the stage date is in the APR reporting year."
Imperial Beach,2023,Building Permit,Single-family attached,0.0,reported,HCD APR Table A2,2023,2026-10-07,Jurisdiction,Housing units (count),"HCD UNIT_CAT uses SFD, SFA, 2-4, 5+, ADU, and MH. The 2-4 category cannot be defensibly split into duplex versus 3-4-unit buildings from this source alone. Stage activity is counted only when the stage date is in the APR reporting year."
Imperial Beach,2023,Building Permit,Single-family detached,0.0,reported,HCD APR Table A2,2023,2026-10-07,Jurisdiction,Housing units (count),"HCD UNIT_CAT uses SFD, SFA, 2-4, 5+, ADU, and MH. The 2-4 category cannot be defensibly split into duplex versus 3-4-unit buildings from this source alone. Stage activity is counted only when the stage date is in the APR reporting year."
Imperial Beach,2023,Building Permit,Unknown / not reported,0.0,reported,HCD APR Table A2,2023,2026-10-07,Jurisdiction,Housing units (count),"HCD UNIT_CAT uses SFD, SFA, 2-4, 5+, ADU, and MH. The 2-4 category cannot be defensibly split into duplex versus 3-4-unit buildings from this source alone. Stage activity is counted only when the stage date is in the APR reporting year."
Imperial Beach,2023,Completion,2-4 unit building (combined),6.0,reported,HCD APR Table A2,2023,2026-10-07,Jurisdiction,Housing units (count),"HCD UNIT_CAT uses SFD, SFA, 2-4, 5+, ADU, and MH. The 2-4 category cannot be defensibly split into duplex versus 3-4-unit buildings from this source alone. Stage activity is counted only when the stage date is in the APR reporting year."
Imperial Beach,2023,Completion,5+ unit building,0.0,reported,HCD APR Table A2,2023,2026-10-07,Jurisdiction,Housing units (count),"HCD UNIT_CAT uses SFD, SFA, 2-4, 5+, ADU, and MH. The 2-4 category cannot be defensibly split into duplex versus 3-4-unit buildings from this source alone. Stage activity is counted only when the stage date is in the APR reporting year."
Imperial Beach,2023,Completion,Accessory dwelling unit,25.0,reported,HCD APR Table A2,2023,2026-10-07,Jurisdiction,Housing units (count),"HCD UNIT_CAT uses SFD, SFA, 2-4, 5+, ADU, and MH. The 2-4 category cannot be defensibly split into duplex versus 3-4-unit buildings from this source alone. Stage activity is counted only when the stage date is in the APR reporting year."
Imperial Beach,2023,Completion,Mobile home / manufactured home,0.0,reported,HCD APR Table A2,2023,2026-10-07,Jurisdiction,Housing units (count),"HCD UNIT_CAT uses SFD, SFA, 2-4, 5+, ADU, and MH. The 2-4 category cannot be defensibly split into duplex versus 3-4-unit buildings from this source alone. Stage activity is counted only when the stage date is in the APR reporting year."
Imperial Beach,2023,Completion,Other / source-reported,0.0,reported,HCD APR Table A2,2023,2026-10-07,Jurisdiction,Housing units (count),"HCD UNIT_CAT uses SFD, SFA, 2-4, 5+, ADU, and MH. The 2-4 category cannot be defensibly split into duplex versus 3-4-unit buildings from this source alone. Stage activity is counted only when the stage date is in the APR reporting year."
Imperial Beach,2023,Completion,Single-family attached,0.0,reported,HCD APR Table A2,2023,2026-10-07,Jurisdiction,Housing units (count),"HCD UNIT_CAT uses SFD, SFA, 2-4, 5+, ADU, and MH. The 2-4 category cannot be defensibly split into duplex versus 3-4-unit buildings from this source alone. Stage activity is counted only when the stage date is in the APR reporting year."
Imperial Beach,2023,Completion,Single-family detached,0.0,reported,HCD APR Table A2,2023,2026-10-07,Jurisdiction,Housing units (count),"HCD UNIT_CAT uses SFD, SFA, 2-4, 5+, ADU, and MH. The 2-4 category cannot be defensibly split into duplex versus 3-4-unit buildings from this source alone. Stage activity is counted only when the stage date is in the APR reporting year."
Imperial Beach,2023,Completion,Unknown / not reported,0.0,reported,HCD APR Table A2,2023,2026-10-07,Jurisdiction,Housing units (count),"HCD UNIT_CAT uses SFD, SFA, 2-4, 5+, ADU, and MH. The 2-4 category cannot be defensibly split into duplex versus 3-4-unit buildings from this source alone. Stage activity is counted only when the stage date is in the APR reporting year."
Imperial Beach,2024,Building Permit,2-4 unit building (combined),2.0,reported,HCD APR Table A2,2024,2026-10-07,Jurisdiction,Housing units (count),"HCD UNIT_CAT uses SFD, SFA, 2-4, 5+, ADU, and MH. The 2-4 category cannot be defensibly split into duplex versus 3-4-unit buildings from this source alone. Stage activity is counted only when the stage date is in the APR reporting year."
Imperial Beach,2024,Building Permit,5+ unit building,0.0,reported,HCD APR Table A2,2024,2026-10-07,Jurisdiction,Housing units (count),"HCD UNIT_CAT uses SFD, SFA, 2-4, 5+, ADU, and MH. The 2-4 category cannot be defensibly split into duplex versus 3-4-unit buildings from this source alone. Stage activity is counted only when the stage date is in the APR reporting year."
Imperial Beach,2024,Building Permit,Accessory dwelling unit,24.0,reported,HCD APR Table A2,2024,2026-10-07,Jurisdiction,Housing units (count),"HCD UNIT_CAT uses SFD, SFA, 2-4, 5+, ADU, and MH. The 2-4 category cannot be defensibly split into duplex versus 3-4-unit buildings from this source alone. Stage activity is counted only when the stage date is in the APR reporting year."
Imperial Beach,2024,Building Permit,Mobile home / manufactured home,0.0,reported,HCD APR Table A2,2024,2026-10-07,Jurisdiction,Housing units (count),"HCD UNIT_CAT uses SFD, SFA, 2-4, 5+, ADU, and MH. The 2-4 category cannot be defensibly split into duplex versus 3-4-unit buildings from this source alone. Stage activity is counted only when the stage date is in the APR reporting year."
Imperial Beach,2024,Building Permit,Other / source-reported,0.0,reported,HCD APR Table A2,2024,2026-10-07,Jurisdiction,Housing units (count),"HCD UNIT_CAT uses SFD, SFA, 2-4, 5+, ADU, and MH. The 2-4 category cannot be defensibly split into duplex versus 3-4-unit buildings from this source alone. Stage activity is counted only when the stage date is in the APR reporting year."
Imperial Beach,2024,Building Permit,Single-family attached,0.0,reported,HCD APR Table A2,2024,2026-10-07,Jurisdiction,Housing units (count),"HCD UNIT_CAT uses SFD, SFA, 2-4, 5+, ADU, and MH. The 2-4 category cannot be defensibly split into duplex versus 3-4-unit buildings from this source alone. Stage activity is counted only when the stage date is in the APR reporting year."
Imperial Beach,2024,Building Permit,Single-family detached,3.0,reported,HCD APR Table A2,2024,2026-10-07,Jurisdiction,Housing units (count),"HCD UNIT_CAT uses SFD, SFA, 2-4, 5+, ADU, and MH. The 2-4 category cannot be defensibly split into duplex versus 3-4-unit buildings from this source alone. Stage activity is counted only when the stage date is in the APR reporting year."
Imperial Beach,2024,Building Permit,Unknown / not reported,0.0,reported,HCD APR Table A2,2024,2026-10-07,Jurisdiction,Housing units (count),"HCD UNIT_CAT uses SFD, SFA, 2-4, 5+, ADU, and MH. The 2-4 category cannot be defensibly split into duplex versus 3-4-unit buildings from this source alone. Stage activity is counted only when the stage date is in the APR reporting year."
Imperial Beach,2024,Completion,2-4 unit building (combined),6.0,reported,HCD APR Table A2,2024,2026-10-07,Jurisdiction,Housing units (count),"HCD UNIT_CAT uses SFD, SFA, 2-4, 5+, ADU, and MH. The 2-4 category cannot be defensibly split into duplex versus 3-4-unit buildings from this source alone. Stage activity is counted only when the stage date is in the APR reporting year."
Imperial Beach,2024,Completion,5+ unit building,0.0,reported,HCD APR Table A2,2024,2026-10-07,Jurisdiction,Housing units (count),"HCD UNIT_CAT uses SFD, SFA, 2-4, 5+, ADU, and MH. The 2-4 category cannot be defensibly split into duplex versus 3-4-unit buildings from this source alone. Stage activity is counted only when the stage date is in the APR reporting year."
Imperial Beach,2024,Completion,Accessory dwelling unit,16.0,reported,HCD APR Table A2,2024,2026-10-07,Jurisdiction,Housing units (count),"HCD UNIT_CAT uses SFD, SFA, 2-4, 5+, ADU, and MH. The 2-4 category cannot be defensibly split into duplex versus 3-4-unit buildings from this source alone. Stage activity is counted only when the stage date is in the APR reporting year."
Imperial Beach,2024,Completion,Mobile home / manufactured home,0.0,reported,HCD APR Table A2,2024,2026-10-07,Jurisdiction,Housing units (count),"HCD UNIT_CAT uses SFD, SFA, 2-4, 5+, ADU, and MH. The 2-4 category cannot be defensibly split into duplex versus 3-4-unit buildings from this source alone. Stage activity is counted only when the stage date is in the APR reporting year."
Imperial Beach,2024,Completion,Other / source-reported,0.0,reported,HCD APR Table A2,2024,2026-10-07,Jurisdiction,Housing units (count),"HCD UNIT_CAT uses SFD, SFA, 2-4, 5+, ADU, and MH. The 2-4 category cannot be defensibly split into duplex versus 3-4-unit buildings from this source alone. Stage activity is counted only when the stage date is in the APR reporting year."
Imperial Beach,2024,Completion,Single-family attached,0.0,reported,HCD APR Table A2,2024,2026-10-07,Jurisdiction,Housing units (count),"HCD UNIT_CAT uses SFD, SFA, 2-4, 5+, ADU, and MH. The 2-4 category cannot be defensibly split into duplex versus 3-4-unit buildings from this source alone. Stage activity is counted only when the stage date is in the APR reporting year."
Imperial Beach,2024,Completion,Single-family detached,7.0,reported,HCD APR Table A2,2024,2026-10-07,Jurisdiction,Housing units (count),"HCD UNIT_CAT uses SFD, SFA, 2-4, 5+, ADU, and MH. The 2-4 category cannot be defensibly split into duplex versus 3-4-unit buildings from this source alone. Stage activity is counted only when the stage date is in the APR reporting year."
Imperial Beach,2024,Completion,Unknown / not reported,0.0,reported,HCD APR Table A2,2024,2026-10-07,Jurisdiction,Housing units (count),"HCD UNIT_CAT uses SFD, SFA, 2-4, 5+, ADU, and MH. The 2-4 category cannot be defensibly split into duplex versus 3-4-unit buildings from this source alone. Stage activity is counted only when the stage date is in the APR reporting year."
Imperial Beach,2025,Building Permit,2-4 unit building (combined),14.0,reported,HCD APR Table A2,2025,2026-10-07,Jurisdiction,Housing units (count),"HCD UNIT_CAT uses SFD, SFA, 2-4, 5+, ADU, and MH. The 2-4 category cannot be defensibly split into duplex versus 3-4-unit buildings from this source alone. Stage activity is counted only when the stage date is in the APR reporting year."
Imperial Beach,2025,Building Permit,5+ unit building,0.0,reported,HCD APR Table A2,2025,2026-10-07,Jurisdiction,Housing units (count),"HCD UNIT_CAT uses SFD, SFA, 2-4, 5+, ADU, and MH. The 2-4 category cannot be defensibly split into duplex versus 3-4-unit buildings from this source alone. Stage activity is counted only when the stage date is in the APR reporting year."
Imperial Beach,2025,Building Permit,Accessory dwelling unit,56.0,reported,HCD APR Table A2,2025,2026-10-07,Jurisdiction,Housing units (count),"HCD UNIT_CAT uses SFD, SFA, 2-4, 5+, ADU, and MH. The 2-4 category cannot be defensibly split into duplex versus 3-4-unit buildings from this source alone. Stage activity is counted only when the stage date is in the APR reporting year."
Imperial Beach,2025,Building Permit,Mobile home / manufactured home,0.0,reported,HCD APR Table A2,2025,2026-10-07,Jurisdiction,Housing units (count),"HCD UNIT_CAT uses SFD, SFA, 2-4, 5+, ADU, and MH. The 2-4 category cannot be defensibly split into duplex versus 3-4-unit buildings from this source alone. Stage activity is counted only when the stage date is in the APR reporting year."
Imperial Beach,2025,Building Permit,Other / source-reported,0.0,reported,HCD APR Table A2,2025,2026-10-07,Jurisdiction,Housing units (count),"HCD UNIT_CAT uses SFD, SFA, 2-4, 5+, ADU, and MH. The 2-4 category cannot be defensibly split into duplex versus 3-4-unit buildings from this source alone. Stage activity is counted only when the stage date is in the APR reporting year."
Imperial Beach,2025,Building Permit,Single-family attached,0.0,reported,HCD APR Table A2,2025,2026-10-07,Jurisdiction,Housing units (count),"HCD UNIT_CAT uses SFD, SFA, 2-4, 5+, ADU, and MH. The 2-4 category cannot be defensibly split into duplex versus 3-4-unit buildings from this source alone. Stage activity is counted only when the stage date is in the APR reporting year."
Imperial Beach,2025,Building Permit,Single-family detached,1.0,reported,HCD APR Table A2,2025,2026-10-07,Jurisdiction,Housing units (count),"HCD UNIT_CAT uses SFD, SFA, 2-4, 5+, ADU, and MH. The 2-4 category cannot be defensibly split into duplex versus 3-4-unit buildings from this source alone. Stage activity is counted only when the stage date is in the APR reporting year."
Imperial Beach,2025,Building Permit,Unknown / not reported,0.0,reported,HCD APR Table A2,2025,2026-10-07,Jurisdiction,Housing units (count),"HCD UNIT_CAT uses SFD, SFA, 2-4, 5+, ADU, and MH. The 2-4 category cannot be defensibly split into duplex versus 3-4-unit buildings from this source alone. Stage activity is counted only when the stage date is in the APR reporting year."
Imperial Beach,2025,Completion,2-4 unit building (combined),4.0,reported,HCD APR Table A2,2025,2026-10-07,Jurisdiction,Housing units (count),"HCD UNIT_CAT uses SFD, SFA, 2-4, 5+, ADU, and MH. The 2-4 category cannot be defensibly split into duplex versus 3-4-unit buildings from this source alone. Stage activity is counted only when the stage date is in the APR reporting year."
Imperial Beach,2025,Completion,5+ unit building,0.0,reported,HCD APR Table A2,2025,2026-10-07,Jurisdiction,Housing units (count),"HCD UNIT_CAT uses SFD, SFA, 2-4, 5+, ADU, and MH. The 2-4 category cannot be defensibly split into duplex versus 3-4-unit buildings from this source alone. Stage activity is counted only when the stage date is in the APR reporting year."
Imperial Beach,2025,Completion,Accessory dwelling unit,8.0,reported,HCD APR Table A2,2025,2026-10-07,Jurisdiction,Housing units (count),"HCD UNIT_CAT uses SFD, SFA, 2-4, 5+, ADU, and MH. The 2-4 category cannot be defensibly split into duplex versus 3-4-unit buildings from this source alone. Stage activity is counted only when the stage date is in the APR reporting year."
Imperial Beach,2025,Completion,Mobile home / manufactured home,0.0,reported,HCD APR Table A2,2025,2026-10-07,Jurisdiction,Housing units (count),"HCD UNIT_CAT uses SFD, SFA, 2-4, 5+, ADU, and MH. The 2-4 category cannot be defensibly split into duplex versus 3-4-unit buildings from this source alone. Stage activity is counted only when the stage date is in the APR reporting year."
Imperial Beach,2025,Completion,Other / source-reported,0.0,reported,HCD APR Table A2,2025,2026-10-07,Jurisdiction,Housing units (count),"HCD UNIT_CAT uses SFD, SFA, 2-4, 5+, ADU, and MH. The 2-4 category cannot be defensibly split into duplex versus 3-4-unit buildings from this source alone. Stage activity is counted only when the stage date is in the APR reporting year."
Imperial Beach,2025,Completion,Single-family attached,0.0,reported,HCD APR Table A2,2025,2026-10-07,Jurisdiction,Housing units (count),"HCD UNIT_CAT uses SFD, SFA, 2-4, 5+, ADU, and MH. The 2-4 category cannot be defensibly split into duplex versus 3-4-unit buildings from this source alone. Stage activity is counted only when the stage date is in the APR reporting year."
Imperial Beach,2025,Completion,Single-family detached,1.0,reported,HCD APR Table A2,2025,2026-10-07,Jurisdiction,Housing units (count),"HCD UNIT_CAT uses SFD, SFA, 2-4, 5+, ADU, and MH. The 2-4 category cannot be defensibly split into duplex versus 3-4-unit buildings from this source alone. Stage activity is counted only when the stage date is in the APR reporting year."
Imperial Beach,2025,Completion,Unknown / not reported,0.0,reported,HCD APR Table A2,2025,2026-10-07,Jurisdiction,Housing units (count),"HCD UNIT_CAT uses SFD, SFA, 2-4, 5+, ADU, and MH. The 2-4 category cannot be defensibly split into duplex versus 3-4-unit buildings from this source alone. Stage activity is counted only when the stage date is in the APR reporting year."
La Mesa,2018,Building Permit,2-4 unit building (combined),0.0,reported,HCD APR Table A2,2018,2026-10-07,Jurisdiction,Housing units (count),"HCD UNIT_CAT uses SFD, SFA, 2-4, 5+, ADU, and MH. The 2-4 category cannot be defensibly split into duplex versus 3-4-unit buildings from this source alone. Stage activity is counted only when the stage date is in the APR reporting year."
La Mesa,2018,Building Permit,5+ unit building,101.0,reported,HCD APR Table A2,2018,2026-10-07,Jurisdiction,Housing units (count),"HCD UNIT_CAT uses SFD, SFA, 2-4, 5+, ADU, and MH. The 2-4 category cannot be defensibly split into duplex versus 3-4-unit buildings from this source alone. Stage activity is counted only when the stage date is in the APR reporting year."
La Mesa,2018,Building Permit,Accessory dwelling unit,19.0,reported,HCD APR Table A2,2018,2026-10-07,Jurisdiction,Housing units (count),"HCD UNIT_CAT uses SFD, SFA, 2-4, 5+, ADU, and MH. The 2-4 category cannot be defensibly split into duplex versus 3-4-unit buildings from this source alone. Stage activity is counted only when the stage date is in the APR reporting year."
La Mesa,2018,Building Permit,Mobile home / manufactured home,0.0,reported,HCD APR Table A2,2018,2026-10-07,Jurisdiction,Housing units (count),"HCD UNIT_CAT uses SFD, SFA, 2-4, 5+, ADU, and MH. The 2-4 category cannot be defensibly split into duplex versus 3-4-unit buildings from this source alone. Stage activity is counted only when the stage date is in the APR reporting year."
La Mesa,2018,Building Permit,Other / source-reported,0.0,reported,HCD APR Table A2,2018,2026-10-07,Jurisdiction,Housing units (count),"HCD UNIT_CAT uses SFD, SFA, 2-4, 5+, ADU, and MH. The 2-4 category cannot be defensibly split into duplex versus 3-4-unit buildings from this source alone. Stage activity is counted only when the stage date is in the APR reporting year."
La Mesa,2018,Building Permit,Single-family attached,0.0,reported,HCD APR Table A2,2018,2026-10-07,Jurisdiction,Housing units (count),"HCD UNIT_CAT uses SFD, SFA, 2-4, 5+, ADU, and MH. The 2-4 category cannot be defensibly split into duplex versus 3-4-unit buildings from this source alone. Stage activity is counted only when the stage date is in the APR reporting year."
La Mesa,2018,Building Permit,Single-family detached,2.0,reported,HCD APR Table A2,2018,2026-10-07,Jurisdiction,Housing units (count),"HCD UNIT_CAT uses SFD, SFA, 2-4, 5+, ADU, and MH. The 2-4 category cannot be defensibly split into duplex versus 3-4-unit buildings from this source alone. Stage activity is counted only when the stage date is in the APR reporting year."
La Mesa,2018,Building Permit,Unknown / not reported,0.0,reported,HCD APR Table A2,2018,2026-10-07,Jurisdiction,Housing units (count),"HCD UNIT_CAT uses SFD, SFA, 2-4, 5+, ADU, and MH. The 2-4 category cannot be defensibly split into duplex versus 3-4-unit buildings from this source alone. Stage activity is counted only when the stage date is in the APR reporting year."
La Mesa,2018,Completion,2-4 unit building (combined),0.0,reported,HCD APR Table A2,2018,2026-10-07,Jurisdiction,Housing units (count),"HCD UNIT_CAT uses SFD, SFA, 2-4, 5+, ADU, and MH. The 2-4 category cannot be defensibly split into duplex versus 3-4-unit buildings from this source alone. Stage activity is counted only when the stage date is in the APR reporting year."
La Mesa,2018,Completion,5+ unit building,12.0,reported,HCD APR Table A2,2018,2026-10-07,Jurisdiction,Housing units (count),"HCD UNIT_CAT uses SFD, SFA, 2-4, 5+, ADU, and MH. The 2-4 category cannot be defensibly split into duplex versus 3-4-unit buildings from this source alone. Stage activity is counted only when the stage date is in the APR reporting year."
La Mesa,2018,Completion,Accessory dwelling unit,11.0,reported,HCD APR Table A2,2018,2026-10-07,Jurisdiction,Housing units (count),"HCD UNIT_CAT uses SFD, SFA, 2-4, 5+, ADU, and MH. The 2-4 category cannot be defensibly split into duplex versus 3-4-unit buildings from this source alone. Stage activity is counted only when the stage date is in the APR reporting year."
La Mesa,2018,Completion,Mobile home / manufactured home,0.0,reported,HCD APR Table A2,2018,2026-10-07,Jurisdiction,Housing units (count),"HCD UNIT_CAT uses SFD, SFA, 2-4, 5+, ADU, and MH. The 2-4 category cannot be defensibly split into duplex versus 3-4-unit buildings from this source alone. Stage activity is counted only when the stage date is in the APR reporting year."
La Mesa,2018,Completion,Other / source-reported,0.0,reported,HCD APR Table A2,2018,2026-10-07,Jurisdiction,Housing units (count),"HCD UNIT_CAT uses SFD, SFA, 2-4, 5+, ADU, and MH. The 2-4 category cannot be defensibly split into duplex versus 3-4-unit buildings from this source alone. Stage activity is counted only when the stage date is in the APR reporting year."
La Mesa,2018,Completion,Single-family attached,0.0,reported,HCD APR Table A2,2018,2026-10-07,Jurisdiction,Housing units (count),"HCD UNIT_CAT uses SFD, SFA, 2-4, 5+, ADU, and MH. The 2-4 category cannot be defensibly split into duplex versus 3-4-unit buildings from this source alone. Stage activity is counted only when the stage date is in the APR reporting year."
La Mesa,2018,Completion,Single-family detached,6.0,reported,HCD APR Table A2,2018,2026-10-07,Jurisdiction,Housing units (count),"HCD UNIT_CAT uses SFD, SFA, 2-4, 5+, ADU, and MH. The 2-4 category cannot be defensibly split into duplex versus 3-4-unit buildings from this source alone. Stage activity is counted only when the stage date is in the APR reporting year."
La Mesa,2018,Completion,Unknown / not reported,0.0,reported,HCD APR Table A2,2018,2026-10-07,Jurisdiction,Housing units (count),"HCD UNIT_CAT uses SFD, SFA, 2-4, 5+, ADU, and MH. The 2-4 category cannot be defensibly split into duplex versus 3-4-unit buildings from this source alone. Stage activity is counted only when the stage date is in the APR reporting year."
La Mesa,2019,Building Permit,2-4 unit building (combined),0.0,reported,HCD APR Table A2,2019,2026-10-07,Jurisdiction,Housing units (count),"HCD UNIT_CAT uses SFD, SFA, 2-4, 5+, ADU, and MH. The 2-4 category cannot be defensibly split into duplex versus 3-4-unit buildings from this source alone. Stage activity is counted only when the stage date is in the APR reporting year."
La Mesa,2019,Building Permit,5+ unit building,144.0,reported,HCD APR Table A2,2019,2026-10-07,Jurisdiction,Housing units (count),"HCD UNIT_CAT uses SFD, SFA, 2-4, 5+, ADU, and MH. The 2-4 category cannot be defensibly split into duplex versus 3-4-unit buildings from this source alone. Stage activity is counted only when the stage date is in the APR reporting year."
La Mesa,2019,Building Permit,Accessory dwelling unit,35.0,reported,HCD APR Table A2,2019,2026-10-07,Jurisdiction,Housing units (count),"HCD UNIT_CAT uses SFD, SFA, 2-4, 5+, ADU, and MH. The 2-4 category cannot be defensibly split into duplex versus 3-4-unit buildings from this source alone. Stage activity is counted only when the stage date is in the APR reporting year."
La Mesa,2019,Building Permit,Mobile home / manufactured home,0.0,reported,HCD APR Table A2,2019,2026-10-07,Jurisdiction,Housing units (count),"HCD UNIT_CAT uses SFD, SFA, 2-4, 5+, ADU, and MH. The 2-4 category cannot be defensibly split into duplex versus 3-4-unit buildings from this source alone. Stage activity is counted only when the stage date is in the APR reporting year."
La Mesa,2019,Building Permit,Other / source-reported,0.0,reported,HCD APR Table A2,2019,2026-10-07,Jurisdiction,Housing units (count),"HCD UNIT_CAT uses SFD, SFA, 2-4, 5+, ADU, and MH. The 2-4 category cannot be defensibly split into duplex versus 3-4-unit buildings from this source alone. Stage activity is counted only when the stage date is in the APR reporting year."
La Mesa,2019,Building Permit,Single-family attached,0.0,reported,HCD APR Table A2,2019,2026-10-07,Jurisdiction,Housing units (count),"HCD UNIT_CAT uses SFD, SFA, 2-4, 5+, ADU, and MH. The 2-4 category cannot be defensibly split into duplex versus 3-4-unit buildings from this source alone. Stage activity is counted only when the stage date is in the APR reporting year."
La Mesa,2019,Building Permit,Single-family detached,2.0,reported,HCD APR Table A2,2019,2026-10-07,Jurisdiction,Housing units (count),"HCD UNIT_CAT uses SFD, SFA, 2-4, 5+, ADU, and MH. The 2-4 category cannot be defensibly split into duplex versus 3-4-unit buildings from this source alone. Stage activity is counted only when the stage date is in the APR reporting year."
La Mesa,2019,Building Permit,Unknown / not reported,0.0,reported,HCD APR Table A2,2019,2026-10-07,Jurisdiction,Housing units (count),"HCD UNIT_CAT uses SFD, SFA, 2-4, 5+, ADU, and MH. The 2-4 category cannot be defensibly split into duplex versus 3-4-unit buildings from this source alone. Stage activity is counted only when the stage date is in the APR reporting year."
La Mesa,2019,Completion,2-4 unit building (combined),0.0,reported,HCD APR Table A2,2019,2026-10-07,Jurisdiction,Housing units (count),"HCD UNIT_CAT uses SFD, SFA, 2-4, 5+, ADU, and MH. The 2-4 category cannot be defensibly split into duplex versus 3-4-unit buildings from this source alone. Stage activity is counted only when the stage date is in the APR reporting year."
La Mesa,2019,Completion,5+ unit building,43.0,reported,HCD APR Table A2,2019,2026-10-07,Jurisdiction,Housing units (count),"HCD UNIT_CAT uses SFD, SFA, 2-4, 5+, ADU, and MH. The 2-4 category cannot be defensibly split into duplex versus 3-4-unit buildings from this source alone. Stage activity is counted only when the stage date is in the APR reporting year."
La Mesa,2019,Completion,Accessory dwelling unit,13.0,reported,HCD APR Table A2,2019,2026-10-07,Jurisdiction,Housing units (count),"HCD UNIT_CAT uses SFD, SFA, 2-4, 5+, ADU, and MH. The 2-4 category cannot be defensibly split into duplex versus 3-4-unit buildings from this source alone. Stage activity is counted only when the stage date is in the APR reporting year."
La Mesa,2019,Completion,Mobile home / manufactured home,0.0,reported,HCD APR Table A2,2019,2026-10-07,Jurisdiction,Housing units (count),"HCD UNIT_CAT uses SFD, SFA, 2-4, 5+, ADU, and MH. The 2-4 category cannot be defensibly split into duplex versus 3-4-unit buildings from this source alone. Stage activity is counted only when the stage date is in the APR reporting year."
La Mesa,2019,Completion,Other / source-reported,0.0,reported,HCD APR Table A2,2019,2026-10-07,Jurisdiction,Housing units (count),"HCD UNIT_CAT uses SFD, SFA, 2-4, 5+, ADU, and MH. The 2-4 category cannot be defensibly split into duplex versus 3-4-unit buildings from this source alone. Stage activity is counted only when the stage date is in the APR reporting year."
La Mesa,2019,Completion,Single-family attached,0.0,reported,HCD APR Table A2,2019,2026-10-07,Jurisdiction,Housing units (count),"HCD UNIT_CAT uses SFD, SFA, 2-4, 5+, ADU, and MH. The 2-4 category cannot be defensibly split into duplex versus 3-4-unit buildings from this source alone. Stage activity is counted only when the stage date is in the APR reporting year."
La Mesa,2019,Completion,Single-family detached,3.0,reported,HCD APR Table A2,2019,2026-10-07,Jurisdiction,Housing units (count),"HCD UNIT_CAT uses SFD, SFA, 2-4, 5+, ADU, and MH. The 2-4 category cannot be defensibly split into duplex versus 3-4-unit buildings from this source alone. Stage activity is counted only when the stage date is in the APR reporting year."
La Mesa,2019,Completion,Unknown / not reported,0.0,reported,HCD APR Table A2,2019,2026-10-07,Jurisdiction,Housing units (count),"HCD UNIT_CAT uses SFD, SFA, 2-4, 5+, ADU, and MH. The 2-4 category cannot be defensibly split into duplex versus 3-4-unit buildings from this source alone. Stage activity is counted only when the stage date is in the APR reporting year."
La Mesa,2020,Building Permit,2-4 unit building (combined),0.0,reported,HCD APR Table A2,2020,2026-10-07,Jurisdiction,Housing units (count),"HCD UNIT_CAT uses SFD, SFA, 2-4, 5+, ADU, and MH. The 2-4 category cannot be defensibly split into duplex versus 3-4-unit buildings from this source alone. Stage activity is counted only when the stage date is in the APR reporting year."
La Mesa,2020,Building Permit,5+ unit building,230.0,reported,HCD APR Table A2,2020,2026-10-07,Jurisdiction,Housing units (count),"HCD UNIT_CAT uses SFD, SFA, 2-4, 5+, ADU, and MH. The 2-4 category cannot be defensibly split into duplex versus 3-4-unit buildings from this source alone. Stage activity is counted only when the stage date is in the APR reporting year."
La Mesa,2020,Building Permit,Accessory dwelling unit,46.0,reported,HCD APR Table A2,2020,2026-10-07,Jurisdiction,Housing units (count),"HCD UNIT_CAT uses SFD, SFA, 2-4, 5+, ADU, and MH. The 2-4 category cannot be defensibly split into duplex versus 3-4-unit buildings from this source alone. Stage activity is counted only when the stage date is in the APR reporting year."
La Mesa,2020,Building Permit,Mobile home / manufactured home,0.0,reported,HCD APR Table A2,2020,2026-10-07,Jurisdiction,Housing units (count),"HCD UNIT_CAT uses SFD, SFA, 2-4, 5+, ADU, and MH. The 2-4 category cannot be defensibly split into duplex versus 3-4-unit buildings from this source alone. Stage activity is counted only when the stage date is in the APR reporting year."
La Mesa,2020,Building Permit,Other / source-reported,0.0,reported,HCD APR Table A2,2020,2026-10-07,Jurisdiction,Housing units (count),"HCD UNIT_CAT uses SFD, SFA, 2-4, 5+, ADU, and MH. The 2-4 category cannot be defensibly split into duplex versus 3-4-unit buildings from this source alone. Stage activity is counted only when the stage date is in the APR reporting year."
La Mesa,2020,Building Permit,Single-family attached,0.0,reported,HCD APR Table A2,2020,2026-10-07,Jurisdiction,Housing units (count),"HCD UNIT_CAT uses SFD, SFA, 2-4, 5+, ADU, and MH. The 2-4 category cannot be defensibly split into duplex versus 3-4-unit buildings from this source alone. Stage activity is counted only when the stage date is in the APR reporting year."
La Mesa,2020,Building Permit,Single-family detached,4.0,reported,HCD APR Table A2,2020,2026-10-07,Jurisdiction,Housing units (count),"HCD UNIT_CAT uses SFD, SFA, 2-4, 5+, ADU, and MH. The 2-4 category cannot be defensibly split into duplex versus 3-4-unit buildings from this source alone. Stage activity is counted only when the stage date is in the APR reporting year."
La Mesa,2020,Building Permit,Unknown / not reported,0.0,reported,HCD APR Table A2,2020,2026-10-07,Jurisdiction,Housing units (count),"HCD UNIT_CAT uses SFD, SFA, 2-4, 5+, ADU, and MH. The 2-4 category cannot be defensibly split into duplex versus 3-4-unit buildings from this source alone. Stage activity is counted only when the stage date is in the APR reporting year."
La Mesa,2020,Completion,2-4 unit building (combined),6.0,reported,HCD APR Table A2,2020,2026-10-07,Jurisdiction,Housing units (count),"HCD UNIT_CAT uses SFD, SFA, 2-4, 5+, ADU, and MH. The 2-4 category cannot be defensibly split into duplex versus 3-4-unit buildings from this source alone. Stage activity is counted only when the stage date is in the APR reporting year."
La Mesa,2020,Completion,5+ unit building,66.0,reported,HCD APR Table A2,2020,2026-10-07,Jurisdiction,Housing units (count),"HCD UNIT_CAT uses SFD, SFA, 2-4, 5+, ADU, and MH. The 2-4 category cannot be defensibly split into duplex versus 3-4-unit buildings from this source alone. Stage activity is counted only when the stage date is in the APR reporting year."
La Mesa,2020,Completion,Accessory dwelling unit,28.0,reported,HCD APR Table A2,2020,2026-10-07,Jurisdiction,Housing units (count),"HCD UNIT_CAT uses SFD, SFA, 2-4, 5+, ADU, and MH. The 2-4 category cannot be defensibly split into duplex versus 3-4-unit buildings from this source alone. Stage activity is counted only when the stage date is in the APR reporting year."
La Mesa,2020,Completion,Mobile home / manufactured home,0.0,reported,HCD APR Table A2,2020,2026-10-07,Jurisdiction,Housing units (count),"HCD UNIT_CAT uses SFD, SFA, 2-4, 5+, ADU, and MH. The 2-4 category cannot be defensibly split into duplex versus 3-4-unit buildings from this source alone. Stage activity is counted only when the stage date is in the APR reporting year."
La Mesa,2020,Completion,Other / source-reported,0.0,reported,HCD APR Table A2,2020,2026-10-07,Jurisdiction,Housing units (count),"HCD UNIT_CAT uses SFD, SFA, 2-4, 5+, ADU, and MH. The 2-4 category cannot be defensibly split into duplex versus 3-4-unit buildings from this source alone. Stage activity is counted only when the stage date is in the APR reporting year."
La Mesa,2020,Completion,Single-family attached,0.0,reported,HCD APR Table A2,2020,2026-10-07,Jurisdiction,Housing units (count),"HCD UNIT_CAT uses SFD, SFA, 2-4, 5+, ADU, and MH. The 2-4 category cannot be defensibly split into duplex versus 3-4-unit buildings from this source alone. Stage activity is counted only when the stage date is in the APR reporting year."
La Mesa,2020,Completion,Single-family detached,4.0,reported,HCD APR Table A2,2020,2026-10-07,Jurisdiction,Housing units (count),"HCD UNIT_CAT uses SFD, SFA, 2-4, 5+, ADU, and MH. The 2-4 category cannot be defensibly split into duplex versus 3-4-unit buildings from this source alone. Stage activity is counted only when the stage date is in the APR reporting year."
La Mesa,2020,Completion,Unknown / not reported,0.0,reported,HCD APR Table A2,2020,2026-10-07,Jurisdiction,Housing units (count),"HCD UNIT_CAT uses SFD, SFA, 2-4, 5+, ADU, and MH. The 2-4 category cannot be defensibly split into duplex versus 3-4-unit buildings from this source alone. Stage activity is counted only when the stage date is in the APR reporting year."
La Mesa,2021,Building Permit,2-4 unit building (combined),0.0,reported,HCD APR Table A2,2021,2026-10-07,Jurisdiction,Housing units (count),"HCD UNIT_CAT uses SFD, SFA, 2-4, 5+, ADU, and MH. The 2-4 category cannot be defensibly split into duplex versus 3-4-unit buildings from this source alone. Stage activity is counted only when the stage date is in the APR reporting year."
La Mesa,2021,Building Permit,5+ unit building,74.0,reported,HCD APR Table A2,2021,2026-10-07,Jurisdiction,Housing units (count),"HCD UNIT_CAT uses SFD, SFA, 2-4, 5+, ADU, and MH. The 2-4 category cannot be defensibly split into duplex versus 3-4-unit buildings from this source alone. Stage activity is counted only when the stage date is in the APR reporting year."
La Mesa,2021,Building Permit,Accessory dwelling unit,65.0,reported,HCD APR Table A2,2021,2026-10-07,Jurisdiction,Housing units (count),"HCD UNIT_CAT uses SFD, SFA, 2-4, 5+, ADU, and MH. The 2-4 category cannot be defensibly split into duplex versus 3-4-unit buildings from this source alone. Stage activity is counted only when the stage date is in the APR reporting year."
La Mesa,2021,Building Permit,Mobile home / manufactured home,0.0,reported,HCD APR Table A2,2021,2026-10-07,Jurisdiction,Housing units (count),"HCD UNIT_CAT uses SFD, SFA, 2-4, 5+, ADU, and MH. The 2-4 category cannot be defensibly split into duplex versus 3-4-unit buildings from this source alone. Stage activity is counted only when the stage date is in the APR reporting year."
La Mesa,2021,Building Permit,Other / source-reported,0.0,reported,HCD APR Table A2,2021,2026-10-07,Jurisdiction,Housing units (count),"HCD UNIT_CAT uses SFD, SFA, 2-4, 5+, ADU, and MH. The 2-4 category cannot be defensibly split into duplex versus 3-4-unit buildings from this source alone. Stage activity is counted only when the stage date is in the APR reporting year."
La Mesa,2021,Building Permit,Single-family attached,0.0,reported,HCD APR Table A2,2021,2026-10-07,Jurisdiction,Housing units (count),"HCD UNIT_CAT uses SFD, SFA, 2-4, 5+, ADU, and MH. The 2-4 category cannot be defensibly split into duplex versus 3-4-unit buildings from this source alone. Stage activity is counted only when the stage date is in the APR reporting year."
La Mesa,2021,Building Permit,Single-family detached,2.0,reported,HCD APR Table A2,2021,2026-10-07,Jurisdiction,Housing units (count),"HCD UNIT_CAT uses SFD, SFA, 2-4, 5+, ADU, and MH. The 2-4 category cannot be defensibly split into duplex versus 3-4-unit buildings from this source alone. Stage activity is counted only when the stage date is in the APR reporting year."
La Mesa,2021,Building Permit,Unknown / not reported,0.0,reported,HCD APR Table A2,2021,2026-10-07,Jurisdiction,Housing units (count),"HCD UNIT_CAT uses SFD, SFA, 2-4, 5+, ADU, and MH. The 2-4 category cannot be defensibly split into duplex versus 3-4-unit buildings from this source alone. Stage activity is counted only when the stage date is in the APR reporting year."
La Mesa,2021,Completion,2-4 unit building (combined),0.0,reported,HCD APR Table A2,2021,2026-10-07,Jurisdiction,Housing units (count),"HCD UNIT_CAT uses SFD, SFA, 2-4, 5+, ADU, and MH. The 2-4 category cannot be defensibly split into duplex versus 3-4-unit buildings from this source alone. Stage activity is counted only when the stage date is in the APR reporting year."
La Mesa,2021,Completion,5+ unit building,143.0,reported,HCD APR Table A2,2021,2026-10-07,Jurisdiction,Housing units (count),"HCD UNIT_CAT uses SFD, SFA, 2-4, 5+, ADU, and MH. The 2-4 category cannot be defensibly split into duplex versus 3-4-unit buildings from this source alone. Stage activity is counted only when the stage date is in the APR reporting year."
La Mesa,2021,Completion,Accessory dwelling unit,39.0,reported,HCD APR Table A2,2021,2026-10-07,Jurisdiction,Housing units (count),"HCD UNIT_CAT uses SFD, SFA, 2-4, 5+, ADU, and MH. The 2-4 category cannot be defensibly split into duplex versus 3-4-unit buildings from this source alone. Stage activity is counted only when the stage date is in the APR reporting year."
La Mesa,2021,Completion,Mobile home / manufactured home,0.0,reported,HCD APR Table A2,2021,2026-10-07,Jurisdiction,Housing units (count),"HCD UNIT_CAT uses SFD, SFA, 2-4, 5+, ADU, and MH. The 2-4 category cannot be defensibly split into duplex versus 3-4-unit buildings from this source alone. Stage activity is counted only when the stage date is in the APR reporting year."
La Mesa,2021,Completion,Other / source-reported,0.0,reported,HCD APR Table A2,2021,2026-10-07,Jurisdiction,Housing units (count),"HCD UNIT_CAT uses SFD, SFA, 2-4, 5+, ADU, and MH. The 2-4 category cannot be defensibly split into duplex versus 3-4-unit buildings from this source alone. Stage activity is counted only when the stage date is in the APR reporting year."
La Mesa,2021,Completion,Single-family attached,0.0,reported,HCD APR Table A2,2021,2026-10-07,Jurisdiction,Housing units (count),"HCD UNIT_CAT uses SFD, SFA, 2-4, 5+, ADU, and MH. The 2-4 category cannot be defensibly split into duplex versus 3-4-unit buildings from this source alone. Stage activity is counted only when the stage date is in the APR reporting year."
La Mesa,2021,Completion,Single-family detached,5.0,reported,HCD APR Table A2,2021,2026-10-07,Jurisdiction,Housing units (count),"HCD UNIT_CAT uses SFD, SFA, 2-4, 5+, ADU, and MH. The 2-4 category cannot be defensibly split into duplex versus 3-4-unit buildings from this source alone. Stage activity is counted only when the stage date is in the APR reporting year."
La Mesa,2021,Completion,Unknown / not reported,0.0,reported,HCD APR Table A2,2021,2026-10-07,Jurisdiction,Housing units (count),"HCD UNIT_CAT uses SFD, SFA, 2-4, 5+, ADU, and MH. The 2-4 category cannot be defensibly split into duplex versus 3-4-unit buildings from this source alone. Stage activity is counted only when the stage date is in the APR reporting year."
La Mesa,2022,Building Permit,2-4 unit building (combined),8.0,reported,HCD APR Table A2,2022,2026-10-07,Jurisdiction,Housing units (count),"HCD UNIT_CAT uses SFD, SFA, 2-4, 5+, ADU, and MH. The 2-4 category cannot be defensibly split into duplex versus 3-4-unit buildings from this source alone. Stage activity is counted only when the stage date is in the APR reporting year."
La Mesa,2022,Building Permit,5+ unit building,183.0,reported,HCD APR Table A2,2022,2026-10-07,Jurisdiction,Housing units (count),"HCD UNIT_CAT uses SFD, SFA, 2-4, 5+, ADU, and MH. The 2-4 category cannot be defensibly split into duplex versus 3-4-unit buildings from this source alone. Stage activity is counted only when the stage date is in the APR reporting year."
La Mesa,2022,Building Permit,Accessory dwelling unit,62.0,reported,HCD APR Table A2,2022,2026-10-07,Jurisdiction,Housing units (count),"HCD UNIT_CAT uses SFD, SFA, 2-4, 5+, ADU, and MH. The 2-4 category cannot be defensibly split into duplex versus 3-4-unit buildings from this source alone. Stage activity is counted only when the stage date is in the APR reporting year."
La Mesa,2022,Building Permit,Mobile home / manufactured home,0.0,reported,HCD APR Table A2,2022,2026-10-07,Jurisdiction,Housing units (count),"HCD UNIT_CAT uses SFD, SFA, 2-4, 5+, ADU, and MH. The 2-4 category cannot be defensibly split into duplex versus 3-4-unit buildings from this source alone. Stage activity is counted only when the stage date is in the APR reporting year."
La Mesa,2022,Building Permit,Other / source-reported,0.0,reported,HCD APR Table A2,2022,2026-10-07,Jurisdiction,Housing units (count),"HCD UNIT_CAT uses SFD, SFA, 2-4, 5+, ADU, and MH. The 2-4 category cannot be defensibly split into duplex versus 3-4-unit buildings from this source alone. Stage activity is counted only when the stage date is in the APR reporting year."
La Mesa,2022,Building Permit,Single-family attached,2.0,reported,HCD APR Table A2,2022,2026-10-07,Jurisdiction,Housing units (count),"HCD UNIT_CAT uses SFD, SFA, 2-4, 5+, ADU, and MH. The 2-4 category cannot be defensibly split into duplex versus 3-4-unit buildings from this source alone. Stage activity is counted only when the stage date is in the APR reporting year."
La Mesa,2022,Building Permit,Single-family detached,3.0,reported,HCD APR Table A2,2022,2026-10-07,Jurisdiction,Housing units (count),"HCD UNIT_CAT uses SFD, SFA, 2-4, 5+, ADU, and MH. The 2-4 category cannot be defensibly split into duplex versus 3-4-unit buildings from this source alone. Stage activity is counted only when the stage date is in the APR reporting year."
La Mesa,2022,Building Permit,Unknown / not reported,0.0,reported,HCD APR Table A2,2022,2026-10-07,Jurisdiction,Housing units (count),"HCD UNIT_CAT uses SFD, SFA, 2-4, 5+, ADU, and MH. The 2-4 category cannot be defensibly split into duplex versus 3-4-unit buildings from this source alone. Stage activity is counted only when the stage date is in the APR reporting year."
La Mesa,2022,Completion,2-4 unit building (combined),0.0,reported,HCD APR Table A2,2022,2026-10-07,Jurisdiction,Housing units (count),"HCD UNIT_CAT uses SFD, SFA, 2-4, 5+, ADU, and MH. The 2-4 category cannot be defensibly split into duplex versus 3-4-unit buildings from this source alone. Stage activity is counted only when the stage date is in the APR reporting year."
La Mesa,2022,Completion,5+ unit building,0.0,reported,HCD APR Table A2,2022,2026-10-07,Jurisdiction,Housing units (count),"HCD UNIT_CAT uses SFD, SFA, 2-4, 5+, ADU, and MH. The 2-4 category cannot be defensibly split into duplex versus 3-4-unit buildings from this source alone. Stage activity is counted only when the stage date is in the APR reporting year."
La Mesa,2022,Completion,Accessory dwelling unit,39.0,reported,HCD APR Table A2,2022,2026-10-07,Jurisdiction,Housing units (count),"HCD UNIT_CAT uses SFD, SFA, 2-4, 5+, ADU, and MH. The 2-4 category cannot be defensibly split into duplex versus 3-4-unit buildings from this source alone. Stage activity is counted only when the stage date is in the APR reporting year."
La Mesa,2022,Completion,Mobile home / manufactured home,0.0,reported,HCD APR Table A2,2022,2026-10-07,Jurisdiction,Housing units (count),"HCD UNIT_CAT uses SFD, SFA, 2-4, 5+, ADU, and MH. The 2-4 category cannot be defensibly split into duplex versus 3-4-unit buildings from this source alone. Stage activity is counted only when the stage date is in the APR reporting year."
La Mesa,2022,Completion,Other / source-reported,0.0,reported,HCD APR Table A2,2022,2026-10-07,Jurisdiction,Housing units (count),"HCD UNIT_CAT uses SFD, SFA, 2-4, 5+, ADU, and MH. The 2-4 category cannot be defensibly split into duplex versus 3-4-unit buildings from this source alone. Stage activity is counted only when the stage date is in the APR reporting year."
La Mesa,2022,Completion,Single-family attached,0.0,reported,HCD APR Table A2,2022,2026-10-07,Jurisdiction,Housing units (count),"HCD UNIT_CAT uses SFD, SFA, 2-4, 5+, ADU, and MH. The 2-4 category cannot be defensibly split into duplex versus 3-4-unit buildings from this source alone. Stage activity is counted only when the stage date is in the APR reporting year."
La Mesa,2022,Completion,Single-family detached,1.0,reported,HCD APR Table A2,2022,2026-10-07,Jurisdiction,Housing units (count),"HCD UNIT_CAT uses SFD, SFA, 2-4, 5+, ADU, and MH. The 2-4 category cannot be defensibly split into duplex versus 3-4-unit buildings from this source alone. Stage activity is counted only when the stage date is in the APR reporting year."
La Mesa,2022,Completion,Unknown / not reported,0.0,reported,HCD APR Table A2,2022,2026-10-07,Jurisdiction,Housing units (count),"HCD UNIT_CAT uses SFD, SFA, 2-4, 5+, ADU, and MH. The 2-4 category cannot be defensibly split into duplex versus 3-4-unit buildings from this source alone. Stage activity is counted only when the stage date is in the APR reporting year."
La Mesa,2023,Building Permit,2-4 unit building (combined),0.0,reported,HCD APR Table A2,2023,2026-10-07,Jurisdiction,Housing units (count),"HCD UNIT_CAT uses SFD, SFA, 2-4, 5+, ADU, and MH. The 2-4 category cannot be defensibly split into duplex versus 3-4-unit buildings from this source alone. Stage activity is counted only when the stage date is in the APR reporting year."
La Mesa,2023,Building Permit,5+ unit building,82.0,reported,HCD APR Table A2,2023,2026-10-07,Jurisdiction,Housing units (count),"HCD UNIT_CAT uses SFD, SFA, 2-4, 5+, ADU, and MH. The 2-4 category cannot be defensibly split into duplex versus 3-4-unit buildings from this source alone. Stage activity is counted only when the stage date is in the APR reporting year."
La Mesa,2023,Building Permit,Accessory dwelling unit,99.0,reported,HCD APR Table A2,2023,2026-10-07,Jurisdiction,Housing units (count),"HCD UNIT_CAT uses SFD, SFA, 2-4, 5+, ADU, and MH. The 2-4 category cannot be defensibly split into duplex versus 3-4-unit buildings from this source alone. Stage activity is counted only when the stage date is in the APR reporting year."
La Mesa,2023,Building Permit,Mobile home / manufactured home,0.0,reported,HCD APR Table A2,2023,2026-10-07,Jurisdiction,Housing units (count),"HCD UNIT_CAT uses SFD, SFA, 2-4, 5+, ADU, and MH. The 2-4 category cannot be defensibly split into duplex versus 3-4-unit buildings from this source alone. Stage activity is counted only when the stage date is in the APR reporting year."
La Mesa,2023,Building Permit,Other / source-reported,0.0,reported,HCD APR Table A2,2023,2026-10-07,Jurisdiction,Housing units (count),"HCD UNIT_CAT uses SFD, SFA, 2-4, 5+, ADU, and MH. The 2-4 category cannot be defensibly split into duplex versus 3-4-unit buildings from this source alone. Stage activity is counted only when the stage date is in the APR reporting year."
La Mesa,2023,Building Permit,Single-family attached,0.0,reported,HCD APR Table A2,2023,2026-10-07,Jurisdiction,Housing units (count),"HCD UNIT_CAT uses SFD, SFA, 2-4, 5+, ADU, and MH. The 2-4 category cannot be defensibly split into duplex versus 3-4-unit buildings from this source alone. Stage activity is counted only when the stage date is in the APR reporting year."
La Mesa,2023,Building Permit,Single-family detached,36.0,reported,HCD APR Table A2,2023,2026-10-07,Jurisdiction,Housing units (count),"HCD UNIT_CAT uses SFD, SFA, 2-4, 5+, ADU, and MH. The 2-4 category cannot be defensibly split into duplex versus 3-4-unit buildings from this source alone. Stage activity is counted only when the stage date is in the APR reporting year."
La Mesa,2023,Building Permit,Unknown / not reported,0.0,reported,HCD APR Table A2,2023,2026-10-07,Jurisdiction,Housing units (count),"HCD UNIT_CAT uses SFD, SFA, 2-4, 5+, ADU, and MH. The 2-4 category cannot be defensibly split into duplex versus 3-4-unit buildings from this source alone. Stage activity is counted only when the stage date is in the APR reporting year."
La Mesa,2023,Completion,2-4 unit building (combined),8.0,reported,HCD APR Table A2,2023,2026-10-07,Jurisdiction,Housing units (count),"HCD UNIT_CAT uses SFD, SFA, 2-4, 5+, ADU, and MH. The 2-4 category cannot be defensibly split into duplex versus 3-4-unit buildings from this source alone. Stage activity is counted only when the stage date is in the APR reporting year."
La Mesa,2023,Completion,5+ unit building,86.0,reported,HCD APR Table A2,2023,2026-10-07,Jurisdiction,Housing units (count),"HCD UNIT_CAT uses SFD, SFA, 2-4, 5+, ADU, and MH. The 2-4 category cannot be defensibly split into duplex versus 3-4-unit buildings from this source alone. Stage activity is counted only when the stage date is in the APR reporting year."
La Mesa,2023,Completion,Accessory dwelling unit,46.0,reported,HCD APR Table A2,2023,2026-10-07,Jurisdiction,Housing units (count),"HCD UNIT_CAT uses SFD, SFA, 2-4, 5+, ADU, and MH. The 2-4 category cannot be defensibly split into duplex versus 3-4-unit buildings from this source alone. Stage activity is counted only when the stage date is in the APR reporting year."
La Mesa,2023,Completion,Mobile home / manufactured home,0.0,reported,HCD APR Table A2,2023,2026-10-07,Jurisdiction,Housing units (count),"HCD UNIT_CAT uses SFD, SFA, 2-4, 5+, ADU, and MH. The 2-4 category cannot be defensibly split into duplex versus 3-4-unit buildings from this source alone. Stage activity is counted only when the stage date is in the APR reporting year."
La Mesa,2023,Completion,Other / source-reported,0.0,reported,HCD APR Table A2,2023,2026-10-07,Jurisdiction,Housing units (count),"HCD UNIT_CAT uses SFD, SFA, 2-4, 5+, ADU, and MH. The 2-4 category cannot be defensibly split into duplex versus 3-4-unit buildings from this source alone. Stage activity is counted only when the stage date is in the APR reporting year."
La Mesa,2023,Completion,Single-family attached,1.0,reported,HCD APR Table A2,2023,2026-10-07,Jurisdiction,Housing units (count),"HCD UNIT_CAT uses SFD, SFA, 2-4, 5+, ADU, and MH. The 2-4 category cannot be defensibly split into duplex versus 3-4-unit buildings from this source alone. Stage activity is counted only when the stage date is in the APR reporting year."
La Mesa,2023,Completion,Single-family detached,1.0,reported,HCD APR Table A2,2023,2026-10-07,Jurisdiction,Housing units (count),"HCD UNIT_CAT uses SFD, SFA, 2-4, 5+, ADU, and MH. The 2-4 category cannot be defensibly split into duplex versus 3-4-unit buildings from this source alone. Stage activity is counted only when the stage date is in the APR reporting year."
La Mesa,2023,Completion,Unknown / not reported,0.0,reported,HCD APR Table A2,2023,2026-10-07,Jurisdiction,Housing units (count),"HCD UNIT_CAT uses SFD, SFA, 2-4, 5+, ADU, and MH. The 2-4 category cannot be defensibly split into duplex versus 3-4-unit buildings from this source alone. Stage activity is counted only when the stage date is in the APR reporting year."
La Mesa,2024,Building Permit,2-4 unit building (combined),0.0,reported,HCD APR Table A2,2024,2026-10-07,Jurisdiction,Housing units (count),"HCD UNIT_CAT uses SFD, SFA, 2-4, 5+, ADU, and MH. The 2-4 category cannot be defensibly split into duplex versus 3-4-unit buildings from this source alone. Stage activity is counted only when the stage date is in the APR reporting year."
La Mesa,2024,Building Permit,5+ unit building,49.0,reported,HCD APR Table A2,2024,2026-10-07,Jurisdiction,Housing units (count),"HCD UNIT_CAT uses SFD, SFA, 2-4, 5+, ADU, and MH. The 2-4 category cannot be defensibly split into duplex versus 3-4-unit buildings from this source alone. Stage activity is counted only when the stage date is in the APR reporting year."
La Mesa,2024,Building Permit,Accessory dwelling unit,113.0,reported,HCD APR Table A2,2024,2026-10-07,Jurisdiction,Housing units (count),"HCD UNIT_CAT uses SFD, SFA, 2-4, 5+, ADU, and MH. The 2-4 category cannot be defensibly split into duplex versus 3-4-unit buildings from this source alone. Stage activity is counted only when the stage date is in the APR reporting year."
La Mesa,2024,Building Permit,Mobile home / manufactured home,0.0,reported,HCD APR Table A2,2024,2026-10-07,Jurisdiction,Housing units (count),"HCD UNIT_CAT uses SFD, SFA, 2-4, 5+, ADU, and MH. The 2-4 category cannot be defensibly split into duplex versus 3-4-unit buildings from this source alone. Stage activity is counted only when the stage date is in the APR reporting year."
La Mesa,2024,Building Permit,Other / source-reported,0.0,reported,HCD APR Table A2,2024,2026-10-07,Jurisdiction,Housing units (count),"HCD UNIT_CAT uses SFD, SFA, 2-4, 5+, ADU, and MH. The 2-4 category cannot be defensibly split into duplex versus 3-4-unit buildings from this source alone. Stage activity is counted only when the stage date is in the APR reporting year."
La Mesa,2024,Building Permit,Single-family attached,1.0,reported,HCD APR Table A2,2024,2026-10-07,Jurisdiction,Housing units (count),"HCD UNIT_CAT uses SFD, SFA, 2-4, 5+, ADU, and MH. The 2-4 category cannot be defensibly split into duplex versus 3-4-unit buildings from this source alone. Stage activity is counted only when the stage date is in the APR reporting year."
La Mesa,2024,Building Permit,Single-family detached,23.0,reported,HCD APR Table A2,2024,2026-10-07,Jurisdiction,Housing units (count),"HCD UNIT_CAT uses SFD, SFA, 2-4, 5+, ADU, and MH. The 2-4 category cannot be defensibly split into duplex versus 3-4-unit buildings from this source alone. Stage activity is counted only when the stage date is in the APR reporting year."
La Mesa,2024,Building Permit,Unknown / not reported,0.0,reported,HCD APR Table A2,2024,2026-10-07,Jurisdiction,Housing units (count),"HCD UNIT_CAT uses SFD, SFA, 2-4, 5+, ADU, and MH. The 2-4 category cannot be defensibly split into duplex versus 3-4-unit buildings from this source alone. Stage activity is counted only when the stage date is in the APR reporting year."
La Mesa,2024,Completion,2-4 unit building (combined),0.0,reported,HCD APR Table A2,2024,2026-10-07,Jurisdiction,Housing units (count),"HCD UNIT_CAT uses SFD, SFA, 2-4, 5+, ADU, and MH. The 2-4 category cannot be defensibly split into duplex versus 3-4-unit buildings from this source alone. Stage activity is counted only when the stage date is in the APR reporting year."
La Mesa,2024,Completion,5+ unit building,16.0,reported,HCD APR Table A2,2024,2026-10-07,Jurisdiction,Housing units (count),"HCD UNIT_CAT uses SFD, SFA, 2-4, 5+, ADU, and MH. The 2-4 category cannot be defensibly split into duplex versus 3-4-unit buildings from this source alone. Stage activity is counted only when the stage date is in the APR reporting year."
La Mesa,2024,Completion,Accessory dwelling unit,73.0,reported,HCD APR Table A2,2024,2026-10-07,Jurisdiction,Housing units (count),"HCD UNIT_CAT uses SFD, SFA, 2-4, 5+, ADU, and MH. The 2-4 category cannot be defensibly split into duplex versus 3-4-unit buildings from this source alone. Stage activity is counted only when the stage date is in the APR reporting year."
La Mesa,2024,Completion,Mobile home / manufactured home,0.0,reported,HCD APR Table A2,2024,2026-10-07,Jurisdiction,Housing units (count),"HCD UNIT_CAT uses SFD, SFA, 2-4, 5+, ADU, and MH. The 2-4 category cannot be defensibly split into duplex versus 3-4-unit buildings from this source alone. Stage activity is counted only when the stage date is in the APR reporting year."
La Mesa,2024,Completion,Other / source-reported,0.0,reported,HCD APR Table A2,2024,2026-10-07,Jurisdiction,Housing units (count),"HCD UNIT_CAT uses SFD, SFA, 2-4, 5+, ADU, and MH. The 2-4 category cannot be defensibly split into duplex versus 3-4-unit buildings from this source alone. Stage activity is counted only when the stage date is in the APR reporting year."
La Mesa,2024,Completion,Single-family attached,0.0,reported,HCD APR Table A2,2024,2026-10-07,Jurisdiction,Housing units (count),"HCD UNIT_CAT uses SFD, SFA, 2-4, 5+, ADU, and MH. The 2-4 category cannot be defensibly split into duplex versus 3-4-unit buildings from this source alone. Stage activity is counted only when the stage date is in the APR reporting year."
La Mesa,2024,Completion,Single-family detached,31.0,reported,HCD APR Table A2,2024,2026-10-07,Jurisdiction,Housing units (count),"HCD UNIT_CAT uses SFD, SFA, 2-4, 5+, ADU, and MH. The 2-4 category cannot be defensibly split into duplex versus 3-4-unit buildings from this source alone. Stage activity is counted only when the stage date is in the APR reporting year."
La Mesa,2024,Completion,Unknown / not reported,0.0,reported,HCD APR Table A2,2024,2026-10-07,Jurisdiction,Housing units (count),"HCD UNIT_CAT uses SFD, SFA, 2-4, 5+, ADU, and MH. The 2-4 category cannot be defensibly split into duplex versus 3-4-unit buildings from this source alone. Stage activity is counted only when the stage date is in the APR reporting year."
La Mesa,2025,Building Permit,2-4 unit building (combined),4.0,reported,HCD APR Table A2,2025,2026-10-07,Jurisdiction,Housing units (count),"HCD UNIT_CAT uses SFD, SFA, 2-4, 5+, ADU, and MH. The 2-4 category cannot be defensibly split into duplex versus 3-4-unit buildings from this source alone. Stage activity is counted only when the stage date is in the APR reporting year."
La Mesa,2025,Building Permit,5+ unit building,136.0,reported,HCD APR Table A2,2025,2026-10-07,Jurisdiction,Housing units (count),"HCD UNIT_CAT uses SFD, SFA, 2-4, 5+, ADU, and MH. The 2-4 category cannot be defensibly split into duplex versus 3-4-unit buildings from this source alone. Stage activity is counted only when the stage date is in the APR reporting year."
La Mesa,2025,Building Permit,Accessory dwelling unit,81.0,reported,HCD APR Table A2,2025,2026-10-07,Jurisdiction,Housing units (count),"HCD UNIT_CAT uses SFD, SFA, 2-4, 5+, ADU, and MH. The 2-4 category cannot be defensibly split into duplex versus 3-4-unit buildings from this source alone. Stage activity is counted only when the stage date is in the APR reporting year."
La Mesa,2025,Building Permit,Mobile home / manufactured home,0.0,reported,HCD APR Table A2,2025,2026-10-07,Jurisdiction,Housing units (count),"HCD UNIT_CAT uses SFD, SFA, 2-4, 5+, ADU, and MH. The 2-4 category cannot be defensibly split into duplex versus 3-4-unit buildings from this source alone. Stage activity is counted only when the stage date is in the APR reporting year."
La Mesa,2025,Building Permit,Other / source-reported,0.0,reported,HCD APR Table A2,2025,2026-10-07,Jurisdiction,Housing units (count),"HCD UNIT_CAT uses SFD, SFA, 2-4, 5+, ADU, and MH. The 2-4 category cannot be defensibly split into duplex versus 3-4-unit buildings from this source alone. Stage activity is counted only when the stage date is in the APR reporting year."
La Mesa,2025,Building Permit,Single-family attached,1.0,reported,HCD APR Table A2,2025,2026-10-07,Jurisdiction,Housing units (count),"HCD UNIT_CAT uses SFD, SFA, 2-4, 5+, ADU, and MH. The 2-4 category cannot be defensibly split into duplex versus 3-4-unit buildings from this source alone. Stage activity is counted only when the stage date is in the APR reporting year."
La Mesa,2025,Building Permit,Single-family detached,32.0,reported,HCD APR Table A2,2025,2026-10-07,Jurisdiction,Housing units (count),"HCD UNIT_CAT uses SFD, SFA, 2-4, 5+, ADU, and MH. The 2-4 category cannot be defensibly split into duplex versus 3-4-unit buildings from this source alone. Stage activity is counted only when the stage date is in the APR reporting year."
La Mesa,2025,Building Permit,Unknown / not reported,0.0,reported,HCD APR Table A2,2025,2026-10-07,Jurisdiction,Housing units (count),"HCD UNIT_CAT uses SFD, SFA, 2-4, 5+, ADU, and MH. The 2-4 category cannot be defensibly split into duplex versus 3-4-unit buildings from this source alone. Stage activity is counted only when the stage date is in the APR reporting year."
La Mesa,2025,Completion,2-4 unit building (combined),0.0,reported,HCD APR Table A2,2025,2026-10-07,Jurisdiction,Housing units (count),"HCD UNIT_CAT uses SFD, SFA, 2-4, 5+, ADU, and MH. The 2-4 category cannot be defensibly split into duplex versus 3-4-unit buildings from this source alone. Stage activity is counted only when the stage date is in the APR reporting year."
La Mesa,2025,Completion,5+ unit building,157.0,reported,HCD APR Table A2,2025,2026-10-07,Jurisdiction,Housing units (count),"HCD UNIT_CAT uses SFD, SFA, 2-4, 5+, ADU, and MH. The 2-4 category cannot be defensibly split into duplex versus 3-4-unit buildings from this source alone. Stage activity is counted only when the stage date is in the APR reporting year."
La Mesa,2025,Completion,Accessory dwelling unit,68.0,reported,HCD APR Table A2,2025,2026-10-07,Jurisdiction,Housing units (count),"HCD UNIT_CAT uses SFD, SFA, 2-4, 5+, ADU, and MH. The 2-4 category cannot be defensibly split into duplex versus 3-4-unit buildings from this source alone. Stage activity is counted only when the stage date is in the APR reporting year."
La Mesa,2025,Completion,Mobile home / manufactured home,0.0,reported,HCD APR Table A2,2025,2026-10-07,Jurisdiction,Housing units (count),"HCD UNIT_CAT uses SFD, SFA, 2-4, 5+, ADU, and MH. The 2-4 category cannot be defensibly split into duplex versus 3-4-unit buildings from this source alone. Stage activity is counted only when the stage date is in the APR reporting year."
La Mesa,2025,Completion,Other / source-reported,0.0,reported,HCD APR Table A2,2025,2026-10-07,Jurisdiction,Housing units (count),"HCD UNIT_CAT uses SFD, SFA, 2-4, 5+, ADU, and MH. The 2-4 category cannot be defensibly split into duplex versus 3-4-unit buildings from this source alone. Stage activity is counted only when the stage date is in the APR reporting year."
La Mesa,2025,Completion,Single-family attached,8.0,reported,HCD APR Table A2,2025,2026-10-07,Jurisdiction,Housing units (count),"HCD UNIT_CAT uses SFD, SFA, 2-4, 5+, ADU, and MH. The 2-4 category cannot be defensibly split into duplex versus 3-4-unit buildings from this source alone. Stage activity is counted only when the stage date is in the APR reporting year."
La Mesa,2025,Completion,Single-family detached,16.0,reported,HCD APR Table A2,2025,2026-10-07,Jurisdiction,Housing units (count),"HCD UNIT_CAT uses SFD, SFA, 2-4, 5+, ADU, and MH. The 2-4 category cannot be defensibly split into duplex versus 3-4-unit buildings from this source alone. Stage activity is counted only when the stage date is in the APR reporting year."
La Mesa,2025,Completion,Unknown / not reported,0.0,reported,HCD APR Table A2,2025,2026-10-07,Jurisdiction,Housing units (count),"HCD UNIT_CAT uses SFD, SFA, 2-4, 5+, ADU, and MH. The 2-4 category cannot be defensibly split into duplex versus 3-4-unit buildings from this source alone. Stage activity is counted only when the stage date is in the APR reporting year."
Lemon Grove,2018,Building Permit,2-4 unit building (combined),0.0,reported,HCD APR Table A2,2018,2026-10-07,Jurisdiction,Housing units (count),"HCD UNIT_CAT uses SFD, SFA, 2-4, 5+, ADU, and MH. The 2-4 category cannot be defensibly split into duplex versus 3-4-unit buildings from this source alone. Stage activity is counted only when the stage date is in the APR reporting year."
Lemon Grove,2018,Building Permit,5+ unit building,18.0,reported,HCD APR Table A2,2018,2026-10-07,Jurisdiction,Housing units (count),"HCD UNIT_CAT uses SFD, SFA, 2-4, 5+, ADU, and MH. The 2-4 category cannot be defensibly split into duplex versus 3-4-unit buildings from this source alone. Stage activity is counted only when the stage date is in the APR reporting year."
Lemon Grove,2018,Building Permit,Accessory dwelling unit,9.0,reported,HCD APR Table A2,2018,2026-10-07,Jurisdiction,Housing units (count),"HCD UNIT_CAT uses SFD, SFA, 2-4, 5+, ADU, and MH. The 2-4 category cannot be defensibly split into duplex versus 3-4-unit buildings from this source alone. Stage activity is counted only when the stage date is in the APR reporting year."
Lemon Grove,2018,Building Permit,Mobile home / manufactured home,0.0,reported,HCD APR Table A2,2018,2026-10-07,Jurisdiction,Housing units (count),"HCD UNIT_CAT uses SFD, SFA, 2-4, 5+, ADU, and MH. The 2-4 category cannot be defensibly split into duplex versus 3-4-unit buildings from this source alone. Stage activity is counted only when the stage date is in the APR reporting year."
Lemon Grove,2018,Building Permit,Other / source-reported,0.0,reported,HCD APR Table A2,2018,2026-10-07,Jurisdiction,Housing units (count),"HCD UNIT_CAT uses SFD, SFA, 2-4, 5+, ADU, and MH. The 2-4 category cannot be defensibly split into duplex versus 3-4-unit buildings from this source alone. Stage activity is counted only when the stage date is in the APR reporting year."
Lemon Grove,2018,Building Permit,Single-family attached,0.0,reported,HCD APR Table A2,2018,2026-10-07,Jurisdiction,Housing units (count),"HCD UNIT_CAT uses SFD, SFA, 2-4, 5+, ADU, and MH. The 2-4 category cannot be defensibly split into duplex versus 3-4-unit buildings from this source alone. Stage activity is counted only when the stage date is in the APR reporting year."
Lemon Grove,2018,Building Permit,Single-family detached,1.0,reported,HCD APR Table A2,2018,2026-10-07,Jurisdiction,Housing units (count),"HCD UNIT_CAT uses SFD, SFA, 2-4, 5+, ADU, and MH. The 2-4 category cannot be defensibly split into duplex versus 3-4-unit buildings from this source alone. Stage activity is counted only when the stage date is in the APR reporting year."
Lemon Grove,2018,Building Permit,Unknown / not reported,0.0,reported,HCD APR Table A2,2018,2026-10-07,Jurisdiction,Housing units (count),"HCD UNIT_CAT uses SFD, SFA, 2-4, 5+, ADU, and MH. The 2-4 category cannot be defensibly split into duplex versus 3-4-unit buildings from this source alone. Stage activity is counted only when the stage date is in the APR reporting year."
Lemon Grove,2018,Completion,2-4 unit building (combined),0.0,reported,HCD APR Table A2,2018,2026-10-07,Jurisdiction,Housing units (count),"HCD UNIT_CAT uses SFD, SFA, 2-4, 5+, ADU, and MH. The 2-4 category cannot be defensibly split into duplex versus 3-4-unit buildings from this source alone. Stage activity is counted only when the stage date is in the APR reporting year."
Lemon Grove,2018,Completion,5+ unit building,16.0,reported,HCD APR Table A2,2018,2026-10-07,Jurisdiction,Housing units (count),"HCD UNIT_CAT uses SFD, SFA, 2-4, 5+, ADU, and MH. The 2-4 category cannot be defensibly split into duplex versus 3-4-unit buildings from this source alone. Stage activity is counted only when the stage date is in the APR reporting year."
Lemon Grove,2018,Completion,Accessory dwelling unit,5.0,reported,HCD APR Table A2,2018,2026-10-07,Jurisdiction,Housing units (count),"HCD UNIT_CAT uses SFD, SFA, 2-4, 5+, ADU, and MH. The 2-4 category cannot be defensibly split into duplex versus 3-4-unit buildings from this source alone. Stage activity is counted only when the stage date is in the APR reporting year."
Lemon Grove,2018,Completion,Mobile home / manufactured home,0.0,reported,HCD APR Table A2,2018,2026-10-07,Jurisdiction,Housing units (count),"HCD UNIT_CAT uses SFD, SFA, 2-4, 5+, ADU, and MH. The 2-4 category cannot be defensibly split into duplex versus 3-4-unit buildings from this source alone. Stage activity is counted only when the stage date is in the APR reporting year."
Lemon Grove,2018,Completion,Other / source-reported,0.0,reported,HCD APR Table A2,2018,2026-10-07,Jurisdiction,Housing units (count),"HCD UNIT_CAT uses SFD, SFA, 2-4, 5+, ADU, and MH. The 2-4 category cannot be defensibly split into duplex versus 3-4-unit buildings from this source alone. Stage activity is counted only when the stage date is in the APR reporting year."
Lemon Grove,2018,Completion,Single-family attached,0.0,reported,HCD APR Table A2,2018,2026-10-07,Jurisdiction,Housing units (count),"HCD UNIT_CAT uses SFD, SFA, 2-4, 5+, ADU, and MH. The 2-4 category cannot be defensibly split into duplex versus 3-4-unit buildings from this source alone. Stage activity is counted only when the stage date is in the APR reporting year."
Lemon Grove,2018,Completion,Single-family detached,4.0,reported,HCD APR Table A2,2018,2026-10-07,Jurisdiction,Housing units (count),"HCD UNIT_CAT uses SFD, SFA, 2-4, 5+, ADU, and MH. The 2-4 category cannot be defensibly split into duplex versus 3-4-unit buildings from this source alone. Stage activity is counted only when the stage date is in the APR reporting year."
Lemon Grove,2018,Completion,Unknown / not reported,0.0,reported,HCD APR Table A2,2018,2026-10-07,Jurisdiction,Housing units (count),"HCD UNIT_CAT uses SFD, SFA, 2-4, 5+, ADU, and MH. The 2-4 category cannot be defensibly split into duplex versus 3-4-unit buildings from this source alone. Stage activity is counted only when the stage date is in the APR reporting year."
Lemon Grove,2019,Building Permit,2-4 unit building (combined),0.0,reported,HCD APR Table A2,2019,2026-10-07,Jurisdiction,Housing units (count),"HCD UNIT_CAT uses SFD, SFA, 2-4, 5+, ADU, and MH. The 2-4 category cannot be defensibly split into duplex versus 3-4-unit buildings from this source alone. Stage activity is counted only when the stage date is in the APR reporting year."
Lemon Grove,2019,Building Permit,5+ unit building,0.0,reported,HCD APR Table A2,2019,2026-10-07,Jurisdiction,Housing units (count),"HCD UNIT_CAT uses SFD, SFA, 2-4, 5+, ADU, and MH. The 2-4 category cannot be defensibly split into duplex versus 3-4-unit buildings from this source alone. Stage activity is counted only when the stage date is in the APR reporting year."
Lemon Grove,2019,Building Permit,Accessory dwelling unit,8.0,reported,HCD APR Table A2,2019,2026-10-07,Jurisdiction,Housing units (count),"HCD UNIT_CAT uses SFD, SFA, 2-4, 5+, ADU, and MH. The 2-4 category cannot be defensibly split into duplex versus 3-4-unit buildings from this source alone. Stage activity is counted only when the stage date is in the APR reporting year."
Lemon Grove,2019,Building Permit,Mobile home / manufactured home,0.0,reported,HCD APR Table A2,2019,2026-10-07,Jurisdiction,Housing units (count),"HCD UNIT_CAT uses SFD, SFA, 2-4, 5+, ADU, and MH. The 2-4 category cannot be defensibly split into duplex versus 3-4-unit buildings from this source alone. Stage activity is counted only when the stage date is in the APR reporting year."
Lemon Grove,2019,Building Permit,Other / source-reported,0.0,reported,HCD APR Table A2,2019,2026-10-07,Jurisdiction,Housing units (count),"HCD UNIT_CAT uses SFD, SFA, 2-4, 5+, ADU, and MH. The 2-4 category cannot be defensibly split into duplex versus 3-4-unit buildings from this source alone. Stage activity is counted only when the stage date is in the APR reporting year."
Lemon Grove,2019,Building Permit,Single-family attached,0.0,reported,HCD APR Table A2,2019,2026-10-07,Jurisdiction,Housing units (count),"HCD UNIT_CAT uses SFD, SFA, 2-4, 5+, ADU, and MH. The 2-4 category cannot be defensibly split into duplex versus 3-4-unit buildings from this source alone. Stage activity is counted only when the stage date is in the APR reporting year."
Lemon Grove,2019,Building Permit,Single-family detached,1.0,reported,HCD APR Table A2,2019,2026-10-07,Jurisdiction,Housing units (count),"HCD UNIT_CAT uses SFD, SFA, 2-4, 5+, ADU, and MH. The 2-4 category cannot be defensibly split into duplex versus 3-4-unit buildings from this source alone. Stage activity is counted only when the stage date is in the APR reporting year."
Lemon Grove,2019,Building Permit,Unknown / not reported,0.0,reported,HCD APR Table A2,2019,2026-10-07,Jurisdiction,Housing units (count),"HCD UNIT_CAT uses SFD, SFA, 2-4, 5+, ADU, and MH. The 2-4 category cannot be defensibly split into duplex versus 3-4-unit buildings from this source alone. Stage activity is counted only when the stage date is in the APR reporting year."
Lemon Grove,2019,Completion,2-4 unit building (combined),0.0,reported,HCD APR Table A2,2019,2026-10-07,Jurisdiction,Housing units (count),"HCD UNIT_CAT uses SFD, SFA, 2-4, 5+, ADU, and MH. The 2-4 category cannot be defensibly split into duplex versus 3-4-unit buildings from this source alone. Stage activity is counted only when the stage date is in the APR reporting year."
Lemon Grove,2019,Completion,5+ unit building,18.0,reported,HCD APR Table A2,2019,2026-10-07,Jurisdiction,Housing units (count),"HCD UNIT_CAT uses SFD, SFA, 2-4, 5+, ADU, and MH. The 2-4 category cannot be defensibly split into duplex versus 3-4-unit buildings from this source alone. Stage activity is counted only when the stage date is in the APR reporting year."
Lemon Grove,2019,Completion,Accessory dwelling unit,7.0,reported,HCD APR Table A2,2019,2026-10-07,Jurisdiction,Housing units (count),"HCD UNIT_CAT uses SFD, SFA, 2-4, 5+, ADU, and MH. The 2-4 category cannot be defensibly split into duplex versus 3-4-unit buildings from this source alone. Stage activity is counted only when the stage date is in the APR reporting year."
Lemon Grove,2019,Completion,Mobile home / manufactured home,0.0,reported,HCD APR Table A2,2019,2026-10-07,Jurisdiction,Housing units (count),"HCD UNIT_CAT uses SFD, SFA, 2-4, 5+, ADU, and MH. The 2-4 category cannot be defensibly split into duplex versus 3-4-unit buildings from this source alone. Stage activity is counted only when the stage date is in the APR reporting year."
Lemon Grove,2019,Completion,Other / source-reported,0.0,reported,HCD APR Table A2,2019,2026-10-07,Jurisdiction,Housing units (count),"HCD UNIT_CAT uses SFD, SFA, 2-4, 5+, ADU, and MH. The 2-4 category cannot be defensibly split into duplex versus 3-4-unit buildings from this source alone. Stage activity is counted only when the stage date is in the APR reporting year."
Lemon Grove,2019,Completion,Single-family attached,0.0,reported,HCD APR Table A2,2019,2026-10-07,Jurisdiction,Housing units (count),"HCD UNIT_CAT uses SFD, SFA, 2-4, 5+, ADU, and MH. The 2-4 category cannot be defensibly split into duplex versus 3-4-unit buildings from this source alone. Stage activity is counted only when the stage date is in the APR reporting year."
Lemon Grove,2019,Completion,Single-family detached,1.0,reported,HCD APR Table A2,2019,2026-10-07,Jurisdiction,Housing units (count),"HCD UNIT_CAT uses SFD, SFA, 2-4, 5+, ADU, and MH. The 2-4 category cannot be defensibly split into duplex versus 3-4-unit buildings from this source alone. Stage activity is counted only when the stage date is in the APR reporting year."
Lemon Grove,2019,Completion,Unknown / not reported,0.0,reported,HCD APR Table A2,2019,2026-10-07,Jurisdiction,Housing units (count),"HCD UNIT_CAT uses SFD, SFA, 2-4, 5+, ADU, and MH. The 2-4 category cannot be defensibly split into duplex versus 3-4-unit buildings from this source alone. Stage activity is counted only when the stage date is in the APR reporting year."
Lemon Grove,2020,Building Permit,2-4 unit building (combined),0.0,reported,HCD APR Table A2,2020,2026-10-07,Jurisdiction,Housing units (count),"HCD UNIT_CAT uses SFD, SFA, 2-4, 5+, ADU, and MH. The 2-4 category cannot be defensibly split into duplex versus 3-4-unit buildings from this source alone. Stage activity is counted only when the stage date is in the APR reporting year."
Lemon Grove,2020,Building Permit,5+ unit building,0.0,reported,HCD APR Table A2,2020,2026-10-07,Jurisdiction,Housing units (count),"HCD UNIT_CAT uses SFD, SFA, 2-4, 5+, ADU, and MH. The 2-4 category cannot be defensibly split into duplex versus 3-4-unit buildings from this source alone. Stage activity is counted only when the stage date is in the APR reporting year."
Lemon Grove,2020,Building Permit,Accessory dwelling unit,11.0,reported,HCD APR Table A2,2020,2026-10-07,Jurisdiction,Housing units (count),"HCD UNIT_CAT uses SFD, SFA, 2-4, 5+, ADU, and MH. The 2-4 category cannot be defensibly split into duplex versus 3-4-unit buildings from this source alone. Stage activity is counted only when the stage date is in the APR reporting year."
Lemon Grove,2020,Building Permit,Mobile home / manufactured home,0.0,reported,HCD APR Table A2,2020,2026-10-07,Jurisdiction,Housing units (count),"HCD UNIT_CAT uses SFD, SFA, 2-4, 5+, ADU, and MH. The 2-4 category cannot be defensibly split into duplex versus 3-4-unit buildings from this source alone. Stage activity is counted only when the stage date is in the APR reporting year."
Lemon Grove,2020,Building Permit,Other / source-reported,0.0,reported,HCD APR Table A2,2020,2026-10-07,Jurisdiction,Housing units (count),"HCD UNIT_CAT uses SFD, SFA, 2-4, 5+, ADU, and MH. The 2-4 category cannot be defensibly split into duplex versus 3-4-unit buildings from this source alone. Stage activity is counted only when the stage date is in the APR reporting year."
Lemon Grove,2020,Building Permit,Single-family attached,0.0,reported,HCD APR Table A2,2020,2026-10-07,Jurisdiction,Housing units (count),"HCD UNIT_CAT uses SFD, SFA, 2-4, 5+, ADU, and MH. The 2-4 category cannot be defensibly split into duplex versus 3-4-unit buildings from this source alone. Stage activity is counted only when the stage date is in the APR reporting year."
Lemon Grove,2020,Building Permit,Single-family detached,12.0,reported,HCD APR Table A2,2020,2026-10-07,Jurisdiction,Housing units (count),"HCD UNIT_CAT uses SFD, SFA, 2-4, 5+, ADU, and MH. The 2-4 category cannot be defensibly split into duplex versus 3-4-unit buildings from this source alone. Stage activity is counted only when the stage date is in the APR reporting year."
Lemon Grove,2020,Building Permit,Unknown / not reported,0.0,reported,HCD APR Table A2,2020,2026-10-07,Jurisdiction,Housing units (count),"HCD UNIT_CAT uses SFD, SFA, 2-4, 5+, ADU, and MH. The 2-4 category cannot be defensibly split into duplex versus 3-4-unit buildings from this source alone. Stage activity is counted only when the stage date is in the APR reporting year."
Lemon Grove,2020,Completion,2-4 unit building (combined),0.0,reported,HCD APR Table A2,2020,2026-10-07,Jurisdiction,Housing units (count),"HCD UNIT_CAT uses SFD, SFA, 2-4, 5+, ADU, and MH. The 2-4 category cannot be defensibly split into duplex versus 3-4-unit buildings from this source alone. Stage activity is counted only when the stage date is in the APR reporting year."
Lemon Grove,2020,Completion,5+ unit building,0.0,reported,HCD APR Table A2,2020,2026-10-07,Jurisdiction,Housing units (count),"HCD UNIT_CAT uses SFD, SFA, 2-4, 5+, ADU, and MH. The 2-4 category cannot be defensibly split into duplex versus 3-4-unit buildings from this source alone. Stage activity is counted only when the stage date is in the APR reporting year."
Lemon Grove,2020,Completion,Accessory dwelling unit,7.0,reported,HCD APR Table A2,2020,2026-10-07,Jurisdiction,Housing units (count),"HCD UNIT_CAT uses SFD, SFA, 2-4, 5+, ADU, and MH. The 2-4 category cannot be defensibly split into duplex versus 3-4-unit buildings from this source alone. Stage activity is counted only when the stage date is in the APR reporting year."
Lemon Grove,2020,Completion,Mobile home / manufactured home,0.0,reported,HCD APR Table A2,2020,2026-10-07,Jurisdiction,Housing units (count),"HCD UNIT_CAT uses SFD, SFA, 2-4, 5+, ADU, and MH. The 2-4 category cannot be defensibly split into duplex versus 3-4-unit buildings from this source alone. Stage activity is counted only when the stage date is in the APR reporting year."
Lemon Grove,2020,Completion,Other / source-reported,0.0,reported,HCD APR Table A2,2020,2026-10-07,Jurisdiction,Housing units (count),"HCD UNIT_CAT uses SFD, SFA, 2-4, 5+, ADU, and MH. The 2-4 category cannot be defensibly split into duplex versus 3-4-unit buildings from this source alone. Stage activity is counted only when the stage date is in the APR reporting year."
Lemon Grove,2020,Completion,Single-family attached,0.0,reported,HCD APR Table A2,2020,2026-10-07,Jurisdiction,Housing units (count),"HCD UNIT_CAT uses SFD, SFA, 2-4, 5+, ADU, and MH. The 2-4 category cannot be defensibly split into duplex versus 3-4-unit buildings from this source alone. Stage activity is counted only when the stage date is in the APR reporting year."
Lemon Grove,2020,Completion,Single-family detached,2.0,reported,HCD APR Table A2,2020,2026-10-07,Jurisdiction,Housing units (count),"HCD UNIT_CAT uses SFD, SFA, 2-4, 5+, ADU, and MH. The 2-4 category cannot be defensibly split into duplex versus 3-4-unit buildings from this source alone. Stage activity is counted only when the stage date is in the APR reporting year."
Lemon Grove,2020,Completion,Unknown / not reported,0.0,reported,HCD APR Table A2,2020,2026-10-07,Jurisdiction,Housing units (count),"HCD UNIT_CAT uses SFD, SFA, 2-4, 5+, ADU, and MH. The 2-4 category cannot be defensibly split into duplex versus 3-4-unit buildings from this source alone. Stage activity is counted only when the stage date is in the APR reporting year."
Lemon Grove,2021,Building Permit,2-4 unit building (combined),0.0,reported,HCD APR Table A2,2021,2026-10-07,Jurisdiction,Housing units (count),"HCD UNIT_CAT uses SFD, SFA, 2-4, 5+, ADU, and MH. The 2-4 category cannot be defensibly split into duplex versus 3-4-unit buildings from this source alone. Stage activity is counted only when the stage date is in the APR reporting year."
Lemon Grove,2021,Building Permit,5+ unit building,66.0,reported,HCD APR Table A2,2021,2026-10-07,Jurisdiction,Housing units (count),"HCD UNIT_CAT uses SFD, SFA, 2-4, 5+, ADU, and MH. The 2-4 category cannot be defensibly split into duplex versus 3-4-unit buildings from this source alone. Stage activity is counted only when the stage date is in the APR reporting year."
Lemon Grove,2021,Building Permit,Accessory dwelling unit,29.0,reported,HCD APR Table A2,2021,2026-10-07,Jurisdiction,Housing units (count),"HCD UNIT_CAT uses SFD, SFA, 2-4, 5+, ADU, and MH. The 2-4 category cannot be defensibly split into duplex versus 3-4-unit buildings from this source alone. Stage activity is counted only when the stage date is in the APR reporting year."
Lemon Grove,2021,Building Permit,Mobile home / manufactured home,0.0,reported,HCD APR Table A2,2021,2026-10-07,Jurisdiction,Housing units (count),"HCD UNIT_CAT uses SFD, SFA, 2-4, 5+, ADU, and MH. The 2-4 category cannot be defensibly split into duplex versus 3-4-unit buildings from this source alone. Stage activity is counted only when the stage date is in the APR reporting year."
Lemon Grove,2021,Building Permit,Other / source-reported,0.0,reported,HCD APR Table A2,2021,2026-10-07,Jurisdiction,Housing units (count),"HCD UNIT_CAT uses SFD, SFA, 2-4, 5+, ADU, and MH. The 2-4 category cannot be defensibly split into duplex versus 3-4-unit buildings from this source alone. Stage activity is counted only when the stage date is in the APR reporting year."
Lemon Grove,2021,Building Permit,Single-family attached,0.0,reported,HCD APR Table A2,2021,2026-10-07,Jurisdiction,Housing units (count),"HCD UNIT_CAT uses SFD, SFA, 2-4, 5+, ADU, and MH. The 2-4 category cannot be defensibly split into duplex versus 3-4-unit buildings from this source alone. Stage activity is counted only when the stage date is in the APR reporting year."
Lemon Grove,2021,Building Permit,Single-family detached,14.0,reported,HCD APR Table A2,2021,2026-10-07,Jurisdiction,Housing units (count),"HCD UNIT_CAT uses SFD, SFA, 2-4, 5+, ADU, and MH. The 2-4 category cannot be defensibly split into duplex versus 3-4-unit buildings from this source alone. Stage activity is counted only when the stage date is in the APR reporting year."
Lemon Grove,2021,Building Permit,Unknown / not reported,0.0,reported,HCD APR Table A2,2021,2026-10-07,Jurisdiction,Housing units (count),"HCD UNIT_CAT uses SFD, SFA, 2-4, 5+, ADU, and MH. The 2-4 category cannot be defensibly split into duplex versus 3-4-unit buildings from this source alone. Stage activity is counted only when the stage date is in the APR reporting year."
Lemon Grove,2021,Completion,2-4 unit building (combined),0.0,reported,HCD APR Table A2,2021,2026-10-07,Jurisdiction,Housing units (count),"HCD UNIT_CAT uses SFD, SFA, 2-4, 5+, ADU, and MH. The 2-4 category cannot be defensibly split into duplex versus 3-4-unit buildings from this source alone. Stage activity is counted only when the stage date is in the APR reporting year."
Lemon Grove,2021,Completion,5+ unit building,0.0,reported,HCD APR Table A2,2021,2026-10-07,Jurisdiction,Housing units (count),"HCD UNIT_CAT uses SFD, SFA, 2-4, 5+, ADU, and MH. The 2-4 category cannot be defensibly split into duplex versus 3-4-unit buildings from this source alone. Stage activity is counted only when the stage date is in the APR reporting year."
Lemon Grove,2021,Completion,Accessory dwelling unit,0.0,reported,HCD APR Table A2,2021,2026-10-07,Jurisdiction,Housing units (count),"HCD UNIT_CAT uses SFD, SFA, 2-4, 5+, ADU, and MH. The 2-4 category cannot be defensibly split into duplex versus 3-4-unit buildings from this source alone. Stage activity is counted only when the stage date is in the APR reporting year."
Lemon Grove,2021,Completion,Mobile home / manufactured home,0.0,reported,HCD APR Table A2,2021,2026-10-07,Jurisdiction,Housing units (count),"HCD UNIT_CAT uses SFD, SFA, 2-4, 5+, ADU, and MH. The 2-4 category cannot be defensibly split into duplex versus 3-4-unit buildings from this source alone. Stage activity is counted only when the stage date is in the APR reporting year."
Lemon Grove,2021,Completion,Other / source-reported,0.0,reported,HCD APR Table A2,2021,2026-10-07,Jurisdiction,Housing units (count),"HCD UNIT_CAT uses SFD, SFA, 2-4, 5+, ADU, and MH. The 2-4 category cannot be defensibly split into duplex versus 3-4-unit buildings from this source alone. Stage activity is counted only when the stage date is in the APR reporting year."
Lemon Grove,2021,Completion,Single-family attached,0.0,reported,HCD APR Table A2,2021,2026-10-07,Jurisdiction,Housing units (count),"HCD UNIT_CAT uses SFD, SFA, 2-4, 5+, ADU, and MH. The 2-4 category cannot be defensibly split into duplex versus 3-4-unit buildings from this source alone. Stage activity is counted only when the stage date is in the APR reporting year."
Lemon Grove,2021,Completion,Single-family detached,0.0,reported,HCD APR Table A2,2021,2026-10-07,Jurisdiction,Housing units (count),"HCD UNIT_CAT uses SFD, SFA, 2-4, 5+, ADU, and MH. The 2-4 category cannot be defensibly split into duplex versus 3-4-unit buildings from this source alone. Stage activity is counted only when the stage date is in the APR reporting year."
Lemon Grove,2021,Completion,Unknown / not reported,0.0,reported,HCD APR Table A2,2021,2026-10-07,Jurisdiction,Housing units (count),"HCD UNIT_CAT uses SFD, SFA, 2-4, 5+, ADU, and MH. The 2-4 category cannot be defensibly split into duplex versus 3-4-unit buildings from this source alone. Stage activity is counted only when the stage date is in the APR reporting year."
Lemon Grove,2022,Building Permit,2-4 unit building (combined),0.0,reported,HCD APR Table A2,2022,2026-10-07,Jurisdiction,Housing units (count),"HCD UNIT_CAT uses SFD, SFA, 2-4, 5+, ADU, and MH. The 2-4 category cannot be defensibly split into duplex versus 3-4-unit buildings from this source alone. Stage activity is counted only when the stage date is in the APR reporting year."
Lemon Grove,2022,Building Permit,5+ unit building,0.0,reported,HCD APR Table A2,2022,2026-10-07,Jurisdiction,Housing units (count),"HCD UNIT_CAT uses SFD, SFA, 2-4, 5+, ADU, and MH. The 2-4 category cannot be defensibly split into duplex versus 3-4-unit buildings from this source alone. Stage activity is counted only when the stage date is in the APR reporting year."
Lemon Grove,2022,Building Permit,Accessory dwelling unit,32.0,reported,HCD APR Table A2,2022,2026-10-07,Jurisdiction,Housing units (count),"HCD UNIT_CAT uses SFD, SFA, 2-4, 5+, ADU, and MH. The 2-4 category cannot be defensibly split into duplex versus 3-4-unit buildings from this source alone. Stage activity is counted only when the stage date is in the APR reporting year."
Lemon Grove,2022,Building Permit,Mobile home / manufactured home,39.0,reported,HCD APR Table A2,2022,2026-10-07,Jurisdiction,Housing units (count),"HCD UNIT_CAT uses SFD, SFA, 2-4, 5+, ADU, and MH. The 2-4 category cannot be defensibly split into duplex versus 3-4-unit buildings from this source alone. Stage activity is counted only when the stage date is in the APR reporting year."
Lemon Grove,2022,Building Permit,Other / source-reported,0.0,reported,HCD APR Table A2,2022,2026-10-07,Jurisdiction,Housing units (count),"HCD UNIT_CAT uses SFD, SFA, 2-4, 5+, ADU, and MH. The 2-4 category cannot be defensibly split into duplex versus 3-4-unit buildings from this source alone. Stage activity is counted only when the stage date is in the APR reporting year."
Lemon Grove,2022,Building Permit,Single-family attached,0.0,reported,HCD APR Table A2,2022,2026-10-07,Jurisdiction,Housing units (count),"HCD UNIT_CAT uses SFD, SFA, 2-4, 5+, ADU, and MH. The 2-4 category cannot be defensibly split into duplex versus 3-4-unit buildings from this source alone. Stage activity is counted only when the stage date is in the APR reporting year."
Lemon Grove,2022,Building Permit,Single-family detached,28.0,reported,HCD APR Table A2,2022,2026-10-07,Jurisdiction,Housing units (count),"HCD UNIT_CAT uses SFD, SFA, 2-4, 5+, ADU, and MH. The 2-4 category cannot be defensibly split into duplex versus 3-4-unit buildings from this source alone. Stage activity is counted only when the stage date is in the APR reporting year."
Lemon Grove,2022,Building Permit,Unknown / not reported,0.0,reported,HCD APR Table A2,2022,2026-10-07,Jurisdiction,Housing units (count),"HCD UNIT_CAT uses SFD, SFA, 2-4, 5+, ADU, and MH. The 2-4 category cannot be defensibly split into duplex versus 3-4-unit buildings from this source alone. Stage activity is counted only when the stage date is in the APR reporting year."
Lemon Grove,2022,Completion,2-4 unit building (combined),0.0,reported,HCD APR Table A2,2022,2026-10-07,Jurisdiction,Housing units (count),"HCD UNIT_CAT uses SFD, SFA, 2-4, 5+, ADU, and MH. The 2-4 category cannot be defensibly split into duplex versus 3-4-unit buildings from this source alone. Stage activity is counted only when the stage date is in the APR reporting year."
Lemon Grove,2022,Completion,5+ unit building,0.0,reported,HCD APR Table A2,2022,2026-10-07,Jurisdiction,Housing units (count),"HCD UNIT_CAT uses SFD, SFA, 2-4, 5+, ADU, and MH. The 2-4 category cannot be defensibly split into duplex versus 3-4-unit buildings from this source alone. Stage activity is counted only when the stage date is in the APR reporting year."
Lemon Grove,2022,Completion,Accessory dwelling unit,0.0,reported,HCD APR Table A2,2022,2026-10-07,Jurisdiction,Housing units (count),"HCD UNIT_CAT uses SFD, SFA, 2-4, 5+, ADU, and MH. The 2-4 category cannot be defensibly split into duplex versus 3-4-unit buildings from this source alone. Stage activity is counted only when the stage date is in the APR reporting year."
Lemon Grove,2022,Completion,Mobile home / manufactured home,0.0,reported,HCD APR Table A2,2022,2026-10-07,Jurisdiction,Housing units (count),"HCD UNIT_CAT uses SFD, SFA, 2-4, 5+, ADU, and MH. The 2-4 category cannot be defensibly split into duplex versus 3-4-unit buildings from this source alone. Stage activity is counted only when the stage date is in the APR reporting year."
Lemon Grove,2022,Completion,Other / source-reported,0.0,reported,HCD APR Table A2,2022,2026-10-07,Jurisdiction,Housing units (count),"HCD UNIT_CAT uses SFD, SFA, 2-4, 5+, ADU, and MH. The 2-4 category cannot be defensibly split into duplex versus 3-4-unit buildings from this source alone. Stage activity is counted only when the stage date is in the APR reporting year."
Lemon Grove,2022,Completion,Single-family attached,0.0,reported,HCD APR Table A2,2022,2026-10-07,Jurisdiction,Housing units (count),"HCD UNIT_CAT uses SFD, SFA, 2-4, 5+, ADU, and MH. The 2-4 category cannot be defensibly split into duplex versus 3-4-unit buildings from this source alone. Stage activity is counted only when the stage date is in the APR reporting year."
Lemon Grove,2022,Completion,Single-family detached,0.0,reported,HCD APR Table A2,2022,2026-10-07,Jurisdiction,Housing units (count),"HCD UNIT_CAT uses SFD, SFA, 2-4, 5+, ADU, and MH. The 2-4 category cannot be defensibly split into duplex versus 3-4-unit buildings from this source alone. Stage activity is counted only when the stage date is in the APR reporting year."
Lemon Grove,2022,Completion,Unknown / not reported,0.0,reported,HCD APR Table A2,2022,2026-10-07,Jurisdiction,Housing units (count),"HCD UNIT_CAT uses SFD, SFA, 2-4, 5+, ADU, and MH. The 2-4 category cannot be defensibly split into duplex versus 3-4-unit buildings from this source alone. Stage activity is counted only when the stage date is in the APR reporting year."
Lemon Grove,2023,Building Permit,2-4 unit building (combined),0.0,reported,HCD APR Table A2,2023,2026-10-07,Jurisdiction,Housing units (count),"HCD UNIT_CAT uses SFD, SFA, 2-4, 5+, ADU, and MH. The 2-4 category cannot be defensibly split into duplex versus 3-4-unit buildings from this source alone. Stage activity is counted only when the stage date is in the APR reporting year."
Lemon Grove,2023,Building Permit,5+ unit building,0.0,reported,HCD APR Table A2,2023,2026-10-07,Jurisdiction,Housing units (count),"HCD UNIT_CAT uses SFD, SFA, 2-4, 5+, ADU, and MH. The 2-4 category cannot be defensibly split into duplex versus 3-4-unit buildings from this source alone. Stage activity is counted only when the stage date is in the APR reporting year."
Lemon Grove,2023,Building Permit,Accessory dwelling unit,27.0,reported,HCD APR Table A2,2023,2026-10-07,Jurisdiction,Housing units (count),"HCD UNIT_CAT uses SFD, SFA, 2-4, 5+, ADU, and MH. The 2-4 category cannot be defensibly split into duplex versus 3-4-unit buildings from this source alone. Stage activity is counted only when the stage date is in the APR reporting year."
Lemon Grove,2023,Building Permit,Mobile home / manufactured home,0.0,reported,HCD APR Table A2,2023,2026-10-07,Jurisdiction,Housing units (count),"HCD UNIT_CAT uses SFD, SFA, 2-4, 5+, ADU, and MH. The 2-4 category cannot be defensibly split into duplex versus 3-4-unit buildings from this source alone. Stage activity is counted only when the stage date is in the APR reporting year."
Lemon Grove,2023,Building Permit,Other / source-reported,0.0,reported,HCD APR Table A2,2023,2026-10-07,Jurisdiction,Housing units (count),"HCD UNIT_CAT uses SFD, SFA, 2-4, 5+, ADU, and MH. The 2-4 category cannot be defensibly split into duplex versus 3-4-unit buildings from this source alone. Stage activity is counted only when the stage date is in the APR reporting year."
Lemon Grove,2023,Building Permit,Single-family attached,0.0,reported,HCD APR Table A2,2023,2026-10-07,Jurisdiction,Housing units (count),"HCD UNIT_CAT uses SFD, SFA, 2-4, 5+, ADU, and MH. The 2-4 category cannot be defensibly split into duplex versus 3-4-unit buildings from this source alone. Stage activity is counted only when the stage date is in the APR reporting year."
Lemon Grove,2023,Building Permit,Single-family detached,17.0,reported,HCD APR Table A2,2023,2026-10-07,Jurisdiction,Housing units (count),"HCD UNIT_CAT uses SFD, SFA, 2-4, 5+, ADU, and MH. The 2-4 category cannot be defensibly split into duplex versus 3-4-unit buildings from this source alone. Stage activity is counted only when the stage date is in the APR reporting year."
Lemon Grove,2023,Building Permit,Unknown / not reported,0.0,reported,HCD APR Table A2,2023,2026-10-07,Jurisdiction,Housing units (count),"HCD UNIT_CAT uses SFD, SFA, 2-4, 5+, ADU, and MH. The 2-4 category cannot be defensibly split into duplex versus 3-4-unit buildings from this source alone. Stage activity is counted only when the stage date is in the APR reporting year."
Lemon Grove,2023,Completion,2-4 unit building (combined),0.0,reported,HCD APR Table A2,2023,2026-10-07,Jurisdiction,Housing units (count),"HCD UNIT_CAT uses SFD, SFA, 2-4, 5+, ADU, and MH. The 2-4 category cannot be defensibly split into duplex versus 3-4-unit buildings from this source alone. Stage activity is counted only when the stage date is in the APR reporting year."
Lemon Grove,2023,Completion,5+ unit building,0.0,reported,HCD APR Table A2,2023,2026-10-07,Jurisdiction,Housing units (count),"HCD UNIT_CAT uses SFD, SFA, 2-4, 5+, ADU, and MH. The 2-4 category cannot be defensibly split into duplex versus 3-4-unit buildings from this source alone. Stage activity is counted only when the stage date is in the APR reporting year."
Lemon Grove,2023,Completion,Accessory dwelling unit,0.0,reported,HCD APR Table A2,2023,2026-10-07,Jurisdiction,Housing units (count),"HCD UNIT_CAT uses SFD, SFA, 2-4, 5+, ADU, and MH. The 2-4 category cannot be defensibly split into duplex versus 3-4-unit buildings from this source alone. Stage activity is counted only when the stage date is in the APR reporting year."
Lemon Grove,2023,Completion,Mobile home / manufactured home,0.0,reported,HCD APR Table A2,2023,2026-10-07,Jurisdiction,Housing units (count),"HCD UNIT_CAT uses SFD, SFA, 2-4, 5+, ADU, and MH. The 2-4 category cannot be defensibly split into duplex versus 3-4-unit buildings from this source alone. Stage activity is counted only when the stage date is in the APR reporting year."
Lemon Grove,2023,Completion,Other / source-reported,0.0,reported,HCD APR Table A2,2023,2026-10-07,Jurisdiction,Housing units (count),"HCD UNIT_CAT uses SFD, SFA, 2-4, 5+, ADU, and MH. The 2-4 category cannot be defensibly split into duplex versus 3-4-unit buildings from this source alone. Stage activity is counted only when the stage date is in the APR reporting year."
Lemon Grove,2023,Completion,Single-family attached,0.0,reported,HCD APR Table A2,2023,2026-10-07,Jurisdiction,Housing units (count),"HCD UNIT_CAT uses SFD, SFA, 2-4, 5+, ADU, and MH. The 2-4 category cannot be defensibly split into duplex versus 3-4-unit buildings from this source alone. Stage activity is counted only when the stage date is in the APR reporting year."
Lemon Grove,2023,Completion,Single-family detached,0.0,reported,HCD APR Table A2,2023,2026-10-07,Jurisdiction,Housing units (count),"HCD UNIT_CAT uses SFD, SFA, 2-4, 5+, ADU, and MH. The 2-4 category cannot be defensibly split into duplex versus 3-4-unit buildings from this source alone. Stage activity is counted only when the stage date is in the APR reporting year."
Lemon Grove,2023,Completion,Unknown / not reported,0.0,reported,HCD APR Table A2,2023,2026-10-07,Jurisdiction,Housing units (count),"HCD UNIT_CAT uses SFD, SFA, 2-4, 5+, ADU, and MH. The 2-4 category cannot be defensibly split into duplex versus 3-4-unit buildings from this source alone. Stage activity is counted only when the stage date is in the APR reporting year."
Lemon Grove,2024,Building Permit,2-4 unit building (combined),0.0,reported,HCD APR Table A2,2024,2026-10-07,Jurisdiction,Housing units (count),"HCD UNIT_CAT uses SFD, SFA, 2-4, 5+, ADU, and MH. The 2-4 category cannot be defensibly split into duplex versus 3-4-unit buildings from this source alone. Stage activity is counted only when the stage date is in the APR reporting year."
Lemon Grove,2024,Building Permit,5+ unit building,0.0,reported,HCD APR Table A2,2024,2026-10-07,Jurisdiction,Housing units (count),"HCD UNIT_CAT uses SFD, SFA, 2-4, 5+, ADU, and MH. The 2-4 category cannot be defensibly split into duplex versus 3-4-unit buildings from this source alone. Stage activity is counted only when the stage date is in the APR reporting year."
Lemon Grove,2024,Building Permit,Accessory dwelling unit,44.0,reported,HCD APR Table A2,2024,2026-10-07,Jurisdiction,Housing units (count),"HCD UNIT_CAT uses SFD, SFA, 2-4, 5+, ADU, and MH. The 2-4 category cannot be defensibly split into duplex versus 3-4-unit buildings from this source alone. Stage activity is counted only when the stage date is in the APR reporting year."
Lemon Grove,2024,Building Permit,Mobile home / manufactured home,0.0,reported,HCD APR Table A2,2024,2026-10-07,Jurisdiction,Housing units (count),"HCD UNIT_CAT uses SFD, SFA, 2-4, 5+, ADU, and MH. The 2-4 category cannot be defensibly split into duplex versus 3-4-unit buildings from this source alone. Stage activity is counted only when the stage date is in the APR reporting year."
Lemon Grove,2024,Building Permit,Other / source-reported,0.0,reported,HCD APR Table A2,2024,2026-10-07,Jurisdiction,Housing units (count),"HCD UNIT_CAT uses SFD, SFA, 2-4, 5+, ADU, and MH. The 2-4 category cannot be defensibly split into duplex versus 3-4-unit buildings from this source alone. Stage activity is counted only when the stage date is in the APR reporting year."
Lemon Grove,2024,Building Permit,Single-family attached,10.0,reported,HCD APR Table A2,2024,2026-10-07,Jurisdiction,Housing units (count),"HCD UNIT_CAT uses SFD, SFA, 2-4, 5+, ADU, and MH. The 2-4 category cannot be defensibly split into duplex versus 3-4-unit buildings from this source alone. Stage activity is counted only when the stage date is in the APR reporting year."
Lemon Grove,2024,Building Permit,Single-family detached,11.0,reported,HCD APR Table A2,2024,2026-10-07,Jurisdiction,Housing units (count),"HCD UNIT_CAT uses SFD, SFA, 2-4, 5+, ADU, and MH. The 2-4 category cannot be defensibly split into duplex versus 3-4-unit buildings from this source alone. Stage activity is counted only when the stage date is in the APR reporting year."
Lemon Grove,2024,Building Permit,Unknown / not reported,0.0,reported,HCD APR Table A2,2024,2026-10-07,Jurisdiction,Housing units (count),"HCD UNIT_CAT uses SFD, SFA, 2-4, 5+, ADU, and MH. The 2-4 category cannot be defensibly split into duplex versus 3-4-unit buildings from this source alone. Stage activity is counted only when the stage date is in the APR reporting year."
Lemon Grove,2024,Completion,2-4 unit building (combined),0.0,reported,HCD APR Table A2,2024,2026-10-07,Jurisdiction,Housing units (count),"HCD UNIT_CAT uses SFD, SFA, 2-4, 5+, ADU, and MH. The 2-4 category cannot be defensibly split into duplex versus 3-4-unit buildings from this source alone. Stage activity is counted only when the stage date is in the APR reporting year."
Lemon Grove,2024,Completion,5+ unit building,83.0,reported,HCD APR Table A2,2024,2026-10-07,Jurisdiction,Housing units (count),"HCD UNIT_CAT uses SFD, SFA, 2-4, 5+, ADU, and MH. The 2-4 category cannot be defensibly split into duplex versus 3-4-unit buildings from this source alone. Stage activity is counted only when the stage date is in the APR reporting year."
Lemon Grove,2024,Completion,Accessory dwelling unit,27.0,reported,HCD APR Table A2,2024,2026-10-07,Jurisdiction,Housing units (count),"HCD UNIT_CAT uses SFD, SFA, 2-4, 5+, ADU, and MH. The 2-4 category cannot be defensibly split into duplex versus 3-4-unit buildings from this source alone. Stage activity is counted only when the stage date is in the APR reporting year."
Lemon Grove,2024,Completion,Mobile home / manufactured home,0.0,reported,HCD APR Table A2,2024,2026-10-07,Jurisdiction,Housing units (count),"HCD UNIT_CAT uses SFD, SFA, 2-4, 5+, ADU, and MH. The 2-4 category cannot be defensibly split into duplex versus 3-4-unit buildings from this source alone. Stage activity is counted only when the stage date is in the APR reporting year."
Lemon Grove,2024,Completion,Other / source-reported,0.0,reported,HCD APR Table A2,2024,2026-10-07,Jurisdiction,Housing units (count),"HCD UNIT_CAT uses SFD, SFA, 2-4, 5+, ADU, and MH. The 2-4 category cannot be defensibly split into duplex versus 3-4-unit buildings from this source alone. Stage activity is counted only when the stage date is in the APR reporting year."
Lemon Grove,2024,Completion,Single-family attached,28.0,reported,HCD APR Table A2,2024,2026-10-07,Jurisdiction,Housing units (count),"HCD UNIT_CAT uses SFD, SFA, 2-4, 5+, ADU, and MH. The 2-4 category cannot be defensibly split into duplex versus 3-4-unit buildings from this source alone. Stage activity is counted only when the stage date is in the APR reporting year."
Lemon Grove,2024,Completion,Single-family detached,22.0,reported,HCD APR Table A2,2024,2026-10-07,Jurisdiction,Housing units (count),"HCD UNIT_CAT uses SFD, SFA, 2-4, 5+, ADU, and MH. The 2-4 category cannot be defensibly split into duplex versus 3-4-unit buildings from this source alone. Stage activity is counted only when the stage date is in the APR reporting year."
Lemon Grove,2024,Completion,Unknown / not reported,0.0,reported,HCD APR Table A2,2024,2026-10-07,Jurisdiction,Housing units (count),"HCD UNIT_CAT uses SFD, SFA, 2-4, 5+, ADU, and MH. The 2-4 category cannot be defensibly split into duplex versus 3-4-unit buildings from this source alone. Stage activity is counted only when the stage date is in the APR reporting year."
Lemon Grove,2025,Building Permit,2-4 unit building (combined),0.0,reported,HCD APR Table A2,2025,2026-10-07,Jurisdiction,Housing units (count),"HCD UNIT_CAT uses SFD, SFA, 2-4, 5+, ADU, and MH. The 2-4 category cannot be defensibly split into duplex versus 3-4-unit buildings from this source alone. Stage activity is counted only when the stage date is in the APR reporting year."
Lemon Grove,2025,Building Permit,5+ unit building,0.0,reported,HCD APR Table A2,2025,2026-10-07,Jurisdiction,Housing units (count),"HCD UNIT_CAT uses SFD, SFA, 2-4, 5+, ADU, and MH. The 2-4 category cannot be defensibly split into duplex versus 3-4-unit buildings from this source alone. Stage activity is counted only when the stage date is in the APR reporting year."
Lemon Grove,2025,Building Permit,Accessory dwelling unit,29.0,reported,HCD APR Table A2,2025,2026-10-07,Jurisdiction,Housing units (count),"HCD UNIT_CAT uses SFD, SFA, 2-4, 5+, ADU, and MH. The 2-4 category cannot be defensibly split into duplex versus 3-4-unit buildings from this source alone. Stage activity is counted only when the stage date is in the APR reporting year."
Lemon Grove,2025,Building Permit,Mobile home / manufactured home,0.0,reported,HCD APR Table A2,2025,2026-10-07,Jurisdiction,Housing units (count),"HCD UNIT_CAT uses SFD, SFA, 2-4, 5+, ADU, and MH. The 2-4 category cannot be defensibly split into duplex versus 3-4-unit buildings from this source alone. Stage activity is counted only when the stage date is in the APR reporting year."
Lemon Grove,2025,Building Permit,Other / source-reported,0.0,reported,HCD APR Table A2,2025,2026-10-07,Jurisdiction,Housing units (count),"HCD UNIT_CAT uses SFD, SFA, 2-4, 5+, ADU, and MH. The 2-4 category cannot be defensibly split into duplex versus 3-4-unit buildings from this source alone. Stage activity is counted only when the stage date is in the APR reporting year."
Lemon Grove,2025,Building Permit,Single-family attached,0.0,reported,HCD APR Table A2,2025,2026-10-07,Jurisdiction,Housing units (count),"HCD UNIT_CAT uses SFD, SFA, 2-4, 5+, ADU, and MH. The 2-4 category cannot be defensibly split into duplex versus 3-4-unit buildings from this source alone. Stage activity is counted only when the stage date is in the APR reporting year."
Lemon Grove,2025,Building Permit,Single-family detached,3.0,reported,HCD APR Table A2,2025,2026-10-07,Jurisdiction,Housing units (count),"HCD UNIT_CAT uses SFD, SFA, 2-4, 5+, ADU, and MH. The 2-4 category cannot be defensibly split into duplex versus 3-4-unit buildings from this source alone. Stage activity is counted only when the stage date is in the APR reporting year."
Lemon Grove,2025,Building Permit,Unknown / not reported,0.0,reported,HCD APR Table A2,2025,2026-10-07,Jurisdiction,Housing units (count),"HCD UNIT_CAT uses SFD, SFA, 2-4, 5+, ADU, and MH. The 2-4 category cannot be defensibly split into duplex versus 3-4-unit buildings from this source alone. Stage activity is counted only when the stage date is in the APR reporting year."
Lemon Grove,2025,Completion,2-4 unit building (combined),0.0,reported,HCD APR Table A2,2025,2026-10-07,Jurisdiction,Housing units (count),"HCD UNIT_CAT uses SFD, SFA, 2-4, 5+, ADU, and MH. The 2-4 category cannot be defensibly split into duplex versus 3-4-unit buildings from this source alone. Stage activity is counted only when the stage date is in the APR reporting year."
Lemon Grove,2025,Completion,5+ unit building,0.0,reported,HCD APR Table A2,2025,2026-10-07,Jurisdiction,Housing units (count),"HCD UNIT_CAT uses SFD, SFA, 2-4, 5+, ADU, and MH. The 2-4 category cannot be defensibly split into duplex versus 3-4-unit buildings from this source alone. Stage activity is counted only when the stage date is in the APR reporting year."
Lemon Grove,2025,Completion,Accessory dwelling unit,39.0,reported,HCD APR Table A2,2025,2026-10-07,Jurisdiction,Housing units (count),"HCD UNIT_CAT uses SFD, SFA, 2-4, 5+, ADU, and MH. The 2-4 category cannot be defensibly split into duplex versus 3-4-unit buildings from this source alone. Stage activity is counted only when the stage date is in the APR reporting year."
Lemon Grove,2025,Completion,Mobile home / manufactured home,0.0,reported,HCD APR Table A2,2025,2026-10-07,Jurisdiction,Housing units (count),"HCD UNIT_CAT uses SFD, SFA, 2-4, 5+, ADU, and MH. The 2-4 category cannot be defensibly split into duplex versus 3-4-unit buildings from this source alone. Stage activity is counted only when the stage date is in the APR reporting year."
Lemon Grove,2025,Completion,Other / source-reported,0.0,reported,HCD APR Table A2,2025,2026-10-07,Jurisdiction,Housing units (count),"HCD UNIT_CAT uses SFD, SFA, 2-4, 5+, ADU, and MH. The 2-4 category cannot be defensibly split into duplex versus 3-4-unit buildings from this source alone. Stage activity is counted only when the stage date is in the APR reporting year."
Lemon Grove,2025,Completion,Single-family attached,22.0,reported,HCD APR Table A2,2025,2026-10-07,Jurisdiction,Housing units (count),"HCD UNIT_CAT uses SFD, SFA, 2-4, 5+, ADU, and MH. The 2-4 category cannot be defensibly split into duplex versus 3-4-unit buildings from this source alone. Stage activity is counted only when the stage date is in the APR reporting year."
Lemon Grove,2025,Completion,Single-family detached,0.0,reported,HCD APR Table A2,2025,2026-10-07,Jurisdiction,Housing units (count),"HCD UNIT_CAT uses SFD, SFA, 2-4, 5+, ADU, and MH. The 2-4 category cannot be defensibly split into duplex versus 3-4-unit buildings from this source alone. Stage activity is counted only when the stage date is in the APR reporting year."
Lemon Grove,2025,Completion,Unknown / not reported,0.0,reported,HCD APR Table A2,2025,2026-10-07,Jurisdiction,Housing units (count),"HCD UNIT_CAT uses SFD, SFA, 2-4, 5+, ADU, and MH. The 2-4 category cannot be defensibly split into duplex versus 3-4-unit buildings from this source alone. Stage activity is counted only when the stage date is in the APR reporting year."
National City,2018,Building Permit,2-4 unit building (combined),4.0,reported,HCD APR Table A2,2018,2026-10-07,Jurisdiction,Housing units (count),"HCD UNIT_CAT uses SFD, SFA, 2-4, 5+, ADU, and MH. The 2-4 category cannot be defensibly split into duplex versus 3-4-unit buildings from this source alone. Stage activity is counted only when the stage date is in the APR reporting year."
National City,2018,Building Permit,5+ unit building,27.0,reported,HCD APR Table A2,2018,2026-10-07,Jurisdiction,Housing units (count),"HCD UNIT_CAT uses SFD, SFA, 2-4, 5+, ADU, and MH. The 2-4 category cannot be defensibly split into duplex versus 3-4-unit buildings from this source alone. Stage activity is counted only when the stage date is in the APR reporting year."
National City,2018,Building Permit,Accessory dwelling unit,0.0,reported,HCD APR Table A2,2018,2026-10-07,Jurisdiction,Housing units (count),"HCD UNIT_CAT uses SFD, SFA, 2-4, 5+, ADU, and MH. The 2-4 category cannot be defensibly split into duplex versus 3-4-unit buildings from this source alone. Stage activity is counted only when the stage date is in the APR reporting year."
National City,2018,Building Permit,Mobile home / manufactured home,0.0,reported,HCD APR Table A2,2018,2026-10-07,Jurisdiction,Housing units (count),"HCD UNIT_CAT uses SFD, SFA, 2-4, 5+, ADU, and MH. The 2-4 category cannot be defensibly split into duplex versus 3-4-unit buildings from this source alone. Stage activity is counted only when the stage date is in the APR reporting year."
National City,2018,Building Permit,Other / source-reported,0.0,reported,HCD APR Table A2,2018,2026-10-07,Jurisdiction,Housing units (count),"HCD UNIT_CAT uses SFD, SFA, 2-4, 5+, ADU, and MH. The 2-4 category cannot be defensibly split into duplex versus 3-4-unit buildings from this source alone. Stage activity is counted only when the stage date is in the APR reporting year."
National City,2018,Building Permit,Single-family attached,24.0,reported,HCD APR Table A2,2018,2026-10-07,Jurisdiction,Housing units (count),"HCD UNIT_CAT uses SFD, SFA, 2-4, 5+, ADU, and MH. The 2-4 category cannot be defensibly split into duplex versus 3-4-unit buildings from this source alone. Stage activity is counted only when the stage date is in the APR reporting year."
National City,2018,Building Permit,Single-family detached,5.0,reported,HCD APR Table A2,2018,2026-10-07,Jurisdiction,Housing units (count),"HCD UNIT_CAT uses SFD, SFA, 2-4, 5+, ADU, and MH. The 2-4 category cannot be defensibly split into duplex versus 3-4-unit buildings from this source alone. Stage activity is counted only when the stage date is in the APR reporting year."
National City,2018,Building Permit,Unknown / not reported,0.0,reported,HCD APR Table A2,2018,2026-10-07,Jurisdiction,Housing units (count),"HCD UNIT_CAT uses SFD, SFA, 2-4, 5+, ADU, and MH. The 2-4 category cannot be defensibly split into duplex versus 3-4-unit buildings from this source alone. Stage activity is counted only when the stage date is in the APR reporting year."
National City,2018,Completion,2-4 unit building (combined),0.0,reported,HCD APR Table A2,2018,2026-10-07,Jurisdiction,Housing units (count),"HCD UNIT_CAT uses SFD, SFA, 2-4, 5+, ADU, and MH. The 2-4 category cannot be defensibly split into duplex versus 3-4-unit buildings from this source alone. Stage activity is counted only when the stage date is in the APR reporting year."
National City,2018,Completion,5+ unit building,0.0,reported,HCD APR Table A2,2018,2026-10-07,Jurisdiction,Housing units (count),"HCD UNIT_CAT uses SFD, SFA, 2-4, 5+, ADU, and MH. The 2-4 category cannot be defensibly split into duplex versus 3-4-unit buildings from this source alone. Stage activity is counted only when the stage date is in the APR reporting year."
National City,2018,Completion,Accessory dwelling unit,0.0,reported,HCD APR Table A2,2018,2026-10-07,Jurisdiction,Housing units (count),"HCD UNIT_CAT uses SFD, SFA, 2-4, 5+, ADU, and MH. The 2-4 category cannot be defensibly split into duplex versus 3-4-unit buildings from this source alone. Stage activity is counted only when the stage date is in the APR reporting year."
National City,2018,Completion,Mobile home / manufactured home,0.0,reported,HCD APR Table A2,2018,2026-10-07,Jurisdiction,Housing units (count),"HCD UNIT_CAT uses SFD, SFA, 2-4, 5+, ADU, and MH. The 2-4 category cannot be defensibly split into duplex versus 3-4-unit buildings from this source alone. Stage activity is counted only when the stage date is in the APR reporting year."
National City,2018,Completion,Other / source-reported,0.0,reported,HCD APR Table A2,2018,2026-10-07,Jurisdiction,Housing units (count),"HCD UNIT_CAT uses SFD, SFA, 2-4, 5+, ADU, and MH. The 2-4 category cannot be defensibly split into duplex versus 3-4-unit buildings from this source alone. Stage activity is counted only when the stage date is in the APR reporting year."
National City,2018,Completion,Single-family attached,0.0,reported,HCD APR Table A2,2018,2026-10-07,Jurisdiction,Housing units (count),"HCD UNIT_CAT uses SFD, SFA, 2-4, 5+, ADU, and MH. The 2-4 category cannot be defensibly split into duplex versus 3-4-unit buildings from this source alone. Stage activity is counted only when the stage date is in the APR reporting year."
National City,2018,Completion,Single-family detached,1.0,reported,HCD APR Table A2,2018,2026-10-07,Jurisdiction,Housing units (count),"HCD UNIT_CAT uses SFD, SFA, 2-4, 5+, ADU, and MH. The 2-4 category cannot be defensibly split into duplex versus 3-4-unit buildings from this source alone. Stage activity is counted only when the stage date is in the APR reporting year."
National City,2018,Completion,Unknown / not reported,0.0,reported,HCD APR Table A2,2018,2026-10-07,Jurisdiction,Housing units (count),"HCD UNIT_CAT uses SFD, SFA, 2-4, 5+, ADU, and MH. The 2-4 category cannot be defensibly split into duplex versus 3-4-unit buildings from this source alone. Stage activity is counted only when the stage date is in the APR reporting year."
National City,2019,Building Permit,2-4 unit building (combined),0.0,reported,HCD APR Table A2,2019,2026-10-07,Jurisdiction,Housing units (count),"HCD UNIT_CAT uses SFD, SFA, 2-4, 5+, ADU, and MH. The 2-4 category cannot be defensibly split into duplex versus 3-4-unit buildings from this source alone. Stage activity is counted only when the stage date is in the APR reporting year."
National City,2019,Building Permit,5+ unit building,149.0,reported,HCD APR Table A2,2019,2026-10-07,Jurisdiction,Housing units (count),"HCD UNIT_CAT uses SFD, SFA, 2-4, 5+, ADU, and MH. The 2-4 category cannot be defensibly split into duplex versus 3-4-unit buildings from this source alone. Stage activity is counted only when the stage date is in the APR reporting year."
National City,2019,Building Permit,Accessory dwelling unit,5.0,reported,HCD APR Table A2,2019,2026-10-07,Jurisdiction,Housing units (count),"HCD UNIT_CAT uses SFD, SFA, 2-4, 5+, ADU, and MH. The 2-4 category cannot be defensibly split into duplex versus 3-4-unit buildings from this source alone. Stage activity is counted only when the stage date is in the APR reporting year."
National City,2019,Building Permit,Mobile home / manufactured home,0.0,reported,HCD APR Table A2,2019,2026-10-07,Jurisdiction,Housing units (count),"HCD UNIT_CAT uses SFD, SFA, 2-4, 5+, ADU, and MH. The 2-4 category cannot be defensibly split into duplex versus 3-4-unit buildings from this source alone. Stage activity is counted only when the stage date is in the APR reporting year."
National City,2019,Building Permit,Other / source-reported,0.0,reported,HCD APR Table A2,2019,2026-10-07,Jurisdiction,Housing units (count),"HCD UNIT_CAT uses SFD, SFA, 2-4, 5+, ADU, and MH. The 2-4 category cannot be defensibly split into duplex versus 3-4-unit buildings from this source alone. Stage activity is counted only when the stage date is in the APR reporting year."
National City,2019,Building Permit,Single-family attached,0.0,reported,HCD APR Table A2,2019,2026-10-07,Jurisdiction,Housing units (count),"HCD UNIT_CAT uses SFD, SFA, 2-4, 5+, ADU, and MH. The 2-4 category cannot be defensibly split into duplex versus 3-4-unit buildings from this source alone. Stage activity is counted only when the stage date is in the APR reporting year."
National City,2019,Building Permit,Single-family detached,12.0,reported,HCD APR Table A2,2019,2026-10-07,Jurisdiction,Housing units (count),"HCD UNIT_CAT uses SFD, SFA, 2-4, 5+, ADU, and MH. The 2-4 category cannot be defensibly split into duplex versus 3-4-unit buildings from this source alone. Stage activity is counted only when the stage date is in the APR reporting year."
National City,2019,Building Permit,Unknown / not reported,0.0,reported,HCD APR Table A2,2019,2026-10-07,Jurisdiction,Housing units (count),"HCD UNIT_CAT uses SFD, SFA, 2-4, 5+, ADU, and MH. The 2-4 category cannot be defensibly split into duplex versus 3-4-unit buildings from this source alone. Stage activity is counted only when the stage date is in the APR reporting year."
National City,2019,Completion,2-4 unit building (combined),0.0,reported,HCD APR Table A2,2019,2026-10-07,Jurisdiction,Housing units (count),"HCD UNIT_CAT uses SFD, SFA, 2-4, 5+, ADU, and MH. The 2-4 category cannot be defensibly split into duplex versus 3-4-unit buildings from this source alone. Stage activity is counted only when the stage date is in the APR reporting year."
National City,2019,Completion,5+ unit building,0.0,reported,HCD APR Table A2,2019,2026-10-07,Jurisdiction,Housing units (count),"HCD UNIT_CAT uses SFD, SFA, 2-4, 5+, ADU, and MH. The 2-4 category cannot be defensibly split into duplex versus 3-4-unit buildings from this source alone. Stage activity is counted only when the stage date is in the APR reporting year."
National City,2019,Completion,Accessory dwelling unit,1.0,reported,HCD APR Table A2,2019,2026-10-07,Jurisdiction,Housing units (count),"HCD UNIT_CAT uses SFD, SFA, 2-4, 5+, ADU, and MH. The 2-4 category cannot be defensibly split into duplex versus 3-4-unit buildings from this source alone. Stage activity is counted only when the stage date is in the APR reporting year."
National City,2019,Completion,Mobile home / manufactured home,0.0,reported,HCD APR Table A2,2019,2026-10-07,Jurisdiction,Housing units (count),"HCD UNIT_CAT uses SFD, SFA, 2-4, 5+, ADU, and MH. The 2-4 category cannot be defensibly split into duplex versus 3-4-unit buildings from this source alone. Stage activity is counted only when the stage date is in the APR reporting year."
National City,2019,Completion,Other / source-reported,0.0,reported,HCD APR Table A2,2019,2026-10-07,Jurisdiction,Housing units (count),"HCD UNIT_CAT uses SFD, SFA, 2-4, 5+, ADU, and MH. The 2-4 category cannot be defensibly split into duplex versus 3-4-unit buildings from this source alone. Stage activity is counted only when the stage date is in the APR reporting year."
National City,2019,Completion,Single-family attached,0.0,reported,HCD APR Table A2,2019,2026-10-07,Jurisdiction,Housing units (count),"HCD UNIT_CAT uses SFD, SFA, 2-4, 5+, ADU, and MH. The 2-4 category cannot be defensibly split into duplex versus 3-4-unit buildings from this source alone. Stage activity is counted only when the stage date is in the APR reporting year."
National City,2019,Completion,Single-family detached,0.0,reported,HCD APR Table A2,2019,2026-10-07,Jurisdiction,Housing units (count),"HCD UNIT_CAT uses SFD, SFA, 2-4, 5+, ADU, and MH. The 2-4 category cannot be defensibly split into duplex versus 3-4-unit buildings from this source alone. Stage activity is counted only when the stage date is in the APR reporting year."
National City,2019,Completion,Unknown / not reported,0.0,reported,HCD APR Table A2,2019,2026-10-07,Jurisdiction,Housing units (count),"HCD UNIT_CAT uses SFD, SFA, 2-4, 5+, ADU, and MH. The 2-4 category cannot be defensibly split into duplex versus 3-4-unit buildings from this source alone. Stage activity is counted only when the stage date is in the APR reporting year."
National City,2020,Building Permit,2-4 unit building (combined),0.0,reported,HCD APR Table A2,2020,2026-10-07,Jurisdiction,Housing units (count),"HCD UNIT_CAT uses SFD, SFA, 2-4, 5+, ADU, and MH. The 2-4 category cannot be defensibly split into duplex versus 3-4-unit buildings from this source alone. Stage activity is counted only when the stage date is in the APR reporting year."
National City,2020,Building Permit,5+ unit building,321.0,reported,HCD APR Table A2,2020,2026-10-07,Jurisdiction,Housing units (count),"HCD UNIT_CAT uses SFD, SFA, 2-4, 5+, ADU, and MH. The 2-4 category cannot be defensibly split into duplex versus 3-4-unit buildings from this source alone. Stage activity is counted only when the stage date is in the APR reporting year."
National City,2020,Building Permit,Accessory dwelling unit,2.0,reported,HCD APR Table A2,2020,2026-10-07,Jurisdiction,Housing units (count),"HCD UNIT_CAT uses SFD, SFA, 2-4, 5+, ADU, and MH. The 2-4 category cannot be defensibly split into duplex versus 3-4-unit buildings from this source alone. Stage activity is counted only when the stage date is in the APR reporting year."
National City,2020,Building Permit,Mobile home / manufactured home,0.0,reported,HCD APR Table A2,2020,2026-10-07,Jurisdiction,Housing units (count),"HCD UNIT_CAT uses SFD, SFA, 2-4, 5+, ADU, and MH. The 2-4 category cannot be defensibly split into duplex versus 3-4-unit buildings from this source alone. Stage activity is counted only when the stage date is in the APR reporting year."
National City,2020,Building Permit,Other / source-reported,0.0,reported,HCD APR Table A2,2020,2026-10-07,Jurisdiction,Housing units (count),"HCD UNIT_CAT uses SFD, SFA, 2-4, 5+, ADU, and MH. The 2-4 category cannot be defensibly split into duplex versus 3-4-unit buildings from this source alone. Stage activity is counted only when the stage date is in the APR reporting year."
National City,2020,Building Permit,Single-family attached,0.0,reported,HCD APR Table A2,2020,2026-10-07,Jurisdiction,Housing units (count),"HCD UNIT_CAT uses SFD, SFA, 2-4, 5+, ADU, and MH. The 2-4 category cannot be defensibly split into duplex versus 3-4-unit buildings from this source alone. Stage activity is counted only when the stage date is in the APR reporting year."
National City,2020,Building Permit,Single-family detached,1.0,reported,HCD APR Table A2,2020,2026-10-07,Jurisdiction,Housing units (count),"HCD UNIT_CAT uses SFD, SFA, 2-4, 5+, ADU, and MH. The 2-4 category cannot be defensibly split into duplex versus 3-4-unit buildings from this source alone. Stage activity is counted only when the stage date is in the APR reporting year."
National City,2020,Building Permit,Unknown / not reported,0.0,reported,HCD APR Table A2,2020,2026-10-07,Jurisdiction,Housing units (count),"HCD UNIT_CAT uses SFD, SFA, 2-4, 5+, ADU, and MH. The 2-4 category cannot be defensibly split into duplex versus 3-4-unit buildings from this source alone. Stage activity is counted only when the stage date is in the APR reporting year."
National City,2020,Completion,2-4 unit building (combined),0.0,reported,HCD APR Table A2,2020,2026-10-07,Jurisdiction,Housing units (count),"HCD UNIT_CAT uses SFD, SFA, 2-4, 5+, ADU, and MH. The 2-4 category cannot be defensibly split into duplex versus 3-4-unit buildings from this source alone. Stage activity is counted only when the stage date is in the APR reporting year."
National City,2020,Completion,5+ unit building,10.0,reported,HCD APR Table A2,2020,2026-10-07,Jurisdiction,Housing units (count),"HCD UNIT_CAT uses SFD, SFA, 2-4, 5+, ADU, and MH. The 2-4 category cannot be defensibly split into duplex versus 3-4-unit buildings from this source alone. Stage activity is counted only when the stage date is in the APR reporting year."
National City,2020,Completion,Accessory dwelling unit,0.0,reported,HCD APR Table A2,2020,2026-10-07,Jurisdiction,Housing units (count),"HCD UNIT_CAT uses SFD, SFA, 2-4, 5+, ADU, and MH. The 2-4 category cannot be defensibly split into duplex versus 3-4-unit buildings from this source alone. Stage activity is counted only when the stage date is in the APR reporting year."
National City,2020,Completion,Mobile home / manufactured home,0.0,reported,HCD APR Table A2,2020,2026-10-07,Jurisdiction,Housing units (count),"HCD UNIT_CAT uses SFD, SFA, 2-4, 5+, ADU, and MH. The 2-4 category cannot be defensibly split into duplex versus 3-4-unit buildings from this source alone. Stage activity is counted only when the stage date is in the APR reporting year."
National City,2020,Completion,Other / source-reported,0.0,reported,HCD APR Table A2,2020,2026-10-07,Jurisdiction,Housing units (count),"HCD UNIT_CAT uses SFD, SFA, 2-4, 5+, ADU, and MH. The 2-4 category cannot be defensibly split into duplex versus 3-4-unit buildings from this source alone. Stage activity is counted only when the stage date is in the APR reporting year."
National City,2020,Completion,Single-family attached,0.0,reported,HCD APR Table A2,2020,2026-10-07,Jurisdiction,Housing units (count),"HCD UNIT_CAT uses SFD, SFA, 2-4, 5+, ADU, and MH. The 2-4 category cannot be defensibly split into duplex versus 3-4-unit buildings from this source alone. Stage activity is counted only when the stage date is in the APR reporting year."
National City,2020,Completion,Single-family detached,0.0,reported,HCD APR Table A2,2020,2026-10-07,Jurisdiction,Housing units (count),"HCD UNIT_CAT uses SFD, SFA, 2-4, 5+, ADU, and MH. The 2-4 category cannot be defensibly split into duplex versus 3-4-unit buildings from this source alone. Stage activity is counted only when the stage date is in the APR reporting year."
National City,2020,Completion,Unknown / not reported,0.0,reported,HCD APR Table A2,2020,2026-10-07,Jurisdiction,Housing units (count),"HCD UNIT_CAT uses SFD, SFA, 2-4, 5+, ADU, and MH. The 2-4 category cannot be defensibly split into duplex versus 3-4-unit buildings from this source alone. Stage activity is counted only when the stage date is in the APR reporting year."
National City,2021,Building Permit,2-4 unit building (combined),0.0,reported,HCD APR Table A2,2021,2026-10-07,Jurisdiction,Housing units (count),"HCD UNIT_CAT uses SFD, SFA, 2-4, 5+, ADU, and MH. The 2-4 category cannot be defensibly split into duplex versus 3-4-unit buildings from this source alone. Stage activity is counted only when the stage date is in the APR reporting year."
National City,2021,Building Permit,5+ unit building,69.0,reported,HCD APR Table A2,2021,2026-10-07,Jurisdiction,Housing units (count),"HCD UNIT_CAT uses SFD, SFA, 2-4, 5+, ADU, and MH. The 2-4 category cannot be defensibly split into duplex versus 3-4-unit buildings from this source alone. Stage activity is counted only when the stage date is in the APR reporting year."
National City,2021,Building Permit,Accessory dwelling unit,9.0,reported,HCD APR Table A2,2021,2026-10-07,Jurisdiction,Housing units (count),"HCD UNIT_CAT uses SFD, SFA, 2-4, 5+, ADU, and MH. The 2-4 category cannot be defensibly split into duplex versus 3-4-unit buildings from this source alone. Stage activity is counted only when the stage date is in the APR reporting year."
National City,2021,Building Permit,Mobile home / manufactured home,0.0,reported,HCD APR Table A2,2021,2026-10-07,Jurisdiction,Housing units (count),"HCD UNIT_CAT uses SFD, SFA, 2-4, 5+, ADU, and MH. The 2-4 category cannot be defensibly split into duplex versus 3-4-unit buildings from this source alone. Stage activity is counted only when the stage date is in the APR reporting year."
National City,2021,Building Permit,Other / source-reported,0.0,reported,HCD APR Table A2,2021,2026-10-07,Jurisdiction,Housing units (count),"HCD UNIT_CAT uses SFD, SFA, 2-4, 5+, ADU, and MH. The 2-4 category cannot be defensibly split into duplex versus 3-4-unit buildings from this source alone. Stage activity is counted only when the stage date is in the APR reporting year."
National City,2021,Building Permit,Single-family attached,0.0,reported,HCD APR Table A2,2021,2026-10-07,Jurisdiction,Housing units (count),"HCD UNIT_CAT uses SFD, SFA, 2-4, 5+, ADU, and MH. The 2-4 category cannot be defensibly split into duplex versus 3-4-unit buildings from this source alone. Stage activity is counted only when the stage date is in the APR reporting year."
National City,2021,Building Permit,Single-family detached,5.0,reported,HCD APR Table A2,2021,2026-10-07,Jurisdiction,Housing units (count),"HCD UNIT_CAT uses SFD, SFA, 2-4, 5+, ADU, and MH. The 2-4 category cannot be defensibly split into duplex versus 3-4-unit buildings from this source alone. Stage activity is counted only when the stage date is in the APR reporting year."
National City,2021,Building Permit,Unknown / not reported,0.0,reported,HCD APR Table A2,2021,2026-10-07,Jurisdiction,Housing units (count),"HCD UNIT_CAT uses SFD, SFA, 2-4, 5+, ADU, and MH. The 2-4 category cannot be defensibly split into duplex versus 3-4-unit buildings from this source alone. Stage activity is counted only when the stage date is in the APR reporting year."
National City,2021,Completion,2-4 unit building (combined),0.0,reported,HCD APR Table A2,2021,2026-10-07,Jurisdiction,Housing units (count),"HCD UNIT_CAT uses SFD, SFA, 2-4, 5+, ADU, and MH. The 2-4 category cannot be defensibly split into duplex versus 3-4-unit buildings from this source alone. Stage activity is counted only when the stage date is in the APR reporting year."
National City,2021,Completion,5+ unit building,137.0,reported,HCD APR Table A2,2021,2026-10-07,Jurisdiction,Housing units (count),"HCD UNIT_CAT uses SFD, SFA, 2-4, 5+, ADU, and MH. The 2-4 category cannot be defensibly split into duplex versus 3-4-unit buildings from this source alone. Stage activity is counted only when the stage date is in the APR reporting year."
National City,2021,Completion,Accessory dwelling unit,2.0,reported,HCD APR Table A2,2021,2026-10-07,Jurisdiction,Housing units (count),"HCD UNIT_CAT uses SFD, SFA, 2-4, 5+, ADU, and MH. The 2-4 category cannot be defensibly split into duplex versus 3-4-unit buildings from this source alone. Stage activity is counted only when the stage date is in the APR reporting year."
National City,2021,Completion,Mobile home / manufactured home,0.0,reported,HCD APR Table A2,2021,2026-10-07,Jurisdiction,Housing units (count),"HCD UNIT_CAT uses SFD, SFA, 2-4, 5+, ADU, and MH. The 2-4 category cannot be defensibly split into duplex versus 3-4-unit buildings from this source alone. Stage activity is counted only when the stage date is in the APR reporting year."
National City,2021,Completion,Other / source-reported,0.0,reported,HCD APR Table A2,2021,2026-10-07,Jurisdiction,Housing units (count),"HCD UNIT_CAT uses SFD, SFA, 2-4, 5+, ADU, and MH. The 2-4 category cannot be defensibly split into duplex versus 3-4-unit buildings from this source alone. Stage activity is counted only when the stage date is in the APR reporting year."
National City,2021,Completion,Single-family attached,0.0,reported,HCD APR Table A2,2021,2026-10-07,Jurisdiction,Housing units (count),"HCD UNIT_CAT uses SFD, SFA, 2-4, 5+, ADU, and MH. The 2-4 category cannot be defensibly split into duplex versus 3-4-unit buildings from this source alone. Stage activity is counted only when the stage date is in the APR reporting year."
National City,2021,Completion,Single-family detached,0.0,reported,HCD APR Table A2,2021,2026-10-07,Jurisdiction,Housing units (count),"HCD UNIT_CAT uses SFD, SFA, 2-4, 5+, ADU, and MH. The 2-4 category cannot be defensibly split into duplex versus 3-4-unit buildings from this source alone. Stage activity is counted only when the stage date is in the APR reporting year."
National City,2021,Completion,Unknown / not reported,0.0,reported,HCD APR Table A2,2021,2026-10-07,Jurisdiction,Housing units (count),"HCD UNIT_CAT uses SFD, SFA, 2-4, 5+, ADU, and MH. The 2-4 category cannot be defensibly split into duplex versus 3-4-unit buildings from this source alone. Stage activity is counted only when the stage date is in the APR reporting year."
National City,2022,Building Permit,2-4 unit building (combined),0.0,reported,HCD APR Table A2,2022,2026-10-07,Jurisdiction,Housing units (count),"HCD UNIT_CAT uses SFD, SFA, 2-4, 5+, ADU, and MH. The 2-4 category cannot be defensibly split into duplex versus 3-4-unit buildings from this source alone. Stage activity is counted only when the stage date is in the APR reporting year."
National City,2022,Building Permit,5+ unit building,272.0,reported,HCD APR Table A2,2022,2026-10-07,Jurisdiction,Housing units (count),"HCD UNIT_CAT uses SFD, SFA, 2-4, 5+, ADU, and MH. The 2-4 category cannot be defensibly split into duplex versus 3-4-unit buildings from this source alone. Stage activity is counted only when the stage date is in the APR reporting year."
National City,2022,Building Permit,Accessory dwelling unit,28.0,reported,HCD APR Table A2,2022,2026-10-07,Jurisdiction,Housing units (count),"HCD UNIT_CAT uses SFD, SFA, 2-4, 5+, ADU, and MH. The 2-4 category cannot be defensibly split into duplex versus 3-4-unit buildings from this source alone. Stage activity is counted only when the stage date is in the APR reporting year."
National City,2022,Building Permit,Mobile home / manufactured home,0.0,reported,HCD APR Table A2,2022,2026-10-07,Jurisdiction,Housing units (count),"HCD UNIT_CAT uses SFD, SFA, 2-4, 5+, ADU, and MH. The 2-4 category cannot be defensibly split into duplex versus 3-4-unit buildings from this source alone. Stage activity is counted only when the stage date is in the APR reporting year."
National City,2022,Building Permit,Other / source-reported,0.0,reported,HCD APR Table A2,2022,2026-10-07,Jurisdiction,Housing units (count),"HCD UNIT_CAT uses SFD, SFA, 2-4, 5+, ADU, and MH. The 2-4 category cannot be defensibly split into duplex versus 3-4-unit buildings from this source alone. Stage activity is counted only when the stage date is in the APR reporting year."
National City,2022,Building Permit,Single-family attached,0.0,reported,HCD APR Table A2,2022,2026-10-07,Jurisdiction,Housing units (count),"HCD UNIT_CAT uses SFD, SFA, 2-4, 5+, ADU, and MH. The 2-4 category cannot be defensibly split into duplex versus 3-4-unit buildings from this source alone. Stage activity is counted only when the stage date is in the APR reporting year."
National City,2022,Building Permit,Single-family detached,5.0,reported,HCD APR Table A2,2022,2026-10-07,Jurisdiction,Housing units (count),"HCD UNIT_CAT uses SFD, SFA, 2-4, 5+, ADU, and MH. The 2-4 category cannot be defensibly split into duplex versus 3-4-unit buildings from this source alone. Stage activity is counted only when the stage date is in the APR reporting year."
National City,2022,Building Permit,Unknown / not reported,0.0,reported,HCD APR Table A2,2022,2026-10-07,Jurisdiction,Housing units (count),"HCD UNIT_CAT uses SFD, SFA, 2-4, 5+, ADU, and MH. The 2-4 category cannot be defensibly split into duplex versus 3-4-unit buildings from this source alone. Stage activity is counted only when the stage date is in the APR reporting year."
National City,2022,Completion,2-4 unit building (combined),0.0,reported,HCD APR Table A2,2022,2026-10-07,Jurisdiction,Housing units (count),"HCD UNIT_CAT uses SFD, SFA, 2-4, 5+, ADU, and MH. The 2-4 category cannot be defensibly split into duplex versus 3-4-unit buildings from this source alone. Stage activity is counted only when the stage date is in the APR reporting year."
National City,2022,Completion,5+ unit building,45.0,reported,HCD APR Table A2,2022,2026-10-07,Jurisdiction,Housing units (count),"HCD UNIT_CAT uses SFD, SFA, 2-4, 5+, ADU, and MH. The 2-4 category cannot be defensibly split into duplex versus 3-4-unit buildings from this source alone. Stage activity is counted only when the stage date is in the APR reporting year."
National City,2022,Completion,Accessory dwelling unit,7.0,reported,HCD APR Table A2,2022,2026-10-07,Jurisdiction,Housing units (count),"HCD UNIT_CAT uses SFD, SFA, 2-4, 5+, ADU, and MH. The 2-4 category cannot be defensibly split into duplex versus 3-4-unit buildings from this source alone. Stage activity is counted only when the stage date is in the APR reporting year."
National City,2022,Completion,Mobile home / manufactured home,0.0,reported,HCD APR Table A2,2022,2026-10-07,Jurisdiction,Housing units (count),"HCD UNIT_CAT uses SFD, SFA, 2-4, 5+, ADU, and MH. The 2-4 category cannot be defensibly split into duplex versus 3-4-unit buildings from this source alone. Stage activity is counted only when the stage date is in the APR reporting year."
National City,2022,Completion,Other / source-reported,0.0,reported,HCD APR Table A2,2022,2026-10-07,Jurisdiction,Housing units (count),"HCD UNIT_CAT uses SFD, SFA, 2-4, 5+, ADU, and MH. The 2-4 category cannot be defensibly split into duplex versus 3-4-unit buildings from this source alone. Stage activity is counted only when the stage date is in the APR reporting year."
National City,2022,Completion,Single-family attached,0.0,reported,HCD APR Table A2,2022,2026-10-07,Jurisdiction,Housing units (count),"HCD UNIT_CAT uses SFD, SFA, 2-4, 5+, ADU, and MH. The 2-4 category cannot be defensibly split into duplex versus 3-4-unit buildings from this source alone. Stage activity is counted only when the stage date is in the APR reporting year."
National City,2022,Completion,Single-family detached,1.0,reported,HCD APR Table A2,2022,2026-10-07,Jurisdiction,Housing units (count),"HCD UNIT_CAT uses SFD, SFA, 2-4, 5+, ADU, and MH. The 2-4 category cannot be defensibly split into duplex versus 3-4-unit buildings from this source alone. Stage activity is counted only when the stage date is in the APR reporting year."
National City,2022,Completion,Unknown / not reported,0.0,reported,HCD APR Table A2,2022,2026-10-07,Jurisdiction,Housing units (count),"HCD UNIT_CAT uses SFD, SFA, 2-4, 5+, ADU, and MH. The 2-4 category cannot be defensibly split into duplex versus 3-4-unit buildings from this source alone. Stage activity is counted only when the stage date is in the APR reporting year."
National City,2023,Building Permit,2-4 unit building (combined),6.0,reported,HCD APR Table A2,2023,2026-10-07,Jurisdiction,Housing units (count),"HCD UNIT_CAT uses SFD, SFA, 2-4, 5+, ADU, and MH. The 2-4 category cannot be defensibly split into duplex versus 3-4-unit buildings from this source alone. Stage activity is counted only when the stage date is in the APR reporting year."
National City,2023,Building Permit,5+ unit building,0.0,reported,HCD APR Table A2,2023,2026-10-07,Jurisdiction,Housing units (count),"HCD UNIT_CAT uses SFD, SFA, 2-4, 5+, ADU, and MH. The 2-4 category cannot be defensibly split into duplex versus 3-4-unit buildings from this source alone. Stage activity is counted only when the stage date is in the APR reporting year."
National City,2023,Building Permit,Accessory dwelling unit,49.0,reported,HCD APR Table A2,2023,2026-10-07,Jurisdiction,Housing units (count),"HCD UNIT_CAT uses SFD, SFA, 2-4, 5+, ADU, and MH. The 2-4 category cannot be defensibly split into duplex versus 3-4-unit buildings from this source alone. Stage activity is counted only when the stage date is in the APR reporting year."
National City,2023,Building Permit,Mobile home / manufactured home,2.0,reported,HCD APR Table A2,2023,2026-10-07,Jurisdiction,Housing units (count),"HCD UNIT_CAT uses SFD, SFA, 2-4, 5+, ADU, and MH. The 2-4 category cannot be defensibly split into duplex versus 3-4-unit buildings from this source alone. Stage activity is counted only when the stage date is in the APR reporting year."
National City,2023,Building Permit,Other / source-reported,0.0,reported,HCD APR Table A2,2023,2026-10-07,Jurisdiction,Housing units (count),"HCD UNIT_CAT uses SFD, SFA, 2-4, 5+, ADU, and MH. The 2-4 category cannot be defensibly split into duplex versus 3-4-unit buildings from this source alone. Stage activity is counted only when the stage date is in the APR reporting year."
National City,2023,Building Permit,Single-family attached,6.0,reported,HCD APR Table A2,2023,2026-10-07,Jurisdiction,Housing units (count),"HCD UNIT_CAT uses SFD, SFA, 2-4, 5+, ADU, and MH. The 2-4 category cannot be defensibly split into duplex versus 3-4-unit buildings from this source alone. Stage activity is counted only when the stage date is in the APR reporting year."
National City,2023,Building Permit,Single-family detached,3.0,reported,HCD APR Table A2,2023,2026-10-07,Jurisdiction,Housing units (count),"HCD UNIT_CAT uses SFD, SFA, 2-4, 5+, ADU, and MH. The 2-4 category cannot be defensibly split into duplex versus 3-4-unit buildings from this source alone. Stage activity is counted only when the stage date is in the APR reporting year."
National City,2023,Building Permit,Unknown / not reported,0.0,reported,HCD APR Table A2,2023,2026-10-07,Jurisdiction,Housing units (count),"HCD UNIT_CAT uses SFD, SFA, 2-4, 5+, ADU, and MH. The 2-4 category cannot be defensibly split into duplex versus 3-4-unit buildings from this source alone. Stage activity is counted only when the stage date is in the APR reporting year."
National City,2023,Completion,2-4 unit building (combined),4.0,reported,HCD APR Table A2,2023,2026-10-07,Jurisdiction,Housing units (count),"HCD UNIT_CAT uses SFD, SFA, 2-4, 5+, ADU, and MH. The 2-4 category cannot be defensibly split into duplex versus 3-4-unit buildings from this source alone. Stage activity is counted only when the stage date is in the APR reporting year."
National City,2023,Completion,5+ unit building,165.0,reported,HCD APR Table A2,2023,2026-10-07,Jurisdiction,Housing units (count),"HCD UNIT_CAT uses SFD, SFA, 2-4, 5+, ADU, and MH. The 2-4 category cannot be defensibly split into duplex versus 3-4-unit buildings from this source alone. Stage activity is counted only when the stage date is in the APR reporting year."
National City,2023,Completion,Accessory dwelling unit,20.0,reported,HCD APR Table A2,2023,2026-10-07,Jurisdiction,Housing units (count),"HCD UNIT_CAT uses SFD, SFA, 2-4, 5+, ADU, and MH. The 2-4 category cannot be defensibly split into duplex versus 3-4-unit buildings from this source alone. Stage activity is counted only when the stage date is in the APR reporting year."
National City,2023,Completion,Mobile home / manufactured home,0.0,reported,HCD APR Table A2,2023,2026-10-07,Jurisdiction,Housing units (count),"HCD UNIT_CAT uses SFD, SFA, 2-4, 5+, ADU, and MH. The 2-4 category cannot be defensibly split into duplex versus 3-4-unit buildings from this source alone. Stage activity is counted only when the stage date is in the APR reporting year."
National City,2023,Completion,Other / source-reported,0.0,reported,HCD APR Table A2,2023,2026-10-07,Jurisdiction,Housing units (count),"HCD UNIT_CAT uses SFD, SFA, 2-4, 5+, ADU, and MH. The 2-4 category cannot be defensibly split into duplex versus 3-4-unit buildings from this source alone. Stage activity is counted only when the stage date is in the APR reporting year."
National City,2023,Completion,Single-family attached,0.0,reported,HCD APR Table A2,2023,2026-10-07,Jurisdiction,Housing units (count),"HCD UNIT_CAT uses SFD, SFA, 2-4, 5+, ADU, and MH. The 2-4 category cannot be defensibly split into duplex versus 3-4-unit buildings from this source alone. Stage activity is counted only when the stage date is in the APR reporting year."
National City,2023,Completion,Single-family detached,7.0,reported,HCD APR Table A2,2023,2026-10-07,Jurisdiction,Housing units (count),"HCD UNIT_CAT uses SFD, SFA, 2-4, 5+, ADU, and MH. The 2-4 category cannot be defensibly split into duplex versus 3-4-unit buildings from this source alone. Stage activity is counted only when the stage date is in the APR reporting year."
National City,2023,Completion,Unknown / not reported,0.0,reported,HCD APR Table A2,2023,2026-10-07,Jurisdiction,Housing units (count),"HCD UNIT_CAT uses SFD, SFA, 2-4, 5+, ADU, and MH. The 2-4 category cannot be defensibly split into duplex versus 3-4-unit buildings from this source alone. Stage activity is counted only when the stage date is in the APR reporting year."
National City,2024,Building Permit,2-4 unit building (combined),0.0,reported,HCD APR Table A2,2024,2026-10-07,Jurisdiction,Housing units (count),"HCD UNIT_CAT uses SFD, SFA, 2-4, 5+, ADU, and MH. The 2-4 category cannot be defensibly split into duplex versus 3-4-unit buildings from this source alone. Stage activity is counted only when the stage date is in the APR reporting year."
National City,2024,Building Permit,5+ unit building,158.0,reported,HCD APR Table A2,2024,2026-10-07,Jurisdiction,Housing units (count),"HCD UNIT_CAT uses SFD, SFA, 2-4, 5+, ADU, and MH. The 2-4 category cannot be defensibly split into duplex versus 3-4-unit buildings from this source alone. Stage activity is counted only when the stage date is in the APR reporting year."
National City,2024,Building Permit,Accessory dwelling unit,32.0,reported,HCD APR Table A2,2024,2026-10-07,Jurisdiction,Housing units (count),"HCD UNIT_CAT uses SFD, SFA, 2-4, 5+, ADU, and MH. The 2-4 category cannot be defensibly split into duplex versus 3-4-unit buildings from this source alone. Stage activity is counted only when the stage date is in the APR reporting year."
National City,2024,Building Permit,Mobile home / manufactured home,0.0,reported,HCD APR Table A2,2024,2026-10-07,Jurisdiction,Housing units (count),"HCD UNIT_CAT uses SFD, SFA, 2-4, 5+, ADU, and MH. The 2-4 category cannot be defensibly split into duplex versus 3-4-unit buildings from this source alone. Stage activity is counted only when the stage date is in the APR reporting year."
National City,2024,Building Permit,Other / source-reported,0.0,reported,HCD APR Table A2,2024,2026-10-07,Jurisdiction,Housing units (count),"HCD UNIT_CAT uses SFD, SFA, 2-4, 5+, ADU, and MH. The 2-4 category cannot be defensibly split into duplex versus 3-4-unit buildings from this source alone. Stage activity is counted only when the stage date is in the APR reporting year."
National City,2024,Building Permit,Single-family attached,6.0,reported,HCD APR Table A2,2024,2026-10-07,Jurisdiction,Housing units (count),"HCD UNIT_CAT uses SFD, SFA, 2-4, 5+, ADU, and MH. The 2-4 category cannot be defensibly split into duplex versus 3-4-unit buildings from this source alone. Stage activity is counted only when the stage date is in the APR reporting year."
National City,2024,Building Permit,Single-family detached,8.0,reported,HCD APR Table A2,2024,2026-10-07,Jurisdiction,Housing units (count),"HCD UNIT_CAT uses SFD, SFA, 2-4, 5+, ADU, and MH. The 2-4 category cannot be defensibly split into duplex versus 3-4-unit buildings from this source alone. Stage activity is counted only when the stage date is in the APR reporting year."
National City,2024,Building Permit,Unknown / not reported,0.0,reported,HCD APR Table A2,2024,2026-10-07,Jurisdiction,Housing units (count),"HCD UNIT_CAT uses SFD, SFA, 2-4, 5+, ADU, and MH. The 2-4 category cannot be defensibly split into duplex versus 3-4-unit buildings from this source alone. Stage activity is counted only when the stage date is in the APR reporting year."
National City,2024,Completion,2-4 unit building (combined),4.0,reported,HCD APR Table A2,2024,2026-10-07,Jurisdiction,Housing units (count),"HCD UNIT_CAT uses SFD, SFA, 2-4, 5+, ADU, and MH. The 2-4 category cannot be defensibly split into duplex versus 3-4-unit buildings from this source alone. Stage activity is counted only when the stage date is in the APR reporting year."
National City,2024,Completion,5+ unit building,132.0,reported,HCD APR Table A2,2024,2026-10-07,Jurisdiction,Housing units (count),"HCD UNIT_CAT uses SFD, SFA, 2-4, 5+, ADU, and MH. The 2-4 category cannot be defensibly split into duplex versus 3-4-unit buildings from this source alone. Stage activity is counted only when the stage date is in the APR reporting year."
National City,2024,Completion,Accessory dwelling unit,22.0,reported,HCD APR Table A2,2024,2026-10-07,Jurisdiction,Housing units (count),"HCD UNIT_CAT uses SFD, SFA, 2-4, 5+, ADU, and MH. The 2-4 category cannot be defensibly split into duplex versus 3-4-unit buildings from this source alone. Stage activity is counted only when the stage date is in the APR reporting year."
National City,2024,Completion,Mobile home / manufactured home,0.0,reported,HCD APR Table A2,2024,2026-10-07,Jurisdiction,Housing units (count),"HCD UNIT_CAT uses SFD, SFA, 2-4, 5+, ADU, and MH. The 2-4 category cannot be defensibly split into duplex versus 3-4-unit buildings from this source alone. Stage activity is counted only when the stage date is in the APR reporting year."
National City,2024,Completion,Other / source-reported,0.0,reported,HCD APR Table A2,2024,2026-10-07,Jurisdiction,Housing units (count),"HCD UNIT_CAT uses SFD, SFA, 2-4, 5+, ADU, and MH. The 2-4 category cannot be defensibly split into duplex versus 3-4-unit buildings from this source alone. Stage activity is counted only when the stage date is in the APR reporting year."
National City,2024,Completion,Single-family attached,0.0,reported,HCD APR Table A2,2024,2026-10-07,Jurisdiction,Housing units (count),"HCD UNIT_CAT uses SFD, SFA, 2-4, 5+, ADU, and MH. The 2-4 category cannot be defensibly split into duplex versus 3-4-unit buildings from this source alone. Stage activity is counted only when the stage date is in the APR reporting year."
National City,2024,Completion,Single-family detached,0.0,reported,HCD APR Table A2,2024,2026-10-07,Jurisdiction,Housing units (count),"HCD UNIT_CAT uses SFD, SFA, 2-4, 5+, ADU, and MH. The 2-4 category cannot be defensibly split into duplex versus 3-4-unit buildings from this source alone. Stage activity is counted only when the stage date is in the APR reporting year."
National City,2024,Completion,Unknown / not reported,0.0,reported,HCD APR Table A2,2024,2026-10-07,Jurisdiction,Housing units (count),"HCD UNIT_CAT uses SFD, SFA, 2-4, 5+, ADU, and MH. The 2-4 category cannot be defensibly split into duplex versus 3-4-unit buildings from this source alone. Stage activity is counted only when the stage date is in the APR reporting year."
National City,2025,Building Permit,2-4 unit building (combined),0.0,reported,HCD APR Table A2,2025,2026-10-07,Jurisdiction,Housing units (count),"HCD UNIT_CAT uses SFD, SFA, 2-4, 5+, ADU, and MH. The 2-4 category cannot be defensibly split into duplex versus 3-4-unit buildings from this source alone. Stage activity is counted only when the stage date is in the APR reporting year."
National City,2025,Building Permit,5+ unit building,0.0,reported,HCD APR Table A2,2025,2026-10-07,Jurisdiction,Housing units (count),"HCD UNIT_CAT uses SFD, SFA, 2-4, 5+, ADU, and MH. The 2-4 category cannot be defensibly split into duplex versus 3-4-unit buildings from this source alone. Stage activity is counted only when the stage date is in the APR reporting year."
National City,2025,Building Permit,Accessory dwelling unit,49.0,reported,HCD APR Table A2,2025,2026-10-07,Jurisdiction,Housing units (count),"HCD UNIT_CAT uses SFD, SFA, 2-4, 5+, ADU, and MH. The 2-4 category cannot be defensibly split into duplex versus 3-4-unit buildings from this source alone. Stage activity is counted only when the stage date is in the APR reporting year."
National City,2025,Building Permit,Mobile home / manufactured home,0.0,reported,HCD APR Table A2,2025,2026-10-07,Jurisdiction,Housing units (count),"HCD UNIT_CAT uses SFD, SFA, 2-4, 5+, ADU, and MH. The 2-4 category cannot be defensibly split into duplex versus 3-4-unit buildings from this source alone. Stage activity is counted only when the stage date is in the APR reporting year."
National City,2025,Building Permit,Other / source-reported,0.0,reported,HCD APR Table A2,2025,2026-10-07,Jurisdiction,Housing units (count),"HCD UNIT_CAT uses SFD, SFA, 2-4, 5+, ADU, and MH. The 2-4 category cannot be defensibly split into duplex versus 3-4-unit buildings from this source alone. Stage activity is counted only when the stage date is in the APR reporting year."
National City,2025,Building Permit,Single-family attached,1.0,reported,HCD APR Table A2,2025,2026-10-07,Jurisdiction,Housing units (count),"HCD UNIT_CAT uses SFD, SFA, 2-4, 5+, ADU, and MH. The 2-4 category cannot be defensibly split into duplex versus 3-4-unit buildings from this source alone. Stage activity is counted only when the stage date is in the APR reporting year."
National City,2025,Building Permit,Single-family detached,1.0,reported,HCD APR Table A2,2025,2026-10-07,Jurisdiction,Housing units (count),"HCD UNIT_CAT uses SFD, SFA, 2-4, 5+, ADU, and MH. The 2-4 category cannot be defensibly split into duplex versus 3-4-unit buildings from this source alone. Stage activity is counted only when the stage date is in the APR reporting year."
National City,2025,Building Permit,Unknown / not reported,0.0,reported,HCD APR Table A2,2025,2026-10-07,Jurisdiction,Housing units (count),"HCD UNIT_CAT uses SFD, SFA, 2-4, 5+, ADU, and MH. The 2-4 category cannot be defensibly split into duplex versus 3-4-unit buildings from this source alone. Stage activity is counted only when the stage date is in the APR reporting year."
National City,2025,Completion,2-4 unit building (combined),0.0,reported,HCD APR Table A2,2025,2026-10-07,Jurisdiction,Housing units (count),"HCD UNIT_CAT uses SFD, SFA, 2-4, 5+, ADU, and MH. The 2-4 category cannot be defensibly split into duplex versus 3-4-unit buildings from this source alone. Stage activity is counted only when the stage date is in the APR reporting year."
National City,2025,Completion,5+ unit building,0.0,reported,HCD APR Table A2,2025,2026-10-07,Jurisdiction,Housing units (count),"HCD UNIT_CAT uses SFD, SFA, 2-4, 5+, ADU, and MH. The 2-4 category cannot be defensibly split into duplex versus 3-4-unit buildings from this source alone. Stage activity is counted only when the stage date is in the APR reporting year."
National City,2025,Completion,Accessory dwelling unit,39.0,reported,HCD APR Table A2,2025,2026-10-07,Jurisdiction,Housing units (count),"HCD UNIT_CAT uses SFD, SFA, 2-4, 5+, ADU, and MH. The 2-4 category cannot be defensibly split into duplex versus 3-4-unit buildings from this source alone. Stage activity is counted only when the stage date is in the APR reporting year."
National City,2025,Completion,Mobile home / manufactured home,193.0,reported,HCD APR Table A2,2025,2026-10-07,Jurisdiction,Housing units (count),"HCD UNIT_CAT uses SFD, SFA, 2-4, 5+, ADU, and MH. The 2-4 category cannot be defensibly split into duplex versus 3-4-unit buildings from this source alone. Stage activity is counted only when the stage date is in the APR reporting year."
National City,2025,Completion,Other / source-reported,0.0,reported,HCD APR Table A2,2025,2026-10-07,Jurisdiction,Housing units (count),"HCD UNIT_CAT uses SFD, SFA, 2-4, 5+, ADU, and MH. The 2-4 category cannot be defensibly split into duplex versus 3-4-unit buildings from this source alone. Stage activity is counted only when the stage date is in the APR reporting year."
National City,2025,Completion,Single-family attached,0.0,reported,HCD APR Table A2,2025,2026-10-07,Jurisdiction,Housing units (count),"HCD UNIT_CAT uses SFD, SFA, 2-4, 5+, ADU, and MH. The 2-4 category cannot be defensibly split into duplex versus 3-4-unit buildings from this source alone. Stage activity is counted only when the stage date is in the APR reporting year."
National City,2025,Completion,Single-family detached,2.0,reported,HCD APR Table A2,2025,2026-10-07,Jurisdiction,Housing units (count),"HCD UNIT_CAT uses SFD, SFA, 2-4, 5+, ADU, and MH. The 2-4 category cannot be defensibly split into duplex versus 3-4-unit buildings from this source alone. Stage activity is counted only when the stage date is in the APR reporting year."
National City,2025,Completion,Unknown / not reported,0.0,reported,HCD APR Table A2,2025,2026-10-07,Jurisdiction,Housing units (count),"HCD UNIT_CAT uses SFD, SFA, 2-4, 5+, ADU, and MH. The 2-4 category cannot be defensibly split into duplex versus 3-4-unit buildings from this source alone. Stage activity is counted only when the stage date is in the APR reporting year."
Oceanside,2018,Building Permit,2-4 unit building (combined),40.0,reported,HCD APR Table A2,2018,2026-10-07,Jurisdiction,Housing units (count),"HCD UNIT_CAT uses SFD, SFA, 2-4, 5+, ADU, and MH. The 2-4 category cannot be defensibly split into duplex versus 3-4-unit buildings from this source alone. Stage activity is counted only when the stage date is in the APR reporting year."
Oceanside,2018,Building Permit,5+ unit building,10.0,reported,HCD APR Table A2,2018,2026-10-07,Jurisdiction,Housing units (count),"HCD UNIT_CAT uses SFD, SFA, 2-4, 5+, ADU, and MH. The 2-4 category cannot be defensibly split into duplex versus 3-4-unit buildings from this source alone. Stage activity is counted only when the stage date is in the APR reporting year."
Oceanside,2018,Building Permit,Accessory dwelling unit,21.0,reported,HCD APR Table A2,2018,2026-10-07,Jurisdiction,Housing units (count),"HCD UNIT_CAT uses SFD, SFA, 2-4, 5+, ADU, and MH. The 2-4 category cannot be defensibly split into duplex versus 3-4-unit buildings from this source alone. Stage activity is counted only when the stage date is in the APR reporting year."
Oceanside,2018,Building Permit,Mobile home / manufactured home,7.0,reported,HCD APR Table A2,2018,2026-10-07,Jurisdiction,Housing units (count),"HCD UNIT_CAT uses SFD, SFA, 2-4, 5+, ADU, and MH. The 2-4 category cannot be defensibly split into duplex versus 3-4-unit buildings from this source alone. Stage activity is counted only when the stage date is in the APR reporting year."
Oceanside,2018,Building Permit,Other / source-reported,0.0,reported,HCD APR Table A2,2018,2026-10-07,Jurisdiction,Housing units (count),"HCD UNIT_CAT uses SFD, SFA, 2-4, 5+, ADU, and MH. The 2-4 category cannot be defensibly split into duplex versus 3-4-unit buildings from this source alone. Stage activity is counted only when the stage date is in the APR reporting year."
Oceanside,2018,Building Permit,Single-family attached,163.0,reported,HCD APR Table A2,2018,2026-10-07,Jurisdiction,Housing units (count),"HCD UNIT_CAT uses SFD, SFA, 2-4, 5+, ADU, and MH. The 2-4 category cannot be defensibly split into duplex versus 3-4-unit buildings from this source alone. Stage activity is counted only when the stage date is in the APR reporting year."
Oceanside,2018,Building Permit,Single-family detached,53.0,reported,HCD APR Table A2,2018,2026-10-07,Jurisdiction,Housing units (count),"HCD UNIT_CAT uses SFD, SFA, 2-4, 5+, ADU, and MH. The 2-4 category cannot be defensibly split into duplex versus 3-4-unit buildings from this source alone. Stage activity is counted only when the stage date is in the APR reporting year."
Oceanside,2018,Building Permit,Unknown / not reported,0.0,reported,HCD APR Table A2,2018,2026-10-07,Jurisdiction,Housing units (count),"HCD UNIT_CAT uses SFD, SFA, 2-4, 5+, ADU, and MH. The 2-4 category cannot be defensibly split into duplex versus 3-4-unit buildings from this source alone. Stage activity is counted only when the stage date is in the APR reporting year."
Oceanside,2018,Completion,2-4 unit building (combined),38.0,reported,HCD APR Table A2,2018,2026-10-07,Jurisdiction,Housing units (count),"HCD UNIT_CAT uses SFD, SFA, 2-4, 5+, ADU, and MH. The 2-4 category cannot be defensibly split into duplex versus 3-4-unit buildings from this source alone. Stage activity is counted only when the stage date is in the APR reporting year."
Oceanside,2018,Completion,5+ unit building,245.0,reported,HCD APR Table A2,2018,2026-10-07,Jurisdiction,Housing units (count),"HCD UNIT_CAT uses SFD, SFA, 2-4, 5+, ADU, and MH. The 2-4 category cannot be defensibly split into duplex versus 3-4-unit buildings from this source alone. Stage activity is counted only when the stage date is in the APR reporting year."
Oceanside,2018,Completion,Accessory dwelling unit,21.0,reported,HCD APR Table A2,2018,2026-10-07,Jurisdiction,Housing units (count),"HCD UNIT_CAT uses SFD, SFA, 2-4, 5+, ADU, and MH. The 2-4 category cannot be defensibly split into duplex versus 3-4-unit buildings from this source alone. Stage activity is counted only when the stage date is in the APR reporting year."
Oceanside,2018,Completion,Mobile home / manufactured home,12.0,reported,HCD APR Table A2,2018,2026-10-07,Jurisdiction,Housing units (count),"HCD UNIT_CAT uses SFD, SFA, 2-4, 5+, ADU, and MH. The 2-4 category cannot be defensibly split into duplex versus 3-4-unit buildings from this source alone. Stage activity is counted only when the stage date is in the APR reporting year."
Oceanside,2018,Completion,Other / source-reported,0.0,reported,HCD APR Table A2,2018,2026-10-07,Jurisdiction,Housing units (count),"HCD UNIT_CAT uses SFD, SFA, 2-4, 5+, ADU, and MH. The 2-4 category cannot be defensibly split into duplex versus 3-4-unit buildings from this source alone. Stage activity is counted only when the stage date is in the APR reporting year."
Oceanside,2018,Completion,Single-family attached,146.0,reported,HCD APR Table A2,2018,2026-10-07,Jurisdiction,Housing units (count),"HCD UNIT_CAT uses SFD, SFA, 2-4, 5+, ADU, and MH. The 2-4 category cannot be defensibly split into duplex versus 3-4-unit buildings from this source alone. Stage activity is counted only when the stage date is in the APR reporting year."
Oceanside,2018,Completion,Single-family detached,124.0,reported,HCD APR Table A2,2018,2026-10-07,Jurisdiction,Housing units (count),"HCD UNIT_CAT uses SFD, SFA, 2-4, 5+, ADU, and MH. The 2-4 category cannot be defensibly split into duplex versus 3-4-unit buildings from this source alone. Stage activity is counted only when the stage date is in the APR reporting year."
Oceanside,2018,Completion,Unknown / not reported,0.0,reported,HCD APR Table A2,2018,2026-10-07,Jurisdiction,Housing units (count),"HCD UNIT_CAT uses SFD, SFA, 2-4, 5+, ADU, and MH. The 2-4 category cannot be defensibly split into duplex versus 3-4-unit buildings from this source alone. Stage activity is counted only when the stage date is in the APR reporting year."
Oceanside,2019,Building Permit,2-4 unit building (combined),68.0,reported,HCD APR Table A2,2019,2026-10-07,Jurisdiction,Housing units (count),"HCD UNIT_CAT uses SFD, SFA, 2-4, 5+, ADU, and MH. The 2-4 category cannot be defensibly split into duplex versus 3-4-unit buildings from this source alone. Stage activity is counted only when the stage date is in the APR reporting year."
Oceanside,2019,Building Permit,5+ unit building,119.0,reported,HCD APR Table A2,2019,2026-10-07,Jurisdiction,Housing units (count),"HCD UNIT_CAT uses SFD, SFA, 2-4, 5+, ADU, and MH. The 2-4 category cannot be defensibly split into duplex versus 3-4-unit buildings from this source alone. Stage activity is counted only when the stage date is in the APR reporting year."
Oceanside,2019,Building Permit,Accessory dwelling unit,30.0,reported,HCD APR Table A2,2019,2026-10-07,Jurisdiction,Housing units (count),"HCD UNIT_CAT uses SFD, SFA, 2-4, 5+, ADU, and MH. The 2-4 category cannot be defensibly split into duplex versus 3-4-unit buildings from this source alone. Stage activity is counted only when the stage date is in the APR reporting year."
Oceanside,2019,Building Permit,Mobile home / manufactured home,0.0,reported,HCD APR Table A2,2019,2026-10-07,Jurisdiction,Housing units (count),"HCD UNIT_CAT uses SFD, SFA, 2-4, 5+, ADU, and MH. The 2-4 category cannot be defensibly split into duplex versus 3-4-unit buildings from this source alone. Stage activity is counted only when the stage date is in the APR reporting year."
Oceanside,2019,Building Permit,Other / source-reported,0.0,reported,HCD APR Table A2,2019,2026-10-07,Jurisdiction,Housing units (count),"HCD UNIT_CAT uses SFD, SFA, 2-4, 5+, ADU, and MH. The 2-4 category cannot be defensibly split into duplex versus 3-4-unit buildings from this source alone. Stage activity is counted only when the stage date is in the APR reporting year."
Oceanside,2019,Building Permit,Single-family attached,17.0,reported,HCD APR Table A2,2019,2026-10-07,Jurisdiction,Housing units (count),"HCD UNIT_CAT uses SFD, SFA, 2-4, 5+, ADU, and MH. The 2-4 category cannot be defensibly split into duplex versus 3-4-unit buildings from this source alone. Stage activity is counted only when the stage date is in the APR reporting year."
Oceanside,2019,Building Permit,Single-family detached,46.0,reported,HCD APR Table A2,2019,2026-10-07,Jurisdiction,Housing units (count),"HCD UNIT_CAT uses SFD, SFA, 2-4, 5+, ADU, and MH. The 2-4 category cannot be defensibly split into duplex versus 3-4-unit buildings from this source alone. Stage activity is counted only when the stage date is in the APR reporting year."
Oceanside,2019,Building Permit,Unknown / not reported,0.0,reported,HCD APR Table A2,2019,2026-10-07,Jurisdiction,Housing units (count),"HCD UNIT_CAT uses SFD, SFA, 2-4, 5+, ADU, and MH. The 2-4 category cannot be defensibly split into duplex versus 3-4-unit buildings from this source alone. Stage activity is counted only when the stage date is in the APR reporting year."
Oceanside,2019,Completion,2-4 unit building (combined),51.0,reported,HCD APR Table A2,2019,2026-10-07,Jurisdiction,Housing units (count),"HCD UNIT_CAT uses SFD, SFA, 2-4, 5+, ADU, and MH. The 2-4 category cannot be defensibly split into duplex versus 3-4-unit buildings from this source alone. Stage activity is counted only when the stage date is in the APR reporting year."
Oceanside,2019,Completion,5+ unit building,87.0,reported,HCD APR Table A2,2019,2026-10-07,Jurisdiction,Housing units (count),"HCD UNIT_CAT uses SFD, SFA, 2-4, 5+, ADU, and MH. The 2-4 category cannot be defensibly split into duplex versus 3-4-unit buildings from this source alone. Stage activity is counted only when the stage date is in the APR reporting year."
Oceanside,2019,Completion,Accessory dwelling unit,15.0,reported,HCD APR Table A2,2019,2026-10-07,Jurisdiction,Housing units (count),"HCD UNIT_CAT uses SFD, SFA, 2-4, 5+, ADU, and MH. The 2-4 category cannot be defensibly split into duplex versus 3-4-unit buildings from this source alone. Stage activity is counted only when the stage date is in the APR reporting year."
Oceanside,2019,Completion,Mobile home / manufactured home,8.0,reported,HCD APR Table A2,2019,2026-10-07,Jurisdiction,Housing units (count),"HCD UNIT_CAT uses SFD, SFA, 2-4, 5+, ADU, and MH. The 2-4 category cannot be defensibly split into duplex versus 3-4-unit buildings from this source alone. Stage activity is counted only when the stage date is in the APR reporting year."
Oceanside,2019,Completion,Other / source-reported,0.0,reported,HCD APR Table A2,2019,2026-10-07,Jurisdiction,Housing units (count),"HCD UNIT_CAT uses SFD, SFA, 2-4, 5+, ADU, and MH. The 2-4 category cannot be defensibly split into duplex versus 3-4-unit buildings from this source alone. Stage activity is counted only when the stage date is in the APR reporting year."
Oceanside,2019,Completion,Single-family attached,125.0,reported,HCD APR Table A2,2019,2026-10-07,Jurisdiction,Housing units (count),"HCD UNIT_CAT uses SFD, SFA, 2-4, 5+, ADU, and MH. The 2-4 category cannot be defensibly split into duplex versus 3-4-unit buildings from this source alone. Stage activity is counted only when the stage date is in the APR reporting year."
Oceanside,2019,Completion,Single-family detached,62.0,reported,HCD APR Table A2,2019,2026-10-07,Jurisdiction,Housing units (count),"HCD UNIT_CAT uses SFD, SFA, 2-4, 5+, ADU, and MH. The 2-4 category cannot be defensibly split into duplex versus 3-4-unit buildings from this source alone. Stage activity is counted only when the stage date is in the APR reporting year."
Oceanside,2019,Completion,Unknown / not reported,0.0,reported,HCD APR Table A2,2019,2026-10-07,Jurisdiction,Housing units (count),"HCD UNIT_CAT uses SFD, SFA, 2-4, 5+, ADU, and MH. The 2-4 category cannot be defensibly split into duplex versus 3-4-unit buildings from this source alone. Stage activity is counted only when the stage date is in the APR reporting year."
Oceanside,2020,Building Permit,2-4 unit building (combined),51.0,reported,HCD APR Table A2,2020,2026-10-07,Jurisdiction,Housing units (count),"HCD UNIT_CAT uses SFD, SFA, 2-4, 5+, ADU, and MH. The 2-4 category cannot be defensibly split into duplex versus 3-4-unit buildings from this source alone. Stage activity is counted only when the stage date is in the APR reporting year."
Oceanside,2020,Building Permit,5+ unit building,71.0,reported,HCD APR Table A2,2020,2026-10-07,Jurisdiction,Housing units (count),"HCD UNIT_CAT uses SFD, SFA, 2-4, 5+, ADU, and MH. The 2-4 category cannot be defensibly split into duplex versus 3-4-unit buildings from this source alone. Stage activity is counted only when the stage date is in the APR reporting year."
Oceanside,2020,Building Permit,Accessory dwelling unit,49.0,reported,HCD APR Table A2,2020,2026-10-07,Jurisdiction,Housing units (count),"HCD UNIT_CAT uses SFD, SFA, 2-4, 5+, ADU, and MH. The 2-4 category cannot be defensibly split into duplex versus 3-4-unit buildings from this source alone. Stage activity is counted only when the stage date is in the APR reporting year."
Oceanside,2020,Building Permit,Mobile home / manufactured home,0.0,reported,HCD APR Table A2,2020,2026-10-07,Jurisdiction,Housing units (count),"HCD UNIT_CAT uses SFD, SFA, 2-4, 5+, ADU, and MH. The 2-4 category cannot be defensibly split into duplex versus 3-4-unit buildings from this source alone. Stage activity is counted only when the stage date is in the APR reporting year."
Oceanside,2020,Building Permit,Other / source-reported,0.0,reported,HCD APR Table A2,2020,2026-10-07,Jurisdiction,Housing units (count),"HCD UNIT_CAT uses SFD, SFA, 2-4, 5+, ADU, and MH. The 2-4 category cannot be defensibly split into duplex versus 3-4-unit buildings from this source alone. Stage activity is counted only when the stage date is in the APR reporting year."
Oceanside,2020,Building Permit,Single-family attached,0.0,reported,HCD APR Table A2,2020,2026-10-07,Jurisdiction,Housing units (count),"HCD UNIT_CAT uses SFD, SFA, 2-4, 5+, ADU, and MH. The 2-4 category cannot be defensibly split into duplex versus 3-4-unit buildings from this source alone. Stage activity is counted only when the stage date is in the APR reporting year."
Oceanside,2020,Building Permit,Single-family detached,13.0,reported,HCD APR Table A2,2020,2026-10-07,Jurisdiction,Housing units (count),"HCD UNIT_CAT uses SFD, SFA, 2-4, 5+, ADU, and MH. The 2-4 category cannot be defensibly split into duplex versus 3-4-unit buildings from this source alone. Stage activity is counted only when the stage date is in the APR reporting year."
Oceanside,2020,Building Permit,Unknown / not reported,0.0,reported,HCD APR Table A2,2020,2026-10-07,Jurisdiction,Housing units (count),"HCD UNIT_CAT uses SFD, SFA, 2-4, 5+, ADU, and MH. The 2-4 category cannot be defensibly split into duplex versus 3-4-unit buildings from this source alone. Stage activity is counted only when the stage date is in the APR reporting year."
Oceanside,2020,Completion,2-4 unit building (combined),54.0,reported,HCD APR Table A2,2020,2026-10-07,Jurisdiction,Housing units (count),"HCD UNIT_CAT uses SFD, SFA, 2-4, 5+, ADU, and MH. The 2-4 category cannot be defensibly split into duplex versus 3-4-unit buildings from this source alone. Stage activity is counted only when the stage date is in the APR reporting year."
Oceanside,2020,Completion,5+ unit building,98.0,reported,HCD APR Table A2,2020,2026-10-07,Jurisdiction,Housing units (count),"HCD UNIT_CAT uses SFD, SFA, 2-4, 5+, ADU, and MH. The 2-4 category cannot be defensibly split into duplex versus 3-4-unit buildings from this source alone. Stage activity is counted only when the stage date is in the APR reporting year."
Oceanside,2020,Completion,Accessory dwelling unit,34.0,reported,HCD APR Table A2,2020,2026-10-07,Jurisdiction,Housing units (count),"HCD UNIT_CAT uses SFD, SFA, 2-4, 5+, ADU, and MH. The 2-4 category cannot be defensibly split into duplex versus 3-4-unit buildings from this source alone. Stage activity is counted only when the stage date is in the APR reporting year."
Oceanside,2020,Completion,Mobile home / manufactured home,0.0,reported,HCD APR Table A2,2020,2026-10-07,Jurisdiction,Housing units (count),"HCD UNIT_CAT uses SFD, SFA, 2-4, 5+, ADU, and MH. The 2-4 category cannot be defensibly split into duplex versus 3-4-unit buildings from this source alone. Stage activity is counted only when the stage date is in the APR reporting year."
Oceanside,2020,Completion,Other / source-reported,0.0,reported,HCD APR Table A2,2020,2026-10-07,Jurisdiction,Housing units (count),"HCD UNIT_CAT uses SFD, SFA, 2-4, 5+, ADU, and MH. The 2-4 category cannot be defensibly split into duplex versus 3-4-unit buildings from this source alone. Stage activity is counted only when the stage date is in the APR reporting year."
Oceanside,2020,Completion,Single-family attached,64.0,reported,HCD APR Table A2,2020,2026-10-07,Jurisdiction,Housing units (count),"HCD UNIT_CAT uses SFD, SFA, 2-4, 5+, ADU, and MH. The 2-4 category cannot be defensibly split into duplex versus 3-4-unit buildings from this source alone. Stage activity is counted only when the stage date is in the APR reporting year."
Oceanside,2020,Completion,Single-family detached,59.0,reported,HCD APR Table A2,2020,2026-10-07,Jurisdiction,Housing units (count),"HCD UNIT_CAT uses SFD, SFA, 2-4, 5+, ADU, and MH. The 2-4 category cannot be defensibly split into duplex versus 3-4-unit buildings from this source alone. Stage activity is counted only when the stage date is in the APR reporting year."
Oceanside,2020,Completion,Unknown / not reported,0.0,reported,HCD APR Table A2,2020,2026-10-07,Jurisdiction,Housing units (count),"HCD UNIT_CAT uses SFD, SFA, 2-4, 5+, ADU, and MH. The 2-4 category cannot be defensibly split into duplex versus 3-4-unit buildings from this source alone. Stage activity is counted only when the stage date is in the APR reporting year."
Oceanside,2021,Building Permit,2-4 unit building (combined),26.0,reported,HCD APR Table A2,2021,2026-10-07,Jurisdiction,Housing units (count),"HCD UNIT_CAT uses SFD, SFA, 2-4, 5+, ADU, and MH. The 2-4 category cannot be defensibly split into duplex versus 3-4-unit buildings from this source alone. Stage activity is counted only when the stage date is in the APR reporting year."
Oceanside,2021,Building Permit,5+ unit building,405.0,reported,HCD APR Table A2,2021,2026-10-07,Jurisdiction,Housing units (count),"HCD UNIT_CAT uses SFD, SFA, 2-4, 5+, ADU, and MH. The 2-4 category cannot be defensibly split into duplex versus 3-4-unit buildings from this source alone. Stage activity is counted only when the stage date is in the APR reporting year."
Oceanside,2021,Building Permit,Accessory dwelling unit,103.0,reported,HCD APR Table A2,2021,2026-10-07,Jurisdiction,Housing units (count),"HCD UNIT_CAT uses SFD, SFA, 2-4, 5+, ADU, and MH. The 2-4 category cannot be defensibly split into duplex versus 3-4-unit buildings from this source alone. Stage activity is counted only when the stage date is in the APR reporting year."
Oceanside,2021,Building Permit,Mobile home / manufactured home,2.0,reported,HCD APR Table A2,2021,2026-10-07,Jurisdiction,Housing units (count),"HCD UNIT_CAT uses SFD, SFA, 2-4, 5+, ADU, and MH. The 2-4 category cannot be defensibly split into duplex versus 3-4-unit buildings from this source alone. Stage activity is counted only when the stage date is in the APR reporting year."
Oceanside,2021,Building Permit,Other / source-reported,0.0,reported,HCD APR Table A2,2021,2026-10-07,Jurisdiction,Housing units (count),"HCD UNIT_CAT uses SFD, SFA, 2-4, 5+, ADU, and MH. The 2-4 category cannot be defensibly split into duplex versus 3-4-unit buildings from this source alone. Stage activity is counted only when the stage date is in the APR reporting year."
Oceanside,2021,Building Permit,Single-family attached,0.0,reported,HCD APR Table A2,2021,2026-10-07,Jurisdiction,Housing units (count),"HCD UNIT_CAT uses SFD, SFA, 2-4, 5+, ADU, and MH. The 2-4 category cannot be defensibly split into duplex versus 3-4-unit buildings from this source alone. Stage activity is counted only when the stage date is in the APR reporting year."
Oceanside,2021,Building Permit,Single-family detached,27.0,reported,HCD APR Table A2,2021,2026-10-07,Jurisdiction,Housing units (count),"HCD UNIT_CAT uses SFD, SFA, 2-4, 5+, ADU, and MH. The 2-4 category cannot be defensibly split into duplex versus 3-4-unit buildings from this source alone. Stage activity is counted only when the stage date is in the APR reporting year."
Oceanside,2021,Building Permit,Unknown / not reported,0.0,reported,HCD APR Table A2,2021,2026-10-07,Jurisdiction,Housing units (count),"HCD UNIT_CAT uses SFD, SFA, 2-4, 5+, ADU, and MH. The 2-4 category cannot be defensibly split into duplex versus 3-4-unit buildings from this source alone. Stage activity is counted only when the stage date is in the APR reporting year."
Oceanside,2021,Completion,2-4 unit building (combined),65.0,reported,HCD APR Table A2,2021,2026-10-07,Jurisdiction,Housing units (count),"HCD UNIT_CAT uses SFD, SFA, 2-4, 5+, ADU, and MH. The 2-4 category cannot be defensibly split into duplex versus 3-4-unit buildings from this source alone. Stage activity is counted only when the stage date is in the APR reporting year."
Oceanside,2021,Completion,5+ unit building,125.0,reported,HCD APR Table A2,2021,2026-10-07,Jurisdiction,Housing units (count),"HCD UNIT_CAT uses SFD, SFA, 2-4, 5+, ADU, and MH. The 2-4 category cannot be defensibly split into duplex versus 3-4-unit buildings from this source alone. Stage activity is counted only when the stage date is in the APR reporting year."
Oceanside,2021,Completion,Accessory dwelling unit,78.0,reported,HCD APR Table A2,2021,2026-10-07,Jurisdiction,Housing units (count),"HCD UNIT_CAT uses SFD, SFA, 2-4, 5+, ADU, and MH. The 2-4 category cannot be defensibly split into duplex versus 3-4-unit buildings from this source alone. Stage activity is counted only when the stage date is in the APR reporting year."
Oceanside,2021,Completion,Mobile home / manufactured home,0.0,reported,HCD APR Table A2,2021,2026-10-07,Jurisdiction,Housing units (count),"HCD UNIT_CAT uses SFD, SFA, 2-4, 5+, ADU, and MH. The 2-4 category cannot be defensibly split into duplex versus 3-4-unit buildings from this source alone. Stage activity is counted only when the stage date is in the APR reporting year."
Oceanside,2021,Completion,Other / source-reported,0.0,reported,HCD APR Table A2,2021,2026-10-07,Jurisdiction,Housing units (count),"HCD UNIT_CAT uses SFD, SFA, 2-4, 5+, ADU, and MH. The 2-4 category cannot be defensibly split into duplex versus 3-4-unit buildings from this source alone. Stage activity is counted only when the stage date is in the APR reporting year."
Oceanside,2021,Completion,Single-family attached,0.0,reported,HCD APR Table A2,2021,2026-10-07,Jurisdiction,Housing units (count),"HCD UNIT_CAT uses SFD, SFA, 2-4, 5+, ADU, and MH. The 2-4 category cannot be defensibly split into duplex versus 3-4-unit buildings from this source alone. Stage activity is counted only when the stage date is in the APR reporting year."
Oceanside,2021,Completion,Single-family detached,9.0,reported,HCD APR Table A2,2021,2026-10-07,Jurisdiction,Housing units (count),"HCD UNIT_CAT uses SFD, SFA, 2-4, 5+, ADU, and MH. The 2-4 category cannot be defensibly split into duplex versus 3-4-unit buildings from this source alone. Stage activity is counted only when the stage date is in the APR reporting year."
Oceanside,2021,Completion,Unknown / not reported,0.0,reported,HCD APR Table A2,2021,2026-10-07,Jurisdiction,Housing units (count),"HCD UNIT_CAT uses SFD, SFA, 2-4, 5+, ADU, and MH. The 2-4 category cannot be defensibly split into duplex versus 3-4-unit buildings from this source alone. Stage activity is counted only when the stage date is in the APR reporting year."
Oceanside,2022,Building Permit,2-4 unit building (combined),6.0,reported,HCD APR Table A2,2022,2026-10-07,Jurisdiction,Housing units (count),"HCD UNIT_CAT uses SFD, SFA, 2-4, 5+, ADU, and MH. The 2-4 category cannot be defensibly split into duplex versus 3-4-unit buildings from this source alone. Stage activity is counted only when the stage date is in the APR reporting year."
Oceanside,2022,Building Permit,5+ unit building,422.0,reported,HCD APR Table A2,2022,2026-10-07,Jurisdiction,Housing units (count),"HCD UNIT_CAT uses SFD, SFA, 2-4, 5+, ADU, and MH. The 2-4 category cannot be defensibly split into duplex versus 3-4-unit buildings from this source alone. Stage activity is counted only when the stage date is in the APR reporting year."
Oceanside,2022,Building Permit,Accessory dwelling unit,137.0,reported,HCD APR Table A2,2022,2026-10-07,Jurisdiction,Housing units (count),"HCD UNIT_CAT uses SFD, SFA, 2-4, 5+, ADU, and MH. The 2-4 category cannot be defensibly split into duplex versus 3-4-unit buildings from this source alone. Stage activity is counted only when the stage date is in the APR reporting year."
Oceanside,2022,Building Permit,Mobile home / manufactured home,14.0,reported,HCD APR Table A2,2022,2026-10-07,Jurisdiction,Housing units (count),"HCD UNIT_CAT uses SFD, SFA, 2-4, 5+, ADU, and MH. The 2-4 category cannot be defensibly split into duplex versus 3-4-unit buildings from this source alone. Stage activity is counted only when the stage date is in the APR reporting year."
Oceanside,2022,Building Permit,Other / source-reported,0.0,reported,HCD APR Table A2,2022,2026-10-07,Jurisdiction,Housing units (count),"HCD UNIT_CAT uses SFD, SFA, 2-4, 5+, ADU, and MH. The 2-4 category cannot be defensibly split into duplex versus 3-4-unit buildings from this source alone. Stage activity is counted only when the stage date is in the APR reporting year."
Oceanside,2022,Building Permit,Single-family attached,10.0,reported,HCD APR Table A2,2022,2026-10-07,Jurisdiction,Housing units (count),"HCD UNIT_CAT uses SFD, SFA, 2-4, 5+, ADU, and MH. The 2-4 category cannot be defensibly split into duplex versus 3-4-unit buildings from this source alone. Stage activity is counted only when the stage date is in the APR reporting year."
Oceanside,2022,Building Permit,Single-family detached,37.0,reported,HCD APR Table A2,2022,2026-10-07,Jurisdiction,Housing units (count),"HCD UNIT_CAT uses SFD, SFA, 2-4, 5+, ADU, and MH. The 2-4 category cannot be defensibly split into duplex versus 3-4-unit buildings from this source alone. Stage activity is counted only when the stage date is in the APR reporting year."
Oceanside,2022,Building Permit,Unknown / not reported,0.0,reported,HCD APR Table A2,2022,2026-10-07,Jurisdiction,Housing units (count),"HCD UNIT_CAT uses SFD, SFA, 2-4, 5+, ADU, and MH. The 2-4 category cannot be defensibly split into duplex versus 3-4-unit buildings from this source alone. Stage activity is counted only when the stage date is in the APR reporting year."
Oceanside,2022,Completion,2-4 unit building (combined),6.0,reported,HCD APR Table A2,2022,2026-10-07,Jurisdiction,Housing units (count),"HCD UNIT_CAT uses SFD, SFA, 2-4, 5+, ADU, and MH. The 2-4 category cannot be defensibly split into duplex versus 3-4-unit buildings from this source alone. Stage activity is counted only when the stage date is in the APR reporting year."
Oceanside,2022,Completion,5+ unit building,72.0,reported,HCD APR Table A2,2022,2026-10-07,Jurisdiction,Housing units (count),"HCD UNIT_CAT uses SFD, SFA, 2-4, 5+, ADU, and MH. The 2-4 category cannot be defensibly split into duplex versus 3-4-unit buildings from this source alone. Stage activity is counted only when the stage date is in the APR reporting year."
Oceanside,2022,Completion,Accessory dwelling unit,81.0,reported,HCD APR Table A2,2022,2026-10-07,Jurisdiction,Housing units (count),"HCD UNIT_CAT uses SFD, SFA, 2-4, 5+, ADU, and MH. The 2-4 category cannot be defensibly split into duplex versus 3-4-unit buildings from this source alone. Stage activity is counted only when the stage date is in the APR reporting year."
Oceanside,2022,Completion,Mobile home / manufactured home,12.0,reported,HCD APR Table A2,2022,2026-10-07,Jurisdiction,Housing units (count),"HCD UNIT_CAT uses SFD, SFA, 2-4, 5+, ADU, and MH. The 2-4 category cannot be defensibly split into duplex versus 3-4-unit buildings from this source alone. Stage activity is counted only when the stage date is in the APR reporting year."
Oceanside,2022,Completion,Other / source-reported,0.0,reported,HCD APR Table A2,2022,2026-10-07,Jurisdiction,Housing units (count),"HCD UNIT_CAT uses SFD, SFA, 2-4, 5+, ADU, and MH. The 2-4 category cannot be defensibly split into duplex versus 3-4-unit buildings from this source alone. Stage activity is counted only when the stage date is in the APR reporting year."
Oceanside,2022,Completion,Single-family attached,0.0,reported,HCD APR Table A2,2022,2026-10-07,Jurisdiction,Housing units (count),"HCD UNIT_CAT uses SFD, SFA, 2-4, 5+, ADU, and MH. The 2-4 category cannot be defensibly split into duplex versus 3-4-unit buildings from this source alone. Stage activity is counted only when the stage date is in the APR reporting year."
Oceanside,2022,Completion,Single-family detached,45.0,reported,HCD APR Table A2,2022,2026-10-07,Jurisdiction,Housing units (count),"HCD UNIT_CAT uses SFD, SFA, 2-4, 5+, ADU, and MH. The 2-4 category cannot be defensibly split into duplex versus 3-4-unit buildings from this source alone. Stage activity is counted only when the stage date is in the APR reporting year."
Oceanside,2022,Completion,Unknown / not reported,0.0,reported,HCD APR Table A2,2022,2026-10-07,Jurisdiction,Housing units (count),"HCD UNIT_CAT uses SFD, SFA, 2-4, 5+, ADU, and MH. The 2-4 category cannot be defensibly split into duplex versus 3-4-unit buildings from this source alone. Stage activity is counted only when the stage date is in the APR reporting year."
Oceanside,2023,Building Permit,2-4 unit building (combined),2.0,reported,HCD APR Table A2,2023,2026-10-07,Jurisdiction,Housing units (count),"HCD UNIT_CAT uses SFD, SFA, 2-4, 5+, ADU, and MH. The 2-4 category cannot be defensibly split into duplex versus 3-4-unit buildings from this source alone. Stage activity is counted only when the stage date is in the APR reporting year."
Oceanside,2023,Building Permit,5+ unit building,169.0,reported,HCD APR Table A2,2023,2026-10-07,Jurisdiction,Housing units (count),"HCD UNIT_CAT uses SFD, SFA, 2-4, 5+, ADU, and MH. The 2-4 category cannot be defensibly split into duplex versus 3-4-unit buildings from this source alone. Stage activity is counted only when the stage date is in the APR reporting year."
Oceanside,2023,Building Permit,Accessory dwelling unit,122.0,reported,HCD APR Table A2,2023,2026-10-07,Jurisdiction,Housing units (count),"HCD UNIT_CAT uses SFD, SFA, 2-4, 5+, ADU, and MH. The 2-4 category cannot be defensibly split into duplex versus 3-4-unit buildings from this source alone. Stage activity is counted only when the stage date is in the APR reporting year."
Oceanside,2023,Building Permit,Mobile home / manufactured home,15.0,reported,HCD APR Table A2,2023,2026-10-07,Jurisdiction,Housing units (count),"HCD UNIT_CAT uses SFD, SFA, 2-4, 5+, ADU, and MH. The 2-4 category cannot be defensibly split into duplex versus 3-4-unit buildings from this source alone. Stage activity is counted only when the stage date is in the APR reporting year."
Oceanside,2023,Building Permit,Other / source-reported,0.0,reported,HCD APR Table A2,2023,2026-10-07,Jurisdiction,Housing units (count),"HCD UNIT_CAT uses SFD, SFA, 2-4, 5+, ADU, and MH. The 2-4 category cannot be defensibly split into duplex versus 3-4-unit buildings from this source alone. Stage activity is counted only when the stage date is in the APR reporting year."
Oceanside,2023,Building Permit,Single-family attached,6.0,reported,HCD APR Table A2,2023,2026-10-07,Jurisdiction,Housing units (count),"HCD UNIT_CAT uses SFD, SFA, 2-4, 5+, ADU, and MH. The 2-4 category cannot be defensibly split into duplex versus 3-4-unit buildings from this source alone. Stage activity is counted only when the stage date is in the APR reporting year."
Oceanside,2023,Building Permit,Single-family detached,111.0,reported,HCD APR Table A2,2023,2026-10-07,Jurisdiction,Housing units (count),"HCD UNIT_CAT uses SFD, SFA, 2-4, 5+, ADU, and MH. The 2-4 category cannot be defensibly split into duplex versus 3-4-unit buildings from this source alone. Stage activity is counted only when the stage date is in the APR reporting year."
Oceanside,2023,Building Permit,Unknown / not reported,0.0,reported,HCD APR Table A2,2023,2026-10-07,Jurisdiction,Housing units (count),"HCD UNIT_CAT uses SFD, SFA, 2-4, 5+, ADU, and MH. The 2-4 category cannot be defensibly split into duplex versus 3-4-unit buildings from this source alone. Stage activity is counted only when the stage date is in the APR reporting year."
Oceanside,2023,Completion,2-4 unit building (combined),4.0,reported,HCD APR Table A2,2023,2026-10-07,Jurisdiction,Housing units (count),"HCD UNIT_CAT uses SFD, SFA, 2-4, 5+, ADU, and MH. The 2-4 category cannot be defensibly split into duplex versus 3-4-unit buildings from this source alone. Stage activity is counted only when the stage date is in the APR reporting year."
Oceanside,2023,Completion,5+ unit building,81.0,reported,HCD APR Table A2,2023,2026-10-07,Jurisdiction,Housing units (count),"HCD UNIT_CAT uses SFD, SFA, 2-4, 5+, ADU, and MH. The 2-4 category cannot be defensibly split into duplex versus 3-4-unit buildings from this source alone. Stage activity is counted only when the stage date is in the APR reporting year."
Oceanside,2023,Completion,Accessory dwelling unit,114.0,reported,HCD APR Table A2,2023,2026-10-07,Jurisdiction,Housing units (count),"HCD UNIT_CAT uses SFD, SFA, 2-4, 5+, ADU, and MH. The 2-4 category cannot be defensibly split into duplex versus 3-4-unit buildings from this source alone. Stage activity is counted only when the stage date is in the APR reporting year."
Oceanside,2023,Completion,Mobile home / manufactured home,16.0,reported,HCD APR Table A2,2023,2026-10-07,Jurisdiction,Housing units (count),"HCD UNIT_CAT uses SFD, SFA, 2-4, 5+, ADU, and MH. The 2-4 category cannot be defensibly split into duplex versus 3-4-unit buildings from this source alone. Stage activity is counted only when the stage date is in the APR reporting year."
Oceanside,2023,Completion,Other / source-reported,0.0,reported,HCD APR Table A2,2023,2026-10-07,Jurisdiction,Housing units (count),"HCD UNIT_CAT uses SFD, SFA, 2-4, 5+, ADU, and MH. The 2-4 category cannot be defensibly split into duplex versus 3-4-unit buildings from this source alone. Stage activity is counted only when the stage date is in the APR reporting year."
Oceanside,2023,Completion,Single-family attached,33.0,reported,HCD APR Table A2,2023,2026-10-07,Jurisdiction,Housing units (count),"HCD UNIT_CAT uses SFD, SFA, 2-4, 5+, ADU, and MH. The 2-4 category cannot be defensibly split into duplex versus 3-4-unit buildings from this source alone. Stage activity is counted only when the stage date is in the APR reporting year."
Oceanside,2023,Completion,Single-family detached,18.0,reported,HCD APR Table A2,2023,2026-10-07,Jurisdiction,Housing units (count),"HCD UNIT_CAT uses SFD, SFA, 2-4, 5+, ADU, and MH. The 2-4 category cannot be defensibly split into duplex versus 3-4-unit buildings from this source alone. Stage activity is counted only when the stage date is in the APR reporting year."
Oceanside,2023,Completion,Unknown / not reported,0.0,reported,HCD APR Table A2,2023,2026-10-07,Jurisdiction,Housing units (count),"HCD UNIT_CAT uses SFD, SFA, 2-4, 5+, ADU, and MH. The 2-4 category cannot be defensibly split into duplex versus 3-4-unit buildings from this source alone. Stage activity is counted only when the stage date is in the APR reporting year."
Oceanside,2024,Building Permit,2-4 unit building (combined),7.0,reported,HCD APR Table A2,2024,2026-10-07,Jurisdiction,Housing units (count),"HCD UNIT_CAT uses SFD, SFA, 2-4, 5+, ADU, and MH. The 2-4 category cannot be defensibly split into duplex versus 3-4-unit buildings from this source alone. Stage activity is counted only when the stage date is in the APR reporting year."
Oceanside,2024,Building Permit,5+ unit building,243.0,reported,HCD APR Table A2,2024,2026-10-07,Jurisdiction,Housing units (count),"HCD UNIT_CAT uses SFD, SFA, 2-4, 5+, ADU, and MH. The 2-4 category cannot be defensibly split into duplex versus 3-4-unit buildings from this source alone. Stage activity is counted only when the stage date is in the APR reporting year."
Oceanside,2024,Building Permit,Accessory dwelling unit,115.0,reported,HCD APR Table A2,2024,2026-10-07,Jurisdiction,Housing units (count),"HCD UNIT_CAT uses SFD, SFA, 2-4, 5+, ADU, and MH. The 2-4 category cannot be defensibly split into duplex versus 3-4-unit buildings from this source alone. Stage activity is counted only when the stage date is in the APR reporting year."
Oceanside,2024,Building Permit,Mobile home / manufactured home,0.0,reported,HCD APR Table A2,2024,2026-10-07,Jurisdiction,Housing units (count),"HCD UNIT_CAT uses SFD, SFA, 2-4, 5+, ADU, and MH. The 2-4 category cannot be defensibly split into duplex versus 3-4-unit buildings from this source alone. Stage activity is counted only when the stage date is in the APR reporting year."
Oceanside,2024,Building Permit,Other / source-reported,0.0,reported,HCD APR Table A2,2024,2026-10-07,Jurisdiction,Housing units (count),"HCD UNIT_CAT uses SFD, SFA, 2-4, 5+, ADU, and MH. The 2-4 category cannot be defensibly split into duplex versus 3-4-unit buildings from this source alone. Stage activity is counted only when the stage date is in the APR reporting year."
Oceanside,2024,Building Permit,Single-family attached,57.0,reported,HCD APR Table A2,2024,2026-10-07,Jurisdiction,Housing units (count),"HCD UNIT_CAT uses SFD, SFA, 2-4, 5+, ADU, and MH. The 2-4 category cannot be defensibly split into duplex versus 3-4-unit buildings from this source alone. Stage activity is counted only when the stage date is in the APR reporting year."
Oceanside,2024,Building Permit,Single-family detached,132.0,reported,HCD APR Table A2,2024,2026-10-07,Jurisdiction,Housing units (count),"HCD UNIT_CAT uses SFD, SFA, 2-4, 5+, ADU, and MH. The 2-4 category cannot be defensibly split into duplex versus 3-4-unit buildings from this source alone. Stage activity is counted only when the stage date is in the APR reporting year."
Oceanside,2024,Building Permit,Unknown / not reported,0.0,reported,HCD APR Table A2,2024,2026-10-07,Jurisdiction,Housing units (count),"HCD UNIT_CAT uses SFD, SFA, 2-4, 5+, ADU, and MH. The 2-4 category cannot be defensibly split into duplex versus 3-4-unit buildings from this source alone. Stage activity is counted only when the stage date is in the APR reporting year."
Oceanside,2024,Completion,2-4 unit building (combined),0.0,reported,HCD APR Table A2,2024,2026-10-07,Jurisdiction,Housing units (count),"HCD UNIT_CAT uses SFD, SFA, 2-4, 5+, ADU, and MH. The 2-4 category cannot be defensibly split into duplex versus 3-4-unit buildings from this source alone. Stage activity is counted only when the stage date is in the APR reporting year."
Oceanside,2024,Completion,5+ unit building,387.0,reported,HCD APR Table A2,2024,2026-10-07,Jurisdiction,Housing units (count),"HCD UNIT_CAT uses SFD, SFA, 2-4, 5+, ADU, and MH. The 2-4 category cannot be defensibly split into duplex versus 3-4-unit buildings from this source alone. Stage activity is counted only when the stage date is in the APR reporting year."
Oceanside,2024,Completion,Accessory dwelling unit,105.0,reported,HCD APR Table A2,2024,2026-10-07,Jurisdiction,Housing units (count),"HCD UNIT_CAT uses SFD, SFA, 2-4, 5+, ADU, and MH. The 2-4 category cannot be defensibly split into duplex versus 3-4-unit buildings from this source alone. Stage activity is counted only when the stage date is in the APR reporting year."
Oceanside,2024,Completion,Mobile home / manufactured home,0.0,reported,HCD APR Table A2,2024,2026-10-07,Jurisdiction,Housing units (count),"HCD UNIT_CAT uses SFD, SFA, 2-4, 5+, ADU, and MH. The 2-4 category cannot be defensibly split into duplex versus 3-4-unit buildings from this source alone. Stage activity is counted only when the stage date is in the APR reporting year."
Oceanside,2024,Completion,Other / source-reported,0.0,reported,HCD APR Table A2,2024,2026-10-07,Jurisdiction,Housing units (count),"HCD UNIT_CAT uses SFD, SFA, 2-4, 5+, ADU, and MH. The 2-4 category cannot be defensibly split into duplex versus 3-4-unit buildings from this source alone. Stage activity is counted only when the stage date is in the APR reporting year."
Oceanside,2024,Completion,Single-family attached,98.0,reported,HCD APR Table A2,2024,2026-10-07,Jurisdiction,Housing units (count),"HCD UNIT_CAT uses SFD, SFA, 2-4, 5+, ADU, and MH. The 2-4 category cannot be defensibly split into duplex versus 3-4-unit buildings from this source alone. Stage activity is counted only when the stage date is in the APR reporting year."
Oceanside,2024,Completion,Single-family detached,86.0,reported,HCD APR Table A2,2024,2026-10-07,Jurisdiction,Housing units (count),"HCD UNIT_CAT uses SFD, SFA, 2-4, 5+, ADU, and MH. The 2-4 category cannot be defensibly split into duplex versus 3-4-unit buildings from this source alone. Stage activity is counted only when the stage date is in the APR reporting year."
Oceanside,2024,Completion,Unknown / not reported,0.0,reported,HCD APR Table A2,2024,2026-10-07,Jurisdiction,Housing units (count),"HCD UNIT_CAT uses SFD, SFA, 2-4, 5+, ADU, and MH. The 2-4 category cannot be defensibly split into duplex versus 3-4-unit buildings from this source alone. Stage activity is counted only when the stage date is in the APR reporting year."
Oceanside,2025,Building Permit,2-4 unit building (combined),3.0,reported,HCD APR Table A2,2025,2026-10-07,Jurisdiction,Housing units (count),"HCD UNIT_CAT uses SFD, SFA, 2-4, 5+, ADU, and MH. The 2-4 category cannot be defensibly split into duplex versus 3-4-unit buildings from this source alone. Stage activity is counted only when the stage date is in the APR reporting year."
Oceanside,2025,Building Permit,5+ unit building,433.0,reported,HCD APR Table A2,2025,2026-10-07,Jurisdiction,Housing units (count),"HCD UNIT_CAT uses SFD, SFA, 2-4, 5+, ADU, and MH. The 2-4 category cannot be defensibly split into duplex versus 3-4-unit buildings from this source alone. Stage activity is counted only when the stage date is in the APR reporting year."
Oceanside,2025,Building Permit,Accessory dwelling unit,81.0,reported,HCD APR Table A2,2025,2026-10-07,Jurisdiction,Housing units (count),"HCD UNIT_CAT uses SFD, SFA, 2-4, 5+, ADU, and MH. The 2-4 category cannot be defensibly split into duplex versus 3-4-unit buildings from this source alone. Stage activity is counted only when the stage date is in the APR reporting year."
Oceanside,2025,Building Permit,Mobile home / manufactured home,0.0,reported,HCD APR Table A2,2025,2026-10-07,Jurisdiction,Housing units (count),"HCD UNIT_CAT uses SFD, SFA, 2-4, 5+, ADU, and MH. The 2-4 category cannot be defensibly split into duplex versus 3-4-unit buildings from this source alone. Stage activity is counted only when the stage date is in the APR reporting year."
Oceanside,2025,Building Permit,Other / source-reported,0.0,reported,HCD APR Table A2,2025,2026-10-07,Jurisdiction,Housing units (count),"HCD UNIT_CAT uses SFD, SFA, 2-4, 5+, ADU, and MH. The 2-4 category cannot be defensibly split into duplex versus 3-4-unit buildings from this source alone. Stage activity is counted only when the stage date is in the APR reporting year."
Oceanside,2025,Building Permit,Single-family attached,162.0,reported,HCD APR Table A2,2025,2026-10-07,Jurisdiction,Housing units (count),"HCD UNIT_CAT uses SFD, SFA, 2-4, 5+, ADU, and MH. The 2-4 category cannot be defensibly split into duplex versus 3-4-unit buildings from this source alone. Stage activity is counted only when the stage date is in the APR reporting year."
Oceanside,2025,Building Permit,Single-family detached,213.0,reported,HCD APR Table A2,2025,2026-10-07,Jurisdiction,Housing units (count),"HCD UNIT_CAT uses SFD, SFA, 2-4, 5+, ADU, and MH. The 2-4 category cannot be defensibly split into duplex versus 3-4-unit buildings from this source alone. Stage activity is counted only when the stage date is in the APR reporting year."
Oceanside,2025,Building Permit,Unknown / not reported,0.0,reported,HCD APR Table A2,2025,2026-10-07,Jurisdiction,Housing units (count),"HCD UNIT_CAT uses SFD, SFA, 2-4, 5+, ADU, and MH. The 2-4 category cannot be defensibly split into duplex versus 3-4-unit buildings from this source alone. Stage activity is counted only when the stage date is in the APR reporting year."
Oceanside,2025,Completion,2-4 unit building (combined),5.0,reported,HCD APR Table A2,2025,2026-10-07,Jurisdiction,Housing units (count),"HCD UNIT_CAT uses SFD, SFA, 2-4, 5+, ADU, and MH. The 2-4 category cannot be defensibly split into duplex versus 3-4-unit buildings from this source alone. Stage activity is counted only when the stage date is in the APR reporting year."
Oceanside,2025,Completion,5+ unit building,311.0,reported,HCD APR Table A2,2025,2026-10-07,Jurisdiction,Housing units (count),"HCD UNIT_CAT uses SFD, SFA, 2-4, 5+, ADU, and MH. The 2-4 category cannot be defensibly split into duplex versus 3-4-unit buildings from this source alone. Stage activity is counted only when the stage date is in the APR reporting year."
Oceanside,2025,Completion,Accessory dwelling unit,76.0,reported,HCD APR Table A2,2025,2026-10-07,Jurisdiction,Housing units (count),"HCD UNIT_CAT uses SFD, SFA, 2-4, 5+, ADU, and MH. The 2-4 category cannot be defensibly split into duplex versus 3-4-unit buildings from this source alone. Stage activity is counted only when the stage date is in the APR reporting year."
Oceanside,2025,Completion,Mobile home / manufactured home,0.0,reported,HCD APR Table A2,2025,2026-10-07,Jurisdiction,Housing units (count),"HCD UNIT_CAT uses SFD, SFA, 2-4, 5+, ADU, and MH. The 2-4 category cannot be defensibly split into duplex versus 3-4-unit buildings from this source alone. Stage activity is counted only when the stage date is in the APR reporting year."
Oceanside,2025,Completion,Other / source-reported,0.0,reported,HCD APR Table A2,2025,2026-10-07,Jurisdiction,Housing units (count),"HCD UNIT_CAT uses SFD, SFA, 2-4, 5+, ADU, and MH. The 2-4 category cannot be defensibly split into duplex versus 3-4-unit buildings from this source alone. Stage activity is counted only when the stage date is in the APR reporting year."
Oceanside,2025,Completion,Single-family attached,14.0,reported,HCD APR Table A2,2025,2026-10-07,Jurisdiction,Housing units (count),"HCD UNIT_CAT uses SFD, SFA, 2-4, 5+, ADU, and MH. The 2-4 category cannot be defensibly split into duplex versus 3-4-unit buildings from this source alone. Stage activity is counted only when the stage date is in the APR reporting year."
Oceanside,2025,Completion,Single-family detached,99.0,reported,HCD APR Table A2,2025,2026-10-07,Jurisdiction,Housing units (count),"HCD UNIT_CAT uses SFD, SFA, 2-4, 5+, ADU, and MH. The 2-4 category cannot be defensibly split into duplex versus 3-4-unit buildings from this source alone. Stage activity is counted only when the stage date is in the APR reporting year."
Oceanside,2025,Completion,Unknown / not reported,0.0,reported,HCD APR Table A2,2025,2026-10-07,Jurisdiction,Housing units (count),"HCD UNIT_CAT uses SFD, SFA, 2-4, 5+, ADU, and MH. The 2-4 category cannot be defensibly split into duplex versus 3-4-unit buildings from this source alone. Stage activity is counted only when the stage date is in the APR reporting year."
Poway,2018,Building Permit,2-4 unit building (combined),1.0,reported,HCD APR Table A2,2018,2026-10-07,Jurisdiction,Housing units (count),"HCD UNIT_CAT uses SFD, SFA, 2-4, 5+, ADU, and MH. The 2-4 category cannot be defensibly split into duplex versus 3-4-unit buildings from this source alone. Stage activity is counted only when the stage date is in the APR reporting year."
Poway,2018,Building Permit,5+ unit building,0.0,reported,HCD APR Table A2,2018,2026-10-07,Jurisdiction,Housing units (count),"HCD UNIT_CAT uses SFD, SFA, 2-4, 5+, ADU, and MH. The 2-4 category cannot be defensibly split into duplex versus 3-4-unit buildings from this source alone. Stage activity is counted only when the stage date is in the APR reporting year."
Poway,2018,Building Permit,Accessory dwelling unit,1.0,reported,HCD APR Table A2,2018,2026-10-07,Jurisdiction,Housing units (count),"HCD UNIT_CAT uses SFD, SFA, 2-4, 5+, ADU, and MH. The 2-4 category cannot be defensibly split into duplex versus 3-4-unit buildings from this source alone. Stage activity is counted only when the stage date is in the APR reporting year."
Poway,2018,Building Permit,Mobile home / manufactured home,0.0,reported,HCD APR Table A2,2018,2026-10-07,Jurisdiction,Housing units (count),"HCD UNIT_CAT uses SFD, SFA, 2-4, 5+, ADU, and MH. The 2-4 category cannot be defensibly split into duplex versus 3-4-unit buildings from this source alone. Stage activity is counted only when the stage date is in the APR reporting year."
Poway,2018,Building Permit,Other / source-reported,0.0,reported,HCD APR Table A2,2018,2026-10-07,Jurisdiction,Housing units (count),"HCD UNIT_CAT uses SFD, SFA, 2-4, 5+, ADU, and MH. The 2-4 category cannot be defensibly split into duplex versus 3-4-unit buildings from this source alone. Stage activity is counted only when the stage date is in the APR reporting year."
Poway,2018,Building Permit,Single-family attached,0.0,reported,HCD APR Table A2,2018,2026-10-07,Jurisdiction,Housing units (count),"HCD UNIT_CAT uses SFD, SFA, 2-4, 5+, ADU, and MH. The 2-4 category cannot be defensibly split into duplex versus 3-4-unit buildings from this source alone. Stage activity is counted only when the stage date is in the APR reporting year."
Poway,2018,Building Permit,Single-family detached,13.0,reported,HCD APR Table A2,2018,2026-10-07,Jurisdiction,Housing units (count),"HCD UNIT_CAT uses SFD, SFA, 2-4, 5+, ADU, and MH. The 2-4 category cannot be defensibly split into duplex versus 3-4-unit buildings from this source alone. Stage activity is counted only when the stage date is in the APR reporting year."
Poway,2018,Building Permit,Unknown / not reported,0.0,reported,HCD APR Table A2,2018,2026-10-07,Jurisdiction,Housing units (count),"HCD UNIT_CAT uses SFD, SFA, 2-4, 5+, ADU, and MH. The 2-4 category cannot be defensibly split into duplex versus 3-4-unit buildings from this source alone. Stage activity is counted only when the stage date is in the APR reporting year."
Poway,2018,Completion,2-4 unit building (combined),0.0,reported,HCD APR Table A2,2018,2026-10-07,Jurisdiction,Housing units (count),"HCD UNIT_CAT uses SFD, SFA, 2-4, 5+, ADU, and MH. The 2-4 category cannot be defensibly split into duplex versus 3-4-unit buildings from this source alone. Stage activity is counted only when the stage date is in the APR reporting year."
Poway,2018,Completion,5+ unit building,0.0,reported,HCD APR Table A2,2018,2026-10-07,Jurisdiction,Housing units (count),"HCD UNIT_CAT uses SFD, SFA, 2-4, 5+, ADU, and MH. The 2-4 category cannot be defensibly split into duplex versus 3-4-unit buildings from this source alone. Stage activity is counted only when the stage date is in the APR reporting year."
Poway,2018,Completion,Accessory dwelling unit,0.0,reported,HCD APR Table A2,2018,2026-10-07,Jurisdiction,Housing units (count),"HCD UNIT_CAT uses SFD, SFA, 2-4, 5+, ADU, and MH. The 2-4 category cannot be defensibly split into duplex versus 3-4-unit buildings from this source alone. Stage activity is counted only when the stage date is in the APR reporting year."
Poway,2018,Completion,Mobile home / manufactured home,0.0,reported,HCD APR Table A2,2018,2026-10-07,Jurisdiction,Housing units (count),"HCD UNIT_CAT uses SFD, SFA, 2-4, 5+, ADU, and MH. The 2-4 category cannot be defensibly split into duplex versus 3-4-unit buildings from this source alone. Stage activity is counted only when the stage date is in the APR reporting year."
Poway,2018,Completion,Other / source-reported,0.0,reported,HCD APR Table A2,2018,2026-10-07,Jurisdiction,Housing units (count),"HCD UNIT_CAT uses SFD, SFA, 2-4, 5+, ADU, and MH. The 2-4 category cannot be defensibly split into duplex versus 3-4-unit buildings from this source alone. Stage activity is counted only when the stage date is in the APR reporting year."
Poway,2018,Completion,Single-family attached,0.0,reported,HCD APR Table A2,2018,2026-10-07,Jurisdiction,Housing units (count),"HCD UNIT_CAT uses SFD, SFA, 2-4, 5+, ADU, and MH. The 2-4 category cannot be defensibly split into duplex versus 3-4-unit buildings from this source alone. Stage activity is counted only when the stage date is in the APR reporting year."
Poway,2018,Completion,Single-family detached,21.0,reported,HCD APR Table A2,2018,2026-10-07,Jurisdiction,Housing units (count),"HCD UNIT_CAT uses SFD, SFA, 2-4, 5+, ADU, and MH. The 2-4 category cannot be defensibly split into duplex versus 3-4-unit buildings from this source alone. Stage activity is counted only when the stage date is in the APR reporting year."
Poway,2018,Completion,Unknown / not reported,0.0,reported,HCD APR Table A2,2018,2026-10-07,Jurisdiction,Housing units (count),"HCD UNIT_CAT uses SFD, SFA, 2-4, 5+, ADU, and MH. The 2-4 category cannot be defensibly split into duplex versus 3-4-unit buildings from this source alone. Stage activity is counted only when the stage date is in the APR reporting year."
Poway,2019,Building Permit,2-4 unit building (combined),0.0,reported,HCD APR Table A2,2019,2026-10-07,Jurisdiction,Housing units (count),"HCD UNIT_CAT uses SFD, SFA, 2-4, 5+, ADU, and MH. The 2-4 category cannot be defensibly split into duplex versus 3-4-unit buildings from this source alone. Stage activity is counted only when the stage date is in the APR reporting year."
Poway,2019,Building Permit,5+ unit building,54.0,reported,HCD APR Table A2,2019,2026-10-07,Jurisdiction,Housing units (count),"HCD UNIT_CAT uses SFD, SFA, 2-4, 5+, ADU, and MH. The 2-4 category cannot be defensibly split into duplex versus 3-4-unit buildings from this source alone. Stage activity is counted only when the stage date is in the APR reporting year."
Poway,2019,Building Permit,Accessory dwelling unit,10.0,reported,HCD APR Table A2,2019,2026-10-07,Jurisdiction,Housing units (count),"HCD UNIT_CAT uses SFD, SFA, 2-4, 5+, ADU, and MH. The 2-4 category cannot be defensibly split into duplex versus 3-4-unit buildings from this source alone. Stage activity is counted only when the stage date is in the APR reporting year."
Poway,2019,Building Permit,Mobile home / manufactured home,0.0,reported,HCD APR Table A2,2019,2026-10-07,Jurisdiction,Housing units (count),"HCD UNIT_CAT uses SFD, SFA, 2-4, 5+, ADU, and MH. The 2-4 category cannot be defensibly split into duplex versus 3-4-unit buildings from this source alone. Stage activity is counted only when the stage date is in the APR reporting year."
Poway,2019,Building Permit,Other / source-reported,0.0,reported,HCD APR Table A2,2019,2026-10-07,Jurisdiction,Housing units (count),"HCD UNIT_CAT uses SFD, SFA, 2-4, 5+, ADU, and MH. The 2-4 category cannot be defensibly split into duplex versus 3-4-unit buildings from this source alone. Stage activity is counted only when the stage date is in the APR reporting year."
Poway,2019,Building Permit,Single-family attached,0.0,reported,HCD APR Table A2,2019,2026-10-07,Jurisdiction,Housing units (count),"HCD UNIT_CAT uses SFD, SFA, 2-4, 5+, ADU, and MH. The 2-4 category cannot be defensibly split into duplex versus 3-4-unit buildings from this source alone. Stage activity is counted only when the stage date is in the APR reporting year."
Poway,2019,Building Permit,Single-family detached,6.0,reported,HCD APR Table A2,2019,2026-10-07,Jurisdiction,Housing units (count),"HCD UNIT_CAT uses SFD, SFA, 2-4, 5+, ADU, and MH. The 2-4 category cannot be defensibly split into duplex versus 3-4-unit buildings from this source alone. Stage activity is counted only when the stage date is in the APR reporting year."
Poway,2019,Building Permit,Unknown / not reported,0.0,reported,HCD APR Table A2,2019,2026-10-07,Jurisdiction,Housing units (count),"HCD UNIT_CAT uses SFD, SFA, 2-4, 5+, ADU, and MH. The 2-4 category cannot be defensibly split into duplex versus 3-4-unit buildings from this source alone. Stage activity is counted only when the stage date is in the APR reporting year."
Poway,2019,Completion,2-4 unit building (combined),0.0,reported,HCD APR Table A2,2019,2026-10-07,Jurisdiction,Housing units (count),"HCD UNIT_CAT uses SFD, SFA, 2-4, 5+, ADU, and MH. The 2-4 category cannot be defensibly split into duplex versus 3-4-unit buildings from this source alone. Stage activity is counted only when the stage date is in the APR reporting year."
Poway,2019,Completion,5+ unit building,0.0,reported,HCD APR Table A2,2019,2026-10-07,Jurisdiction,Housing units (count),"HCD UNIT_CAT uses SFD, SFA, 2-4, 5+, ADU, and MH. The 2-4 category cannot be defensibly split into duplex versus 3-4-unit buildings from this source alone. Stage activity is counted only when the stage date is in the APR reporting year."
Poway,2019,Completion,Accessory dwelling unit,3.0,reported,HCD APR Table A2,2019,2026-10-07,Jurisdiction,Housing units (count),"HCD UNIT_CAT uses SFD, SFA, 2-4, 5+, ADU, and MH. The 2-4 category cannot be defensibly split into duplex versus 3-4-unit buildings from this source alone. Stage activity is counted only when the stage date is in the APR reporting year."
Poway,2019,Completion,Mobile home / manufactured home,0.0,reported,HCD APR Table A2,2019,2026-10-07,Jurisdiction,Housing units (count),"HCD UNIT_CAT uses SFD, SFA, 2-4, 5+, ADU, and MH. The 2-4 category cannot be defensibly split into duplex versus 3-4-unit buildings from this source alone. Stage activity is counted only when the stage date is in the APR reporting year."
Poway,2019,Completion,Other / source-reported,0.0,reported,HCD APR Table A2,2019,2026-10-07,Jurisdiction,Housing units (count),"HCD UNIT_CAT uses SFD, SFA, 2-4, 5+, ADU, and MH. The 2-4 category cannot be defensibly split into duplex versus 3-4-unit buildings from this source alone. Stage activity is counted only when the stage date is in the APR reporting year."
Poway,2019,Completion,Single-family attached,0.0,reported,HCD APR Table A2,2019,2026-10-07,Jurisdiction,Housing units (count),"HCD UNIT_CAT uses SFD, SFA, 2-4, 5+, ADU, and MH. The 2-4 category cannot be defensibly split into duplex versus 3-4-unit buildings from this source alone. Stage activity is counted only when the stage date is in the APR reporting year."
Poway,2019,Completion,Single-family detached,13.0,reported,HCD APR Table A2,2019,2026-10-07,Jurisdiction,Housing units (count),"HCD UNIT_CAT uses SFD, SFA, 2-4, 5+, ADU, and MH. The 2-4 category cannot be defensibly split into duplex versus 3-4-unit buildings from this source alone. Stage activity is counted only when the stage date is in the APR reporting year."
Poway,2019,Completion,Unknown / not reported,0.0,reported,HCD APR Table A2,2019,2026-10-07,Jurisdiction,Housing units (count),"HCD UNIT_CAT uses SFD, SFA, 2-4, 5+, ADU, and MH. The 2-4 category cannot be defensibly split into duplex versus 3-4-unit buildings from this source alone. Stage activity is counted only when the stage date is in the APR reporting year."
Poway,2020,Building Permit,2-4 unit building (combined),14.0,reported,HCD APR Table A2,2020,2026-10-07,Jurisdiction,Housing units (count),"HCD UNIT_CAT uses SFD, SFA, 2-4, 5+, ADU, and MH. The 2-4 category cannot be defensibly split into duplex versus 3-4-unit buildings from this source alone. Stage activity is counted only when the stage date is in the APR reporting year."
Poway,2020,Building Permit,5+ unit building,104.0,reported,HCD APR Table A2,2020,2026-10-07,Jurisdiction,Housing units (count),"HCD UNIT_CAT uses SFD, SFA, 2-4, 5+, ADU, and MH. The 2-4 category cannot be defensibly split into duplex versus 3-4-unit buildings from this source alone. Stage activity is counted only when the stage date is in the APR reporting year."
Poway,2020,Building Permit,Accessory dwelling unit,25.0,reported,HCD APR Table A2,2020,2026-10-07,Jurisdiction,Housing units (count),"HCD UNIT_CAT uses SFD, SFA, 2-4, 5+, ADU, and MH. The 2-4 category cannot be defensibly split into duplex versus 3-4-unit buildings from this source alone. Stage activity is counted only when the stage date is in the APR reporting year."
Poway,2020,Building Permit,Mobile home / manufactured home,0.0,reported,HCD APR Table A2,2020,2026-10-07,Jurisdiction,Housing units (count),"HCD UNIT_CAT uses SFD, SFA, 2-4, 5+, ADU, and MH. The 2-4 category cannot be defensibly split into duplex versus 3-4-unit buildings from this source alone. Stage activity is counted only when the stage date is in the APR reporting year."
Poway,2020,Building Permit,Other / source-reported,0.0,reported,HCD APR Table A2,2020,2026-10-07,Jurisdiction,Housing units (count),"HCD UNIT_CAT uses SFD, SFA, 2-4, 5+, ADU, and MH. The 2-4 category cannot be defensibly split into duplex versus 3-4-unit buildings from this source alone. Stage activity is counted only when the stage date is in the APR reporting year."
Poway,2020,Building Permit,Single-family attached,0.0,reported,HCD APR Table A2,2020,2026-10-07,Jurisdiction,Housing units (count),"HCD UNIT_CAT uses SFD, SFA, 2-4, 5+, ADU, and MH. The 2-4 category cannot be defensibly split into duplex versus 3-4-unit buildings from this source alone. Stage activity is counted only when the stage date is in the APR reporting year."
Poway,2020,Building Permit,Single-family detached,16.0,reported,HCD APR Table A2,2020,2026-10-07,Jurisdiction,Housing units (count),"HCD UNIT_CAT uses SFD, SFA, 2-4, 5+, ADU, and MH. The 2-4 category cannot be defensibly split into duplex versus 3-4-unit buildings from this source alone. Stage activity is counted only when the stage date is in the APR reporting year."
Poway,2020,Building Permit,Unknown / not reported,0.0,reported,HCD APR Table A2,2020,2026-10-07,Jurisdiction,Housing units (count),"HCD UNIT_CAT uses SFD, SFA, 2-4, 5+, ADU, and MH. The 2-4 category cannot be defensibly split into duplex versus 3-4-unit buildings from this source alone. Stage activity is counted only when the stage date is in the APR reporting year."
Poway,2020,Completion,2-4 unit building (combined),0.0,reported,HCD APR Table A2,2020,2026-10-07,Jurisdiction,Housing units (count),"HCD UNIT_CAT uses SFD, SFA, 2-4, 5+, ADU, and MH. The 2-4 category cannot be defensibly split into duplex versus 3-4-unit buildings from this source alone. Stage activity is counted only when the stage date is in the APR reporting year."
Poway,2020,Completion,5+ unit building,0.0,reported,HCD APR Table A2,2020,2026-10-07,Jurisdiction,Housing units (count),"HCD UNIT_CAT uses SFD, SFA, 2-4, 5+, ADU, and MH. The 2-4 category cannot be defensibly split into duplex versus 3-4-unit buildings from this source alone. Stage activity is counted only when the stage date is in the APR reporting year."
Poway,2020,Completion,Accessory dwelling unit,1.0,reported,HCD APR Table A2,2020,2026-10-07,Jurisdiction,Housing units (count),"HCD UNIT_CAT uses SFD, SFA, 2-4, 5+, ADU, and MH. The 2-4 category cannot be defensibly split into duplex versus 3-4-unit buildings from this source alone. Stage activity is counted only when the stage date is in the APR reporting year."
Poway,2020,Completion,Mobile home / manufactured home,0.0,reported,HCD APR Table A2,2020,2026-10-07,Jurisdiction,Housing units (count),"HCD UNIT_CAT uses SFD, SFA, 2-4, 5+, ADU, and MH. The 2-4 category cannot be defensibly split into duplex versus 3-4-unit buildings from this source alone. Stage activity is counted only when the stage date is in the APR reporting year."
Poway,2020,Completion,Other / source-reported,0.0,reported,HCD APR Table A2,2020,2026-10-07,Jurisdiction,Housing units (count),"HCD UNIT_CAT uses SFD, SFA, 2-4, 5+, ADU, and MH. The 2-4 category cannot be defensibly split into duplex versus 3-4-unit buildings from this source alone. Stage activity is counted only when the stage date is in the APR reporting year."
Poway,2020,Completion,Single-family attached,0.0,reported,HCD APR Table A2,2020,2026-10-07,Jurisdiction,Housing units (count),"HCD UNIT_CAT uses SFD, SFA, 2-4, 5+, ADU, and MH. The 2-4 category cannot be defensibly split into duplex versus 3-4-unit buildings from this source alone. Stage activity is counted only when the stage date is in the APR reporting year."
Poway,2020,Completion,Single-family detached,7.0,reported,HCD APR Table A2,2020,2026-10-07,Jurisdiction,Housing units (count),"HCD UNIT_CAT uses SFD, SFA, 2-4, 5+, ADU, and MH. The 2-4 category cannot be defensibly split into duplex versus 3-4-unit buildings from this source alone. Stage activity is counted only when the stage date is in the APR reporting year."
Poway,2020,Completion,Unknown / not reported,0.0,reported,HCD APR Table A2,2020,2026-10-07,Jurisdiction,Housing units (count),"HCD UNIT_CAT uses SFD, SFA, 2-4, 5+, ADU, and MH. The 2-4 category cannot be defensibly split into duplex versus 3-4-unit buildings from this source alone. Stage activity is counted only when the stage date is in the APR reporting year."
Poway,2021,Building Permit,2-4 unit building (combined),45.0,reported,HCD APR Table A2,2021,2026-10-07,Jurisdiction,Housing units (count),"HCD UNIT_CAT uses SFD, SFA, 2-4, 5+, ADU, and MH. The 2-4 category cannot be defensibly split into duplex versus 3-4-unit buildings from this source alone. Stage activity is counted only when the stage date is in the APR reporting year."
Poway,2021,Building Permit,5+ unit building,0.0,reported,HCD APR Table A2,2021,2026-10-07,Jurisdiction,Housing units (count),"HCD UNIT_CAT uses SFD, SFA, 2-4, 5+, ADU, and MH. The 2-4 category cannot be defensibly split into duplex versus 3-4-unit buildings from this source alone. Stage activity is counted only when the stage date is in the APR reporting year."
Poway,2021,Building Permit,Accessory dwelling unit,26.0,reported,HCD APR Table A2,2021,2026-10-07,Jurisdiction,Housing units (count),"HCD UNIT_CAT uses SFD, SFA, 2-4, 5+, ADU, and MH. The 2-4 category cannot be defensibly split into duplex versus 3-4-unit buildings from this source alone. Stage activity is counted only when the stage date is in the APR reporting year."
Poway,2021,Building Permit,Mobile home / manufactured home,0.0,reported,HCD APR Table A2,2021,2026-10-07,Jurisdiction,Housing units (count),"HCD UNIT_CAT uses SFD, SFA, 2-4, 5+, ADU, and MH. The 2-4 category cannot be defensibly split into duplex versus 3-4-unit buildings from this source alone. Stage activity is counted only when the stage date is in the APR reporting year."
Poway,2021,Building Permit,Other / source-reported,0.0,reported,HCD APR Table A2,2021,2026-10-07,Jurisdiction,Housing units (count),"HCD UNIT_CAT uses SFD, SFA, 2-4, 5+, ADU, and MH. The 2-4 category cannot be defensibly split into duplex versus 3-4-unit buildings from this source alone. Stage activity is counted only when the stage date is in the APR reporting year."
Poway,2021,Building Permit,Single-family attached,0.0,reported,HCD APR Table A2,2021,2026-10-07,Jurisdiction,Housing units (count),"HCD UNIT_CAT uses SFD, SFA, 2-4, 5+, ADU, and MH. The 2-4 category cannot be defensibly split into duplex versus 3-4-unit buildings from this source alone. Stage activity is counted only when the stage date is in the APR reporting year."
Poway,2021,Building Permit,Single-family detached,7.0,reported,HCD APR Table A2,2021,2026-10-07,Jurisdiction,Housing units (count),"HCD UNIT_CAT uses SFD, SFA, 2-4, 5+, ADU, and MH. The 2-4 category cannot be defensibly split into duplex versus 3-4-unit buildings from this source alone. Stage activity is counted only when the stage date is in the APR reporting year."
Poway,2021,Building Permit,Unknown / not reported,0.0,reported,HCD APR Table A2,2021,2026-10-07,Jurisdiction,Housing units (count),"HCD UNIT_CAT uses SFD, SFA, 2-4, 5+, ADU, and MH. The 2-4 category cannot be defensibly split into duplex versus 3-4-unit buildings from this source alone. Stage activity is counted only when the stage date is in the APR reporting year."
Poway,2021,Completion,2-4 unit building (combined),23.0,reported,HCD APR Table A2,2021,2026-10-07,Jurisdiction,Housing units (count),"HCD UNIT_CAT uses SFD, SFA, 2-4, 5+, ADU, and MH. The 2-4 category cannot be defensibly split into duplex versus 3-4-unit buildings from this source alone. Stage activity is counted only when the stage date is in the APR reporting year."
Poway,2021,Completion,5+ unit building,60.0,reported,HCD APR Table A2,2021,2026-10-07,Jurisdiction,Housing units (count),"HCD UNIT_CAT uses SFD, SFA, 2-4, 5+, ADU, and MH. The 2-4 category cannot be defensibly split into duplex versus 3-4-unit buildings from this source alone. Stage activity is counted only when the stage date is in the APR reporting year."
Poway,2021,Completion,Accessory dwelling unit,25.0,reported,HCD APR Table A2,2021,2026-10-07,Jurisdiction,Housing units (count),"HCD UNIT_CAT uses SFD, SFA, 2-4, 5+, ADU, and MH. The 2-4 category cannot be defensibly split into duplex versus 3-4-unit buildings from this source alone. Stage activity is counted only when the stage date is in the APR reporting year."
Poway,2021,Completion,Mobile home / manufactured home,0.0,reported,HCD APR Table A2,2021,2026-10-07,Jurisdiction,Housing units (count),"HCD UNIT_CAT uses SFD, SFA, 2-4, 5+, ADU, and MH. The 2-4 category cannot be defensibly split into duplex versus 3-4-unit buildings from this source alone. Stage activity is counted only when the stage date is in the APR reporting year."
Poway,2021,Completion,Other / source-reported,0.0,reported,HCD APR Table A2,2021,2026-10-07,Jurisdiction,Housing units (count),"HCD UNIT_CAT uses SFD, SFA, 2-4, 5+, ADU, and MH. The 2-4 category cannot be defensibly split into duplex versus 3-4-unit buildings from this source alone. Stage activity is counted only when the stage date is in the APR reporting year."
Poway,2021,Completion,Single-family attached,0.0,reported,HCD APR Table A2,2021,2026-10-07,Jurisdiction,Housing units (count),"HCD UNIT_CAT uses SFD, SFA, 2-4, 5+, ADU, and MH. The 2-4 category cannot be defensibly split into duplex versus 3-4-unit buildings from this source alone. Stage activity is counted only when the stage date is in the APR reporting year."
Poway,2021,Completion,Single-family detached,16.0,reported,HCD APR Table A2,2021,2026-10-07,Jurisdiction,Housing units (count),"HCD UNIT_CAT uses SFD, SFA, 2-4, 5+, ADU, and MH. The 2-4 category cannot be defensibly split into duplex versus 3-4-unit buildings from this source alone. Stage activity is counted only when the stage date is in the APR reporting year."
Poway,2021,Completion,Unknown / not reported,0.0,reported,HCD APR Table A2,2021,2026-10-07,Jurisdiction,Housing units (count),"HCD UNIT_CAT uses SFD, SFA, 2-4, 5+, ADU, and MH. The 2-4 category cannot be defensibly split into duplex versus 3-4-unit buildings from this source alone. Stage activity is counted only when the stage date is in the APR reporting year."
Poway,2022,Building Permit,2-4 unit building (combined),25.0,reported,HCD APR Table A2,2022,2026-10-07,Jurisdiction,Housing units (count),"HCD UNIT_CAT uses SFD, SFA, 2-4, 5+, ADU, and MH. The 2-4 category cannot be defensibly split into duplex versus 3-4-unit buildings from this source alone. Stage activity is counted only when the stage date is in the APR reporting year."
Poway,2022,Building Permit,5+ unit building,5.0,reported,HCD APR Table A2,2022,2026-10-07,Jurisdiction,Housing units (count),"HCD UNIT_CAT uses SFD, SFA, 2-4, 5+, ADU, and MH. The 2-4 category cannot be defensibly split into duplex versus 3-4-unit buildings from this source alone. Stage activity is counted only when the stage date is in the APR reporting year."
Poway,2022,Building Permit,Accessory dwelling unit,29.0,reported,HCD APR Table A2,2022,2026-10-07,Jurisdiction,Housing units (count),"HCD UNIT_CAT uses SFD, SFA, 2-4, 5+, ADU, and MH. The 2-4 category cannot be defensibly split into duplex versus 3-4-unit buildings from this source alone. Stage activity is counted only when the stage date is in the APR reporting year."
Poway,2022,Building Permit,Mobile home / manufactured home,0.0,reported,HCD APR Table A2,2022,2026-10-07,Jurisdiction,Housing units (count),"HCD UNIT_CAT uses SFD, SFA, 2-4, 5+, ADU, and MH. The 2-4 category cannot be defensibly split into duplex versus 3-4-unit buildings from this source alone. Stage activity is counted only when the stage date is in the APR reporting year."
Poway,2022,Building Permit,Other / source-reported,0.0,reported,HCD APR Table A2,2022,2026-10-07,Jurisdiction,Housing units (count),"HCD UNIT_CAT uses SFD, SFA, 2-4, 5+, ADU, and MH. The 2-4 category cannot be defensibly split into duplex versus 3-4-unit buildings from this source alone. Stage activity is counted only when the stage date is in the APR reporting year."
Poway,2022,Building Permit,Single-family attached,0.0,reported,HCD APR Table A2,2022,2026-10-07,Jurisdiction,Housing units (count),"HCD UNIT_CAT uses SFD, SFA, 2-4, 5+, ADU, and MH. The 2-4 category cannot be defensibly split into duplex versus 3-4-unit buildings from this source alone. Stage activity is counted only when the stage date is in the APR reporting year."
Poway,2022,Building Permit,Single-family detached,121.0,reported,HCD APR Table A2,2022,2026-10-07,Jurisdiction,Housing units (count),"HCD UNIT_CAT uses SFD, SFA, 2-4, 5+, ADU, and MH. The 2-4 category cannot be defensibly split into duplex versus 3-4-unit buildings from this source alone. Stage activity is counted only when the stage date is in the APR reporting year."
Poway,2022,Building Permit,Unknown / not reported,0.0,reported,HCD APR Table A2,2022,2026-10-07,Jurisdiction,Housing units (count),"HCD UNIT_CAT uses SFD, SFA, 2-4, 5+, ADU, and MH. The 2-4 category cannot be defensibly split into duplex versus 3-4-unit buildings from this source alone. Stage activity is counted only when the stage date is in the APR reporting year."
Poway,2022,Completion,2-4 unit building (combined),31.0,reported,HCD APR Table A2,2022,2026-10-07,Jurisdiction,Housing units (count),"HCD UNIT_CAT uses SFD, SFA, 2-4, 5+, ADU, and MH. The 2-4 category cannot be defensibly split into duplex versus 3-4-unit buildings from this source alone. Stage activity is counted only when the stage date is in the APR reporting year."
Poway,2022,Completion,5+ unit building,44.0,reported,HCD APR Table A2,2022,2026-10-07,Jurisdiction,Housing units (count),"HCD UNIT_CAT uses SFD, SFA, 2-4, 5+, ADU, and MH. The 2-4 category cannot be defensibly split into duplex versus 3-4-unit buildings from this source alone. Stage activity is counted only when the stage date is in the APR reporting year."
Poway,2022,Completion,Accessory dwelling unit,26.0,reported,HCD APR Table A2,2022,2026-10-07,Jurisdiction,Housing units (count),"HCD UNIT_CAT uses SFD, SFA, 2-4, 5+, ADU, and MH. The 2-4 category cannot be defensibly split into duplex versus 3-4-unit buildings from this source alone. Stage activity is counted only when the stage date is in the APR reporting year."
Poway,2022,Completion,Mobile home / manufactured home,0.0,reported,HCD APR Table A2,2022,2026-10-07,Jurisdiction,Housing units (count),"HCD UNIT_CAT uses SFD, SFA, 2-4, 5+, ADU, and MH. The 2-4 category cannot be defensibly split into duplex versus 3-4-unit buildings from this source alone. Stage activity is counted only when the stage date is in the APR reporting year."
Poway,2022,Completion,Other / source-reported,0.0,reported,HCD APR Table A2,2022,2026-10-07,Jurisdiction,Housing units (count),"HCD UNIT_CAT uses SFD, SFA, 2-4, 5+, ADU, and MH. The 2-4 category cannot be defensibly split into duplex versus 3-4-unit buildings from this source alone. Stage activity is counted only when the stage date is in the APR reporting year."
Poway,2022,Completion,Single-family attached,0.0,reported,HCD APR Table A2,2022,2026-10-07,Jurisdiction,Housing units (count),"HCD UNIT_CAT uses SFD, SFA, 2-4, 5+, ADU, and MH. The 2-4 category cannot be defensibly split into duplex versus 3-4-unit buildings from this source alone. Stage activity is counted only when the stage date is in the APR reporting year."
Poway,2022,Completion,Single-family detached,15.0,reported,HCD APR Table A2,2022,2026-10-07,Jurisdiction,Housing units (count),"HCD UNIT_CAT uses SFD, SFA, 2-4, 5+, ADU, and MH. The 2-4 category cannot be defensibly split into duplex versus 3-4-unit buildings from this source alone. Stage activity is counted only when the stage date is in the APR reporting year."
Poway,2022,Completion,Unknown / not reported,0.0,reported,HCD APR Table A2,2022,2026-10-07,Jurisdiction,Housing units (count),"HCD UNIT_CAT uses SFD, SFA, 2-4, 5+, ADU, and MH. The 2-4 category cannot be defensibly split into duplex versus 3-4-unit buildings from this source alone. Stage activity is counted only when the stage date is in the APR reporting year."
Poway,2023,Building Permit,2-4 unit building (combined),0.0,reported,HCD APR Table A2,2023,2026-10-07,Jurisdiction,Housing units (count),"HCD UNIT_CAT uses SFD, SFA, 2-4, 5+, ADU, and MH. The 2-4 category cannot be defensibly split into duplex versus 3-4-unit buildings from this source alone. Stage activity is counted only when the stage date is in the APR reporting year."
Poway,2023,Building Permit,5+ unit building,19.0,reported,HCD APR Table A2,2023,2026-10-07,Jurisdiction,Housing units (count),"HCD UNIT_CAT uses SFD, SFA, 2-4, 5+, ADU, and MH. The 2-4 category cannot be defensibly split into duplex versus 3-4-unit buildings from this source alone. Stage activity is counted only when the stage date is in the APR reporting year."
Poway,2023,Building Permit,Accessory dwelling unit,30.0,reported,HCD APR Table A2,2023,2026-10-07,Jurisdiction,Housing units (count),"HCD UNIT_CAT uses SFD, SFA, 2-4, 5+, ADU, and MH. The 2-4 category cannot be defensibly split into duplex versus 3-4-unit buildings from this source alone. Stage activity is counted only when the stage date is in the APR reporting year."
Poway,2023,Building Permit,Mobile home / manufactured home,0.0,reported,HCD APR Table A2,2023,2026-10-07,Jurisdiction,Housing units (count),"HCD UNIT_CAT uses SFD, SFA, 2-4, 5+, ADU, and MH. The 2-4 category cannot be defensibly split into duplex versus 3-4-unit buildings from this source alone. Stage activity is counted only when the stage date is in the APR reporting year."
Poway,2023,Building Permit,Other / source-reported,0.0,reported,HCD APR Table A2,2023,2026-10-07,Jurisdiction,Housing units (count),"HCD UNIT_CAT uses SFD, SFA, 2-4, 5+, ADU, and MH. The 2-4 category cannot be defensibly split into duplex versus 3-4-unit buildings from this source alone. Stage activity is counted only when the stage date is in the APR reporting year."
Poway,2023,Building Permit,Single-family attached,0.0,reported,HCD APR Table A2,2023,2026-10-07,Jurisdiction,Housing units (count),"HCD UNIT_CAT uses SFD, SFA, 2-4, 5+, ADU, and MH. The 2-4 category cannot be defensibly split into duplex versus 3-4-unit buildings from this source alone. Stage activity is counted only when the stage date is in the APR reporting year."
Poway,2023,Building Permit,Single-family detached,70.0,reported,HCD APR Table A2,2023,2026-10-07,Jurisdiction,Housing units (count),"HCD UNIT_CAT uses SFD, SFA, 2-4, 5+, ADU, and MH. The 2-4 category cannot be defensibly split into duplex versus 3-4-unit buildings from this source alone. Stage activity is counted only when the stage date is in the APR reporting year."
Poway,2023,Building Permit,Unknown / not reported,0.0,reported,HCD APR Table A2,2023,2026-10-07,Jurisdiction,Housing units (count),"HCD UNIT_CAT uses SFD, SFA, 2-4, 5+, ADU, and MH. The 2-4 category cannot be defensibly split into duplex versus 3-4-unit buildings from this source alone. Stage activity is counted only when the stage date is in the APR reporting year."
Poway,2023,Completion,2-4 unit building (combined),23.0,reported,HCD APR Table A2,2023,2026-10-07,Jurisdiction,Housing units (count),"HCD UNIT_CAT uses SFD, SFA, 2-4, 5+, ADU, and MH. The 2-4 category cannot be defensibly split into duplex versus 3-4-unit buildings from this source alone. Stage activity is counted only when the stage date is in the APR reporting year."
Poway,2023,Completion,5+ unit building,0.0,reported,HCD APR Table A2,2023,2026-10-07,Jurisdiction,Housing units (count),"HCD UNIT_CAT uses SFD, SFA, 2-4, 5+, ADU, and MH. The 2-4 category cannot be defensibly split into duplex versus 3-4-unit buildings from this source alone. Stage activity is counted only when the stage date is in the APR reporting year."
Poway,2023,Completion,Accessory dwelling unit,8.0,reported,HCD APR Table A2,2023,2026-10-07,Jurisdiction,Housing units (count),"HCD UNIT_CAT uses SFD, SFA, 2-4, 5+, ADU, and MH. The 2-4 category cannot be defensibly split into duplex versus 3-4-unit buildings from this source alone. Stage activity is counted only when the stage date is in the APR reporting year."
Poway,2023,Completion,Mobile home / manufactured home,0.0,reported,HCD APR Table A2,2023,2026-10-07,Jurisdiction,Housing units (count),"HCD UNIT_CAT uses SFD, SFA, 2-4, 5+, ADU, and MH. The 2-4 category cannot be defensibly split into duplex versus 3-4-unit buildings from this source alone. Stage activity is counted only when the stage date is in the APR reporting year."
Poway,2023,Completion,Other / source-reported,0.0,reported,HCD APR Table A2,2023,2026-10-07,Jurisdiction,Housing units (count),"HCD UNIT_CAT uses SFD, SFA, 2-4, 5+, ADU, and MH. The 2-4 category cannot be defensibly split into duplex versus 3-4-unit buildings from this source alone. Stage activity is counted only when the stage date is in the APR reporting year."
Poway,2023,Completion,Single-family attached,0.0,reported,HCD APR Table A2,2023,2026-10-07,Jurisdiction,Housing units (count),"HCD UNIT_CAT uses SFD, SFA, 2-4, 5+, ADU, and MH. The 2-4 category cannot be defensibly split into duplex versus 3-4-unit buildings from this source alone. Stage activity is counted only when the stage date is in the APR reporting year."
Poway,2023,Completion,Single-family detached,106.0,reported,HCD APR Table A2,2023,2026-10-07,Jurisdiction,Housing units (count),"HCD UNIT_CAT uses SFD, SFA, 2-4, 5+, ADU, and MH. The 2-4 category cannot be defensibly split into duplex versus 3-4-unit buildings from this source alone. Stage activity is counted only when the stage date is in the APR reporting year."
Poway,2023,Completion,Unknown / not reported,0.0,reported,HCD APR Table A2,2023,2026-10-07,Jurisdiction,Housing units (count),"HCD UNIT_CAT uses SFD, SFA, 2-4, 5+, ADU, and MH. The 2-4 category cannot be defensibly split into duplex versus 3-4-unit buildings from this source alone. Stage activity is counted only when the stage date is in the APR reporting year."
Poway,2024,Building Permit,2-4 unit building (combined),0.0,reported,HCD APR Table A2,2024,2026-10-07,Jurisdiction,Housing units (count),"HCD UNIT_CAT uses SFD, SFA, 2-4, 5+, ADU, and MH. The 2-4 category cannot be defensibly split into duplex versus 3-4-unit buildings from this source alone. Stage activity is counted only when the stage date is in the APR reporting year."
Poway,2024,Building Permit,5+ unit building,1.0,reported,HCD APR Table A2,2024,2026-10-07,Jurisdiction,Housing units (count),"HCD UNIT_CAT uses SFD, SFA, 2-4, 5+, ADU, and MH. The 2-4 category cannot be defensibly split into duplex versus 3-4-unit buildings from this source alone. Stage activity is counted only when the stage date is in the APR reporting year."
Poway,2024,Building Permit,Accessory dwelling unit,33.0,reported,HCD APR Table A2,2024,2026-10-07,Jurisdiction,Housing units (count),"HCD UNIT_CAT uses SFD, SFA, 2-4, 5+, ADU, and MH. The 2-4 category cannot be defensibly split into duplex versus 3-4-unit buildings from this source alone. Stage activity is counted only when the stage date is in the APR reporting year."
Poway,2024,Building Permit,Mobile home / manufactured home,0.0,reported,HCD APR Table A2,2024,2026-10-07,Jurisdiction,Housing units (count),"HCD UNIT_CAT uses SFD, SFA, 2-4, 5+, ADU, and MH. The 2-4 category cannot be defensibly split into duplex versus 3-4-unit buildings from this source alone. Stage activity is counted only when the stage date is in the APR reporting year."
Poway,2024,Building Permit,Other / source-reported,0.0,reported,HCD APR Table A2,2024,2026-10-07,Jurisdiction,Housing units (count),"HCD UNIT_CAT uses SFD, SFA, 2-4, 5+, ADU, and MH. The 2-4 category cannot be defensibly split into duplex versus 3-4-unit buildings from this source alone. Stage activity is counted only when the stage date is in the APR reporting year."
Poway,2024,Building Permit,Single-family attached,0.0,reported,HCD APR Table A2,2024,2026-10-07,Jurisdiction,Housing units (count),"HCD UNIT_CAT uses SFD, SFA, 2-4, 5+, ADU, and MH. The 2-4 category cannot be defensibly split into duplex versus 3-4-unit buildings from this source alone. Stage activity is counted only when the stage date is in the APR reporting year."
Poway,2024,Building Permit,Single-family detached,29.0,reported,HCD APR Table A2,2024,2026-10-07,Jurisdiction,Housing units (count),"HCD UNIT_CAT uses SFD, SFA, 2-4, 5+, ADU, and MH. The 2-4 category cannot be defensibly split into duplex versus 3-4-unit buildings from this source alone. Stage activity is counted only when the stage date is in the APR reporting year."
Poway,2024,Building Permit,Unknown / not reported,0.0,reported,HCD APR Table A2,2024,2026-10-07,Jurisdiction,Housing units (count),"HCD UNIT_CAT uses SFD, SFA, 2-4, 5+, ADU, and MH. The 2-4 category cannot be defensibly split into duplex versus 3-4-unit buildings from this source alone. Stage activity is counted only when the stage date is in the APR reporting year."
Poway,2024,Completion,2-4 unit building (combined),0.0,reported,HCD APR Table A2,2024,2026-10-07,Jurisdiction,Housing units (count),"HCD UNIT_CAT uses SFD, SFA, 2-4, 5+, ADU, and MH. The 2-4 category cannot be defensibly split into duplex versus 3-4-unit buildings from this source alone. Stage activity is counted only when the stage date is in the APR reporting year."
Poway,2024,Completion,5+ unit building,202.0,reported,HCD APR Table A2,2024,2026-10-07,Jurisdiction,Housing units (count),"HCD UNIT_CAT uses SFD, SFA, 2-4, 5+, ADU, and MH. The 2-4 category cannot be defensibly split into duplex versus 3-4-unit buildings from this source alone. Stage activity is counted only when the stage date is in the APR reporting year."
Poway,2024,Completion,Accessory dwelling unit,16.0,reported,HCD APR Table A2,2024,2026-10-07,Jurisdiction,Housing units (count),"HCD UNIT_CAT uses SFD, SFA, 2-4, 5+, ADU, and MH. The 2-4 category cannot be defensibly split into duplex versus 3-4-unit buildings from this source alone. Stage activity is counted only when the stage date is in the APR reporting year."
Poway,2024,Completion,Mobile home / manufactured home,0.0,reported,HCD APR Table A2,2024,2026-10-07,Jurisdiction,Housing units (count),"HCD UNIT_CAT uses SFD, SFA, 2-4, 5+, ADU, and MH. The 2-4 category cannot be defensibly split into duplex versus 3-4-unit buildings from this source alone. Stage activity is counted only when the stage date is in the APR reporting year."
Poway,2024,Completion,Other / source-reported,0.0,reported,HCD APR Table A2,2024,2026-10-07,Jurisdiction,Housing units (count),"HCD UNIT_CAT uses SFD, SFA, 2-4, 5+, ADU, and MH. The 2-4 category cannot be defensibly split into duplex versus 3-4-unit buildings from this source alone. Stage activity is counted only when the stage date is in the APR reporting year."
Poway,2024,Completion,Single-family attached,0.0,reported,HCD APR Table A2,2024,2026-10-07,Jurisdiction,Housing units (count),"HCD UNIT_CAT uses SFD, SFA, 2-4, 5+, ADU, and MH. The 2-4 category cannot be defensibly split into duplex versus 3-4-unit buildings from this source alone. Stage activity is counted only when the stage date is in the APR reporting year."
Poway,2024,Completion,Single-family detached,63.0,reported,HCD APR Table A2,2024,2026-10-07,Jurisdiction,Housing units (count),"HCD UNIT_CAT uses SFD, SFA, 2-4, 5+, ADU, and MH. The 2-4 category cannot be defensibly split into duplex versus 3-4-unit buildings from this source alone. Stage activity is counted only when the stage date is in the APR reporting year."
Poway,2024,Completion,Unknown / not reported,0.0,reported,HCD APR Table A2,2024,2026-10-07,Jurisdiction,Housing units (count),"HCD UNIT_CAT uses SFD, SFA, 2-4, 5+, ADU, and MH. The 2-4 category cannot be defensibly split into duplex versus 3-4-unit buildings from this source alone. Stage activity is counted only when the stage date is in the APR reporting year."
Poway,2025,Building Permit,2-4 unit building (combined),0.0,reported,HCD APR Table A2,2025,2026-10-07,Jurisdiction,Housing units (count),"HCD UNIT_CAT uses SFD, SFA, 2-4, 5+, ADU, and MH. The 2-4 category cannot be defensibly split into duplex versus 3-4-unit buildings from this source alone. Stage activity is counted only when the stage date is in the APR reporting year."
Poway,2025,Building Permit,5+ unit building,0.0,reported,HCD APR Table A2,2025,2026-10-07,Jurisdiction,Housing units (count),"HCD UNIT_CAT uses SFD, SFA, 2-4, 5+, ADU, and MH. The 2-4 category cannot be defensibly split into duplex versus 3-4-unit buildings from this source alone. Stage activity is counted only when the stage date is in the APR reporting year."
Poway,2025,Building Permit,Accessory dwelling unit,36.0,reported,HCD APR Table A2,2025,2026-10-07,Jurisdiction,Housing units (count),"HCD UNIT_CAT uses SFD, SFA, 2-4, 5+, ADU, and MH. The 2-4 category cannot be defensibly split into duplex versus 3-4-unit buildings from this source alone. Stage activity is counted only when the stage date is in the APR reporting year."
Poway,2025,Building Permit,Mobile home / manufactured home,0.0,reported,HCD APR Table A2,2025,2026-10-07,Jurisdiction,Housing units (count),"HCD UNIT_CAT uses SFD, SFA, 2-4, 5+, ADU, and MH. The 2-4 category cannot be defensibly split into duplex versus 3-4-unit buildings from this source alone. Stage activity is counted only when the stage date is in the APR reporting year."
Poway,2025,Building Permit,Other / source-reported,0.0,reported,HCD APR Table A2,2025,2026-10-07,Jurisdiction,Housing units (count),"HCD UNIT_CAT uses SFD, SFA, 2-4, 5+, ADU, and MH. The 2-4 category cannot be defensibly split into duplex versus 3-4-unit buildings from this source alone. Stage activity is counted only when the stage date is in the APR reporting year."
Poway,2025,Building Permit,Single-family attached,0.0,reported,HCD APR Table A2,2025,2026-10-07,Jurisdiction,Housing units (count),"HCD UNIT_CAT uses SFD, SFA, 2-4, 5+, ADU, and MH. The 2-4 category cannot be defensibly split into duplex versus 3-4-unit buildings from this source alone. Stage activity is counted only when the stage date is in the APR reporting year."
Poway,2025,Building Permit,Single-family detached,52.0,reported,HCD APR Table A2,2025,2026-10-07,Jurisdiction,Housing units (count),"HCD UNIT_CAT uses SFD, SFA, 2-4, 5+, ADU, and MH. The 2-4 category cannot be defensibly split into duplex versus 3-4-unit buildings from this source alone. Stage activity is counted only when the stage date is in the APR reporting year."
Poway,2025,Building Permit,Unknown / not reported,0.0,reported,HCD APR Table A2,2025,2026-10-07,Jurisdiction,Housing units (count),"HCD UNIT_CAT uses SFD, SFA, 2-4, 5+, ADU, and MH. The 2-4 category cannot be defensibly split into duplex versus 3-4-unit buildings from this source alone. Stage activity is counted only when the stage date is in the APR reporting year."
Poway,2025,Completion,2-4 unit building (combined),1.0,reported,HCD APR Table A2,2025,2026-10-07,Jurisdiction,Housing units (count),"HCD UNIT_CAT uses SFD, SFA, 2-4, 5+, ADU, and MH. The 2-4 category cannot be defensibly split into duplex versus 3-4-unit buildings from this source alone. Stage activity is counted only when the stage date is in the APR reporting year."
Poway,2025,Completion,5+ unit building,0.0,reported,HCD APR Table A2,2025,2026-10-07,Jurisdiction,Housing units (count),"HCD UNIT_CAT uses SFD, SFA, 2-4, 5+, ADU, and MH. The 2-4 category cannot be defensibly split into duplex versus 3-4-unit buildings from this source alone. Stage activity is counted only when the stage date is in the APR reporting year."
Poway,2025,Completion,Accessory dwelling unit,29.0,reported,HCD APR Table A2,2025,2026-10-07,Jurisdiction,Housing units (count),"HCD UNIT_CAT uses SFD, SFA, 2-4, 5+, ADU, and MH. The 2-4 category cannot be defensibly split into duplex versus 3-4-unit buildings from this source alone. Stage activity is counted only when the stage date is in the APR reporting year."
Poway,2025,Completion,Mobile home / manufactured home,0.0,reported,HCD APR Table A2,2025,2026-10-07,Jurisdiction,Housing units (count),"HCD UNIT_CAT uses SFD, SFA, 2-4, 5+, ADU, and MH. The 2-4 category cannot be defensibly split into duplex versus 3-4-unit buildings from this source alone. Stage activity is counted only when the stage date is in the APR reporting year."
Poway,2025,Completion,Other / source-reported,0.0,reported,HCD APR Table A2,2025,2026-10-07,Jurisdiction,Housing units (count),"HCD UNIT_CAT uses SFD, SFA, 2-4, 5+, ADU, and MH. The 2-4 category cannot be defensibly split into duplex versus 3-4-unit buildings from this source alone. Stage activity is counted only when the stage date is in the APR reporting year."
Poway,2025,Completion,Single-family attached,0.0,reported,HCD APR Table A2,2025,2026-10-07,Jurisdiction,Housing units (count),"HCD UNIT_CAT uses SFD, SFA, 2-4, 5+, ADU, and MH. The 2-4 category cannot be defensibly split into duplex versus 3-4-unit buildings from this source alone. Stage activity is counted only when the stage date is in the APR reporting year."
Poway,2025,Completion,Single-family detached,17.0,reported,HCD APR Table A2,2025,2026-10-07,Jurisdiction,Housing units (count),"HCD UNIT_CAT uses SFD, SFA, 2-4, 5+, ADU, and MH. The 2-4 category cannot be defensibly split into duplex versus 3-4-unit buildings from this source alone. Stage activity is counted only when the stage date is in the APR reporting year."
Poway,2025,Completion,Unknown / not reported,0.0,reported,HCD APR Table A2,2025,2026-10-07,Jurisdiction,Housing units (count),"HCD UNIT_CAT uses SFD, SFA, 2-4, 5+, ADU, and MH. The 2-4 category cannot be defensibly split into duplex versus 3-4-unit buildings from this source alone. Stage activity is counted only when the stage date is in the APR reporting year."
San Diego,2018,Building Permit,2-4 unit building (combined),227.0,reported,HCD APR Table A2,2018,2026-10-07,Jurisdiction,Housing units (count),"HCD UNIT_CAT uses SFD, SFA, 2-4, 5+, ADU, and MH. The 2-4 category cannot be defensibly split into duplex versus 3-4-unit buildings from this source alone. Stage activity is counted only when the stage date is in the APR reporting year."
San Diego,2018,Building Permit,5+ unit building,2866.0,reported,HCD APR Table A2,2018,2026-10-07,Jurisdiction,Housing units (count),"HCD UNIT_CAT uses SFD, SFA, 2-4, 5+, ADU, and MH. The 2-4 category cannot be defensibly split into duplex versus 3-4-unit buildings from this source alone. Stage activity is counted only when the stage date is in the APR reporting year."
San Diego,2018,Building Permit,Accessory dwelling unit,216.0,reported,HCD APR Table A2,2018,2026-10-07,Jurisdiction,Housing units (count),"HCD UNIT_CAT uses SFD, SFA, 2-4, 5+, ADU, and MH. The 2-4 category cannot be defensibly split into duplex versus 3-4-unit buildings from this source alone. Stage activity is counted only when the stage date is in the APR reporting year."
San Diego,2018,Building Permit,Mobile home / manufactured home,0.0,reported,HCD APR Table A2,2018,2026-10-07,Jurisdiction,Housing units (count),"HCD UNIT_CAT uses SFD, SFA, 2-4, 5+, ADU, and MH. The 2-4 category cannot be defensibly split into duplex versus 3-4-unit buildings from this source alone. Stage activity is counted only when the stage date is in the APR reporting year."
San Diego,2018,Building Permit,Other / source-reported,0.0,reported,HCD APR Table A2,2018,2026-10-07,Jurisdiction,Housing units (count),"HCD UNIT_CAT uses SFD, SFA, 2-4, 5+, ADU, and MH. The 2-4 category cannot be defensibly split into duplex versus 3-4-unit buildings from this source alone. Stage activity is counted only when the stage date is in the APR reporting year."
San Diego,2018,Building Permit,Single-family attached,85.0,reported,HCD APR Table A2,2018,2026-10-07,Jurisdiction,Housing units (count),"HCD UNIT_CAT uses SFD, SFA, 2-4, 5+, ADU, and MH. The 2-4 category cannot be defensibly split into duplex versus 3-4-unit buildings from this source alone. Stage activity is counted only when the stage date is in the APR reporting year."
San Diego,2018,Building Permit,Single-family detached,501.0,reported,HCD APR Table A2,2018,2026-10-07,Jurisdiction,Housing units (count),"HCD UNIT_CAT uses SFD, SFA, 2-4, 5+, ADU, and MH. The 2-4 category cannot be defensibly split into duplex versus 3-4-unit buildings from this source alone. Stage activity is counted only when the stage date is in the APR reporting year."
San Diego,2018,Building Permit,Unknown / not reported,0.0,reported,HCD APR Table A2,2018,2026-10-07,Jurisdiction,Housing units (count),"HCD UNIT_CAT uses SFD, SFA, 2-4, 5+, ADU, and MH. The 2-4 category cannot be defensibly split into duplex versus 3-4-unit buildings from this source alone. Stage activity is counted only when the stage date is in the APR reporting year."
San Diego,2018,Completion,2-4 unit building (combined),0.0,reported,HCD APR Table A2,2018,2026-10-07,Jurisdiction,Housing units (count),"HCD UNIT_CAT uses SFD, SFA, 2-4, 5+, ADU, and MH. The 2-4 category cannot be defensibly split into duplex versus 3-4-unit buildings from this source alone. Stage activity is counted only when the stage date is in the APR reporting year."
San Diego,2018,Completion,5+ unit building,0.0,reported,HCD APR Table A2,2018,2026-10-07,Jurisdiction,Housing units (count),"HCD UNIT_CAT uses SFD, SFA, 2-4, 5+, ADU, and MH. The 2-4 category cannot be defensibly split into duplex versus 3-4-unit buildings from this source alone. Stage activity is counted only when the stage date is in the APR reporting year."
San Diego,2018,Completion,Accessory dwelling unit,0.0,reported,HCD APR Table A2,2018,2026-10-07,Jurisdiction,Housing units (count),"HCD UNIT_CAT uses SFD, SFA, 2-4, 5+, ADU, and MH. The 2-4 category cannot be defensibly split into duplex versus 3-4-unit buildings from this source alone. Stage activity is counted only when the stage date is in the APR reporting year."
San Diego,2018,Completion,Mobile home / manufactured home,0.0,reported,HCD APR Table A2,2018,2026-10-07,Jurisdiction,Housing units (count),"HCD UNIT_CAT uses SFD, SFA, 2-4, 5+, ADU, and MH. The 2-4 category cannot be defensibly split into duplex versus 3-4-unit buildings from this source alone. Stage activity is counted only when the stage date is in the APR reporting year."
San Diego,2018,Completion,Other / source-reported,0.0,reported,HCD APR Table A2,2018,2026-10-07,Jurisdiction,Housing units (count),"HCD UNIT_CAT uses SFD, SFA, 2-4, 5+, ADU, and MH. The 2-4 category cannot be defensibly split into duplex versus 3-4-unit buildings from this source alone. Stage activity is counted only when the stage date is in the APR reporting year."
San Diego,2018,Completion,Single-family attached,0.0,reported,HCD APR Table A2,2018,2026-10-07,Jurisdiction,Housing units (count),"HCD UNIT_CAT uses SFD, SFA, 2-4, 5+, ADU, and MH. The 2-4 category cannot be defensibly split into duplex versus 3-4-unit buildings from this source alone. Stage activity is counted only when the stage date is in the APR reporting year."
San Diego,2018,Completion,Single-family detached,0.0,reported,HCD APR Table A2,2018,2026-10-07,Jurisdiction,Housing units (count),"HCD UNIT_CAT uses SFD, SFA, 2-4, 5+, ADU, and MH. The 2-4 category cannot be defensibly split into duplex versus 3-4-unit buildings from this source alone. Stage activity is counted only when the stage date is in the APR reporting year."
San Diego,2018,Completion,Unknown / not reported,0.0,reported,HCD APR Table A2,2018,2026-10-07,Jurisdiction,Housing units (count),"HCD UNIT_CAT uses SFD, SFA, 2-4, 5+, ADU, and MH. The 2-4 category cannot be defensibly split into duplex versus 3-4-unit buildings from this source alone. Stage activity is counted only when the stage date is in the APR reporting year."
San Diego,2019,Building Permit,2-4 unit building (combined),307.0,reported,HCD APR Table A2,2019,2026-10-07,Jurisdiction,Housing units (count),"HCD UNIT_CAT uses SFD, SFA, 2-4, 5+, ADU, and MH. The 2-4 category cannot be defensibly split into duplex versus 3-4-unit buildings from this source alone. Stage activity is counted only when the stage date is in the APR reporting year."
San Diego,2019,Building Permit,5+ unit building,3703.0,reported,HCD APR Table A2,2019,2026-10-07,Jurisdiction,Housing units (count),"HCD UNIT_CAT uses SFD, SFA, 2-4, 5+, ADU, and MH. The 2-4 category cannot be defensibly split into duplex versus 3-4-unit buildings from this source alone. Stage activity is counted only when the stage date is in the APR reporting year."
San Diego,2019,Building Permit,Accessory dwelling unit,627.0,reported,HCD APR Table A2,2019,2026-10-07,Jurisdiction,Housing units (count),"HCD UNIT_CAT uses SFD, SFA, 2-4, 5+, ADU, and MH. The 2-4 category cannot be defensibly split into duplex versus 3-4-unit buildings from this source alone. Stage activity is counted only when the stage date is in the APR reporting year."
San Diego,2019,Building Permit,Mobile home / manufactured home,3.0,reported,HCD APR Table A2,2019,2026-10-07,Jurisdiction,Housing units (count),"HCD UNIT_CAT uses SFD, SFA, 2-4, 5+, ADU, and MH. The 2-4 category cannot be defensibly split into duplex versus 3-4-unit buildings from this source alone. Stage activity is counted only when the stage date is in the APR reporting year."
San Diego,2019,Building Permit,Other / source-reported,0.0,reported,HCD APR Table A2,2019,2026-10-07,Jurisdiction,Housing units (count),"HCD UNIT_CAT uses SFD, SFA, 2-4, 5+, ADU, and MH. The 2-4 category cannot be defensibly split into duplex versus 3-4-unit buildings from this source alone. Stage activity is counted only when the stage date is in the APR reporting year."
San Diego,2019,Building Permit,Single-family attached,57.0,reported,HCD APR Table A2,2019,2026-10-07,Jurisdiction,Housing units (count),"HCD UNIT_CAT uses SFD, SFA, 2-4, 5+, ADU, and MH. The 2-4 category cannot be defensibly split into duplex versus 3-4-unit buildings from this source alone. Stage activity is counted only when the stage date is in the APR reporting year."
San Diego,2019,Building Permit,Single-family detached,524.0,reported,HCD APR Table A2,2019,2026-10-07,Jurisdiction,Housing units (count),"HCD UNIT_CAT uses SFD, SFA, 2-4, 5+, ADU, and MH. The 2-4 category cannot be defensibly split into duplex versus 3-4-unit buildings from this source alone. Stage activity is counted only when the stage date is in the APR reporting year."
San Diego,2019,Building Permit,Unknown / not reported,0.0,reported,HCD APR Table A2,2019,2026-10-07,Jurisdiction,Housing units (count),"HCD UNIT_CAT uses SFD, SFA, 2-4, 5+, ADU, and MH. The 2-4 category cannot be defensibly split into duplex versus 3-4-unit buildings from this source alone. Stage activity is counted only when the stage date is in the APR reporting year."
San Diego,2019,Completion,2-4 unit building (combined),0.0,reported,HCD APR Table A2,2019,2026-10-07,Jurisdiction,Housing units (count),"HCD UNIT_CAT uses SFD, SFA, 2-4, 5+, ADU, and MH. The 2-4 category cannot be defensibly split into duplex versus 3-4-unit buildings from this source alone. Stage activity is counted only when the stage date is in the APR reporting year."
San Diego,2019,Completion,5+ unit building,0.0,reported,HCD APR Table A2,2019,2026-10-07,Jurisdiction,Housing units (count),"HCD UNIT_CAT uses SFD, SFA, 2-4, 5+, ADU, and MH. The 2-4 category cannot be defensibly split into duplex versus 3-4-unit buildings from this source alone. Stage activity is counted only when the stage date is in the APR reporting year."
San Diego,2019,Completion,Accessory dwelling unit,0.0,reported,HCD APR Table A2,2019,2026-10-07,Jurisdiction,Housing units (count),"HCD UNIT_CAT uses SFD, SFA, 2-4, 5+, ADU, and MH. The 2-4 category cannot be defensibly split into duplex versus 3-4-unit buildings from this source alone. Stage activity is counted only when the stage date is in the APR reporting year."
San Diego,2019,Completion,Mobile home / manufactured home,0.0,reported,HCD APR Table A2,2019,2026-10-07,Jurisdiction,Housing units (count),"HCD UNIT_CAT uses SFD, SFA, 2-4, 5+, ADU, and MH. The 2-4 category cannot be defensibly split into duplex versus 3-4-unit buildings from this source alone. Stage activity is counted only when the stage date is in the APR reporting year."
San Diego,2019,Completion,Other / source-reported,0.0,reported,HCD APR Table A2,2019,2026-10-07,Jurisdiction,Housing units (count),"HCD UNIT_CAT uses SFD, SFA, 2-4, 5+, ADU, and MH. The 2-4 category cannot be defensibly split into duplex versus 3-4-unit buildings from this source alone. Stage activity is counted only when the stage date is in the APR reporting year."
San Diego,2019,Completion,Single-family attached,0.0,reported,HCD APR Table A2,2019,2026-10-07,Jurisdiction,Housing units (count),"HCD UNIT_CAT uses SFD, SFA, 2-4, 5+, ADU, and MH. The 2-4 category cannot be defensibly split into duplex versus 3-4-unit buildings from this source alone. Stage activity is counted only when the stage date is in the APR reporting year."
San Diego,2019,Completion,Single-family detached,0.0,reported,HCD APR Table A2,2019,2026-10-07,Jurisdiction,Housing units (count),"HCD UNIT_CAT uses SFD, SFA, 2-4, 5+, ADU, and MH. The 2-4 category cannot be defensibly split into duplex versus 3-4-unit buildings from this source alone. Stage activity is counted only when the stage date is in the APR reporting year."
San Diego,2019,Completion,Unknown / not reported,0.0,reported,HCD APR Table A2,2019,2026-10-07,Jurisdiction,Housing units (count),"HCD UNIT_CAT uses SFD, SFA, 2-4, 5+, ADU, and MH. The 2-4 category cannot be defensibly split into duplex versus 3-4-unit buildings from this source alone. Stage activity is counted only when the stage date is in the APR reporting year."
San Diego,2020,Building Permit,2-4 unit building (combined),217.0,reported,HCD APR Table A2,2020,2026-10-07,Jurisdiction,Housing units (count),"HCD UNIT_CAT uses SFD, SFA, 2-4, 5+, ADU, and MH. The 2-4 category cannot be defensibly split into duplex versus 3-4-unit buildings from this source alone. Stage activity is counted only when the stage date is in the APR reporting year."
San Diego,2020,Building Permit,5+ unit building,5433.0,reported,HCD APR Table A2,2020,2026-10-07,Jurisdiction,Housing units (count),"HCD UNIT_CAT uses SFD, SFA, 2-4, 5+, ADU, and MH. The 2-4 category cannot be defensibly split into duplex versus 3-4-unit buildings from this source alone. Stage activity is counted only when the stage date is in the APR reporting year."
San Diego,2020,Building Permit,Accessory dwelling unit,491.0,reported,HCD APR Table A2,2020,2026-10-07,Jurisdiction,Housing units (count),"HCD UNIT_CAT uses SFD, SFA, 2-4, 5+, ADU, and MH. The 2-4 category cannot be defensibly split into duplex versus 3-4-unit buildings from this source alone. Stage activity is counted only when the stage date is in the APR reporting year."
San Diego,2020,Building Permit,Mobile home / manufactured home,1.0,reported,HCD APR Table A2,2020,2026-10-07,Jurisdiction,Housing units (count),"HCD UNIT_CAT uses SFD, SFA, 2-4, 5+, ADU, and MH. The 2-4 category cannot be defensibly split into duplex versus 3-4-unit buildings from this source alone. Stage activity is counted only when the stage date is in the APR reporting year."
San Diego,2020,Building Permit,Other / source-reported,0.0,reported,HCD APR Table A2,2020,2026-10-07,Jurisdiction,Housing units (count),"HCD UNIT_CAT uses SFD, SFA, 2-4, 5+, ADU, and MH. The 2-4 category cannot be defensibly split into duplex versus 3-4-unit buildings from this source alone. Stage activity is counted only when the stage date is in the APR reporting year."
San Diego,2020,Building Permit,Single-family attached,14.0,reported,HCD APR Table A2,2020,2026-10-07,Jurisdiction,Housing units (count),"HCD UNIT_CAT uses SFD, SFA, 2-4, 5+, ADU, and MH. The 2-4 category cannot be defensibly split into duplex versus 3-4-unit buildings from this source alone. Stage activity is counted only when the stage date is in the APR reporting year."
San Diego,2020,Building Permit,Single-family detached,326.0,reported,HCD APR Table A2,2020,2026-10-07,Jurisdiction,Housing units (count),"HCD UNIT_CAT uses SFD, SFA, 2-4, 5+, ADU, and MH. The 2-4 category cannot be defensibly split into duplex versus 3-4-unit buildings from this source alone. Stage activity is counted only when the stage date is in the APR reporting year."
San Diego,2020,Building Permit,Unknown / not reported,0.0,reported,HCD APR Table A2,2020,2026-10-07,Jurisdiction,Housing units (count),"HCD UNIT_CAT uses SFD, SFA, 2-4, 5+, ADU, and MH. The 2-4 category cannot be defensibly split into duplex versus 3-4-unit buildings from this source alone. Stage activity is counted only when the stage date is in the APR reporting year."
San Diego,2020,Completion,2-4 unit building (combined),0.0,reported,HCD APR Table A2,2020,2026-10-07,Jurisdiction,Housing units (count),"HCD UNIT_CAT uses SFD, SFA, 2-4, 5+, ADU, and MH. The 2-4 category cannot be defensibly split into duplex versus 3-4-unit buildings from this source alone. Stage activity is counted only when the stage date is in the APR reporting year."
San Diego,2020,Completion,5+ unit building,0.0,reported,HCD APR Table A2,2020,2026-10-07,Jurisdiction,Housing units (count),"HCD UNIT_CAT uses SFD, SFA, 2-4, 5+, ADU, and MH. The 2-4 category cannot be defensibly split into duplex versus 3-4-unit buildings from this source alone. Stage activity is counted only when the stage date is in the APR reporting year."
San Diego,2020,Completion,Accessory dwelling unit,0.0,reported,HCD APR Table A2,2020,2026-10-07,Jurisdiction,Housing units (count),"HCD UNIT_CAT uses SFD, SFA, 2-4, 5+, ADU, and MH. The 2-4 category cannot be defensibly split into duplex versus 3-4-unit buildings from this source alone. Stage activity is counted only when the stage date is in the APR reporting year."
San Diego,2020,Completion,Mobile home / manufactured home,0.0,reported,HCD APR Table A2,2020,2026-10-07,Jurisdiction,Housing units (count),"HCD UNIT_CAT uses SFD, SFA, 2-4, 5+, ADU, and MH. The 2-4 category cannot be defensibly split into duplex versus 3-4-unit buildings from this source alone. Stage activity is counted only when the stage date is in the APR reporting year."
San Diego,2020,Completion,Other / source-reported,0.0,reported,HCD APR Table A2,2020,2026-10-07,Jurisdiction,Housing units (count),"HCD UNIT_CAT uses SFD, SFA, 2-4, 5+, ADU, and MH. The 2-4 category cannot be defensibly split into duplex versus 3-4-unit buildings from this source alone. Stage activity is counted only when the stage date is in the APR reporting year."
San Diego,2020,Completion,Single-family attached,0.0,reported,HCD APR Table A2,2020,2026-10-07,Jurisdiction,Housing units (count),"HCD UNIT_CAT uses SFD, SFA, 2-4, 5+, ADU, and MH. The 2-4 category cannot be defensibly split into duplex versus 3-4-unit buildings from this source alone. Stage activity is counted only when the stage date is in the APR reporting year."
San Diego,2020,Completion,Single-family detached,0.0,reported,HCD APR Table A2,2020,2026-10-07,Jurisdiction,Housing units (count),"HCD UNIT_CAT uses SFD, SFA, 2-4, 5+, ADU, and MH. The 2-4 category cannot be defensibly split into duplex versus 3-4-unit buildings from this source alone. Stage activity is counted only when the stage date is in the APR reporting year."
San Diego,2020,Completion,Unknown / not reported,0.0,reported,HCD APR Table A2,2020,2026-10-07,Jurisdiction,Housing units (count),"HCD UNIT_CAT uses SFD, SFA, 2-4, 5+, ADU, and MH. The 2-4 category cannot be defensibly split into duplex versus 3-4-unit buildings from this source alone. Stage activity is counted only when the stage date is in the APR reporting year."
San Diego,2021,Building Permit,2-4 unit building (combined),164.0,reported,HCD APR Table A2,2021,2026-10-07,Jurisdiction,Housing units (count),"HCD UNIT_CAT uses SFD, SFA, 2-4, 5+, ADU, and MH. The 2-4 category cannot be defensibly split into duplex versus 3-4-unit buildings from this source alone. Stage activity is counted only when the stage date is in the APR reporting year."
San Diego,2021,Building Permit,5+ unit building,3640.0,reported,HCD APR Table A2,2021,2026-10-07,Jurisdiction,Housing units (count),"HCD UNIT_CAT uses SFD, SFA, 2-4, 5+, ADU, and MH. The 2-4 category cannot be defensibly split into duplex versus 3-4-unit buildings from this source alone. Stage activity is counted only when the stage date is in the APR reporting year."
San Diego,2021,Building Permit,Accessory dwelling unit,870.0,reported,HCD APR Table A2,2021,2026-10-07,Jurisdiction,Housing units (count),"HCD UNIT_CAT uses SFD, SFA, 2-4, 5+, ADU, and MH. The 2-4 category cannot be defensibly split into duplex versus 3-4-unit buildings from this source alone. Stage activity is counted only when the stage date is in the APR reporting year."
San Diego,2021,Building Permit,Mobile home / manufactured home,0.0,reported,HCD APR Table A2,2021,2026-10-07,Jurisdiction,Housing units (count),"HCD UNIT_CAT uses SFD, SFA, 2-4, 5+, ADU, and MH. The 2-4 category cannot be defensibly split into duplex versus 3-4-unit buildings from this source alone. Stage activity is counted only when the stage date is in the APR reporting year."
San Diego,2021,Building Permit,Other / source-reported,0.0,reported,HCD APR Table A2,2021,2026-10-07,Jurisdiction,Housing units (count),"HCD UNIT_CAT uses SFD, SFA, 2-4, 5+, ADU, and MH. The 2-4 category cannot be defensibly split into duplex versus 3-4-unit buildings from this source alone. Stage activity is counted only when the stage date is in the APR reporting year."
San Diego,2021,Building Permit,Single-family attached,17.0,reported,HCD APR Table A2,2021,2026-10-07,Jurisdiction,Housing units (count),"HCD UNIT_CAT uses SFD, SFA, 2-4, 5+, ADU, and MH. The 2-4 category cannot be defensibly split into duplex versus 3-4-unit buildings from this source alone. Stage activity is counted only when the stage date is in the APR reporting year."
San Diego,2021,Building Permit,Single-family detached,341.0,reported,HCD APR Table A2,2021,2026-10-07,Jurisdiction,Housing units (count),"HCD UNIT_CAT uses SFD, SFA, 2-4, 5+, ADU, and MH. The 2-4 category cannot be defensibly split into duplex versus 3-4-unit buildings from this source alone. Stage activity is counted only when the stage date is in the APR reporting year."
San Diego,2021,Building Permit,Unknown / not reported,0.0,reported,HCD APR Table A2,2021,2026-10-07,Jurisdiction,Housing units (count),"HCD UNIT_CAT uses SFD, SFA, 2-4, 5+, ADU, and MH. The 2-4 category cannot be defensibly split into duplex versus 3-4-unit buildings from this source alone. Stage activity is counted only when the stage date is in the APR reporting year."
San Diego,2021,Completion,2-4 unit building (combined),228.0,reported,HCD APR Table A2,2021,2026-10-07,Jurisdiction,Housing units (count),"HCD UNIT_CAT uses SFD, SFA, 2-4, 5+, ADU, and MH. The 2-4 category cannot be defensibly split into duplex versus 3-4-unit buildings from this source alone. Stage activity is counted only when the stage date is in the APR reporting year."
San Diego,2021,Completion,5+ unit building,2991.0,reported,HCD APR Table A2,2021,2026-10-07,Jurisdiction,Housing units (count),"HCD UNIT_CAT uses SFD, SFA, 2-4, 5+, ADU, and MH. The 2-4 category cannot be defensibly split into duplex versus 3-4-unit buildings from this source alone. Stage activity is counted only when the stage date is in the APR reporting year."
San Diego,2021,Completion,Accessory dwelling unit,327.0,reported,HCD APR Table A2,2021,2026-10-07,Jurisdiction,Housing units (count),"HCD UNIT_CAT uses SFD, SFA, 2-4, 5+, ADU, and MH. The 2-4 category cannot be defensibly split into duplex versus 3-4-unit buildings from this source alone. Stage activity is counted only when the stage date is in the APR reporting year."
San Diego,2021,Completion,Mobile home / manufactured home,0.0,reported,HCD APR Table A2,2021,2026-10-07,Jurisdiction,Housing units (count),"HCD UNIT_CAT uses SFD, SFA, 2-4, 5+, ADU, and MH. The 2-4 category cannot be defensibly split into duplex versus 3-4-unit buildings from this source alone. Stage activity is counted only when the stage date is in the APR reporting year."
San Diego,2021,Completion,Other / source-reported,0.0,reported,HCD APR Table A2,2021,2026-10-07,Jurisdiction,Housing units (count),"HCD UNIT_CAT uses SFD, SFA, 2-4, 5+, ADU, and MH. The 2-4 category cannot be defensibly split into duplex versus 3-4-unit buildings from this source alone. Stage activity is counted only when the stage date is in the APR reporting year."
San Diego,2021,Completion,Single-family attached,12.0,reported,HCD APR Table A2,2021,2026-10-07,Jurisdiction,Housing units (count),"HCD UNIT_CAT uses SFD, SFA, 2-4, 5+, ADU, and MH. The 2-4 category cannot be defensibly split into duplex versus 3-4-unit buildings from this source alone. Stage activity is counted only when the stage date is in the APR reporting year."
San Diego,2021,Completion,Single-family detached,254.0,reported,HCD APR Table A2,2021,2026-10-07,Jurisdiction,Housing units (count),"HCD UNIT_CAT uses SFD, SFA, 2-4, 5+, ADU, and MH. The 2-4 category cannot be defensibly split into duplex versus 3-4-unit buildings from this source alone. Stage activity is counted only when the stage date is in the APR reporting year."
San Diego,2021,Completion,Unknown / not reported,0.0,reported,HCD APR Table A2,2021,2026-10-07,Jurisdiction,Housing units (count),"HCD UNIT_CAT uses SFD, SFA, 2-4, 5+, ADU, and MH. The 2-4 category cannot be defensibly split into duplex versus 3-4-unit buildings from this source alone. Stage activity is counted only when the stage date is in the APR reporting year."
San Diego,2022,Building Permit,2-4 unit building (combined),131.0,reported,HCD APR Table A2,2022,2026-10-07,Jurisdiction,Housing units (count),"HCD UNIT_CAT uses SFD, SFA, 2-4, 5+, ADU, and MH. The 2-4 category cannot be defensibly split into duplex versus 3-4-unit buildings from this source alone. Stage activity is counted only when the stage date is in the APR reporting year."
San Diego,2022,Building Permit,5+ unit building,4160.0,reported,HCD APR Table A2,2022,2026-10-07,Jurisdiction,Housing units (count),"HCD UNIT_CAT uses SFD, SFA, 2-4, 5+, ADU, and MH. The 2-4 category cannot be defensibly split into duplex versus 3-4-unit buildings from this source alone. Stage activity is counted only when the stage date is in the APR reporting year."
San Diego,2022,Building Permit,Accessory dwelling unit,662.0,reported,HCD APR Table A2,2022,2026-10-07,Jurisdiction,Housing units (count),"HCD UNIT_CAT uses SFD, SFA, 2-4, 5+, ADU, and MH. The 2-4 category cannot be defensibly split into duplex versus 3-4-unit buildings from this source alone. Stage activity is counted only when the stage date is in the APR reporting year."
San Diego,2022,Building Permit,Mobile home / manufactured home,0.0,reported,HCD APR Table A2,2022,2026-10-07,Jurisdiction,Housing units (count),"HCD UNIT_CAT uses SFD, SFA, 2-4, 5+, ADU, and MH. The 2-4 category cannot be defensibly split into duplex versus 3-4-unit buildings from this source alone. Stage activity is counted only when the stage date is in the APR reporting year."
San Diego,2022,Building Permit,Other / source-reported,0.0,reported,HCD APR Table A2,2022,2026-10-07,Jurisdiction,Housing units (count),"HCD UNIT_CAT uses SFD, SFA, 2-4, 5+, ADU, and MH. The 2-4 category cannot be defensibly split into duplex versus 3-4-unit buildings from this source alone. Stage activity is counted only when the stage date is in the APR reporting year."
San Diego,2022,Building Permit,Single-family attached,7.0,reported,HCD APR Table A2,2022,2026-10-07,Jurisdiction,Housing units (count),"HCD UNIT_CAT uses SFD, SFA, 2-4, 5+, ADU, and MH. The 2-4 category cannot be defensibly split into duplex versus 3-4-unit buildings from this source alone. Stage activity is counted only when the stage date is in the APR reporting year."
San Diego,2022,Building Permit,Single-family detached,436.0,reported,HCD APR Table A2,2022,2026-10-07,Jurisdiction,Housing units (count),"HCD UNIT_CAT uses SFD, SFA, 2-4, 5+, ADU, and MH. The 2-4 category cannot be defensibly split into duplex versus 3-4-unit buildings from this source alone. Stage activity is counted only when the stage date is in the APR reporting year."
San Diego,2022,Building Permit,Unknown / not reported,0.0,reported,HCD APR Table A2,2022,2026-10-07,Jurisdiction,Housing units (count),"HCD UNIT_CAT uses SFD, SFA, 2-4, 5+, ADU, and MH. The 2-4 category cannot be defensibly split into duplex versus 3-4-unit buildings from this source alone. Stage activity is counted only when the stage date is in the APR reporting year."
San Diego,2022,Completion,2-4 unit building (combined),143.0,reported,HCD APR Table A2,2022,2026-10-07,Jurisdiction,Housing units (count),"HCD UNIT_CAT uses SFD, SFA, 2-4, 5+, ADU, and MH. The 2-4 category cannot be defensibly split into duplex versus 3-4-unit buildings from this source alone. Stage activity is counted only when the stage date is in the APR reporting year."
San Diego,2022,Completion,5+ unit building,3702.0,reported,HCD APR Table A2,2022,2026-10-07,Jurisdiction,Housing units (count),"HCD UNIT_CAT uses SFD, SFA, 2-4, 5+, ADU, and MH. The 2-4 category cannot be defensibly split into duplex versus 3-4-unit buildings from this source alone. Stage activity is counted only when the stage date is in the APR reporting year."
San Diego,2022,Completion,Accessory dwelling unit,484.0,reported,HCD APR Table A2,2022,2026-10-07,Jurisdiction,Housing units (count),"HCD UNIT_CAT uses SFD, SFA, 2-4, 5+, ADU, and MH. The 2-4 category cannot be defensibly split into duplex versus 3-4-unit buildings from this source alone. Stage activity is counted only when the stage date is in the APR reporting year."
San Diego,2022,Completion,Mobile home / manufactured home,0.0,reported,HCD APR Table A2,2022,2026-10-07,Jurisdiction,Housing units (count),"HCD UNIT_CAT uses SFD, SFA, 2-4, 5+, ADU, and MH. The 2-4 category cannot be defensibly split into duplex versus 3-4-unit buildings from this source alone. Stage activity is counted only when the stage date is in the APR reporting year."
San Diego,2022,Completion,Other / source-reported,0.0,reported,HCD APR Table A2,2022,2026-10-07,Jurisdiction,Housing units (count),"HCD UNIT_CAT uses SFD, SFA, 2-4, 5+, ADU, and MH. The 2-4 category cannot be defensibly split into duplex versus 3-4-unit buildings from this source alone. Stage activity is counted only when the stage date is in the APR reporting year."
San Diego,2022,Completion,Single-family attached,17.0,reported,HCD APR Table A2,2022,2026-10-07,Jurisdiction,Housing units (count),"HCD UNIT_CAT uses SFD, SFA, 2-4, 5+, ADU, and MH. The 2-4 category cannot be defensibly split into duplex versus 3-4-unit buildings from this source alone. Stage activity is counted only when the stage date is in the APR reporting year."
San Diego,2022,Completion,Single-family detached,429.0,reported,HCD APR Table A2,2022,2026-10-07,Jurisdiction,Housing units (count),"HCD UNIT_CAT uses SFD, SFA, 2-4, 5+, ADU, and MH. The 2-4 category cannot be defensibly split into duplex versus 3-4-unit buildings from this source alone. Stage activity is counted only when the stage date is in the APR reporting year."
San Diego,2022,Completion,Unknown / not reported,0.0,reported,HCD APR Table A2,2022,2026-10-07,Jurisdiction,Housing units (count),"HCD UNIT_CAT uses SFD, SFA, 2-4, 5+, ADU, and MH. The 2-4 category cannot be defensibly split into duplex versus 3-4-unit buildings from this source alone. Stage activity is counted only when the stage date is in the APR reporting year."
San Diego,2023,Building Permit,2-4 unit building (combined),47.0,reported,HCD APR Table A2,2023,2026-10-07,Jurisdiction,Housing units (count),"HCD UNIT_CAT uses SFD, SFA, 2-4, 5+, ADU, and MH. The 2-4 category cannot be defensibly split into duplex versus 3-4-unit buildings from this source alone. Stage activity is counted only when the stage date is in the APR reporting year."
San Diego,2023,Building Permit,5+ unit building,7160.0,reported,HCD APR Table A2,2023,2026-10-07,Jurisdiction,Housing units (count),"HCD UNIT_CAT uses SFD, SFA, 2-4, 5+, ADU, and MH. The 2-4 category cannot be defensibly split into duplex versus 3-4-unit buildings from this source alone. Stage activity is counted only when the stage date is in the APR reporting year."
San Diego,2023,Building Permit,Accessory dwelling unit,1909.0,reported,HCD APR Table A2,2023,2026-10-07,Jurisdiction,Housing units (count),"HCD UNIT_CAT uses SFD, SFA, 2-4, 5+, ADU, and MH. The 2-4 category cannot be defensibly split into duplex versus 3-4-unit buildings from this source alone. Stage activity is counted only when the stage date is in the APR reporting year."
San Diego,2023,Building Permit,Mobile home / manufactured home,1.0,reported,HCD APR Table A2,2023,2026-10-07,Jurisdiction,Housing units (count),"HCD UNIT_CAT uses SFD, SFA, 2-4, 5+, ADU, and MH. The 2-4 category cannot be defensibly split into duplex versus 3-4-unit buildings from this source alone. Stage activity is counted only when the stage date is in the APR reporting year."
San Diego,2023,Building Permit,Other / source-reported,0.0,reported,HCD APR Table A2,2023,2026-10-07,Jurisdiction,Housing units (count),"HCD UNIT_CAT uses SFD, SFA, 2-4, 5+, ADU, and MH. The 2-4 category cannot be defensibly split into duplex versus 3-4-unit buildings from this source alone. Stage activity is counted only when the stage date is in the APR reporting year."
San Diego,2023,Building Permit,Single-family attached,332.0,reported,HCD APR Table A2,2023,2026-10-07,Jurisdiction,Housing units (count),"HCD UNIT_CAT uses SFD, SFA, 2-4, 5+, ADU, and MH. The 2-4 category cannot be defensibly split into duplex versus 3-4-unit buildings from this source alone. Stage activity is counted only when the stage date is in the APR reporting year."
San Diego,2023,Building Permit,Single-family detached,244.0,reported,HCD APR Table A2,2023,2026-10-07,Jurisdiction,Housing units (count),"HCD UNIT_CAT uses SFD, SFA, 2-4, 5+, ADU, and MH. The 2-4 category cannot be defensibly split into duplex versus 3-4-unit buildings from this source alone. Stage activity is counted only when the stage date is in the APR reporting year."
San Diego,2023,Building Permit,Unknown / not reported,0.0,reported,HCD APR Table A2,2023,2026-10-07,Jurisdiction,Housing units (count),"HCD UNIT_CAT uses SFD, SFA, 2-4, 5+, ADU, and MH. The 2-4 category cannot be defensibly split into duplex versus 3-4-unit buildings from this source alone. Stage activity is counted only when the stage date is in the APR reporting year."
San Diego,2023,Completion,2-4 unit building (combined),152.0,reported,HCD APR Table A2,2023,2026-10-07,Jurisdiction,Housing units (count),"HCD UNIT_CAT uses SFD, SFA, 2-4, 5+, ADU, and MH. The 2-4 category cannot be defensibly split into duplex versus 3-4-unit buildings from this source alone. Stage activity is counted only when the stage date is in the APR reporting year."
San Diego,2023,Completion,5+ unit building,2726.0,reported,HCD APR Table A2,2023,2026-10-07,Jurisdiction,Housing units (count),"HCD UNIT_CAT uses SFD, SFA, 2-4, 5+, ADU, and MH. The 2-4 category cannot be defensibly split into duplex versus 3-4-unit buildings from this source alone. Stage activity is counted only when the stage date is in the APR reporting year."
San Diego,2023,Completion,Accessory dwelling unit,779.0,reported,HCD APR Table A2,2023,2026-10-07,Jurisdiction,Housing units (count),"HCD UNIT_CAT uses SFD, SFA, 2-4, 5+, ADU, and MH. The 2-4 category cannot be defensibly split into duplex versus 3-4-unit buildings from this source alone. Stage activity is counted only when the stage date is in the APR reporting year."
San Diego,2023,Completion,Mobile home / manufactured home,2.0,reported,HCD APR Table A2,2023,2026-10-07,Jurisdiction,Housing units (count),"HCD UNIT_CAT uses SFD, SFA, 2-4, 5+, ADU, and MH. The 2-4 category cannot be defensibly split into duplex versus 3-4-unit buildings from this source alone. Stage activity is counted only when the stage date is in the APR reporting year."
San Diego,2023,Completion,Other / source-reported,0.0,reported,HCD APR Table A2,2023,2026-10-07,Jurisdiction,Housing units (count),"HCD UNIT_CAT uses SFD, SFA, 2-4, 5+, ADU, and MH. The 2-4 category cannot be defensibly split into duplex versus 3-4-unit buildings from this source alone. Stage activity is counted only when the stage date is in the APR reporting year."
San Diego,2023,Completion,Single-family attached,39.0,reported,HCD APR Table A2,2023,2026-10-07,Jurisdiction,Housing units (count),"HCD UNIT_CAT uses SFD, SFA, 2-4, 5+, ADU, and MH. The 2-4 category cannot be defensibly split into duplex versus 3-4-unit buildings from this source alone. Stage activity is counted only when the stage date is in the APR reporting year."
San Diego,2023,Completion,Single-family detached,334.0,reported,HCD APR Table A2,2023,2026-10-07,Jurisdiction,Housing units (count),"HCD UNIT_CAT uses SFD, SFA, 2-4, 5+, ADU, and MH. The 2-4 category cannot be defensibly split into duplex versus 3-4-unit buildings from this source alone. Stage activity is counted only when the stage date is in the APR reporting year."
San Diego,2023,Completion,Unknown / not reported,0.0,reported,HCD APR Table A2,2023,2026-10-07,Jurisdiction,Housing units (count),"HCD UNIT_CAT uses SFD, SFA, 2-4, 5+, ADU, and MH. The 2-4 category cannot be defensibly split into duplex versus 3-4-unit buildings from this source alone. Stage activity is counted only when the stage date is in the APR reporting year."
San Diego,2024,Building Permit,2-4 unit building (combined),183.0,reported,HCD APR Table A2,2024,2026-10-07,Jurisdiction,Housing units (count),"HCD UNIT_CAT uses SFD, SFA, 2-4, 5+, ADU, and MH. The 2-4 category cannot be defensibly split into duplex versus 3-4-unit buildings from this source alone. Stage activity is counted only when the stage date is in the APR reporting year."
San Diego,2024,Building Permit,5+ unit building,6027.0,reported,HCD APR Table A2,2024,2026-10-07,Jurisdiction,Housing units (count),"HCD UNIT_CAT uses SFD, SFA, 2-4, 5+, ADU, and MH. The 2-4 category cannot be defensibly split into duplex versus 3-4-unit buildings from this source alone. Stage activity is counted only when the stage date is in the APR reporting year."
San Diego,2024,Building Permit,Accessory dwelling unit,2281.0,reported,HCD APR Table A2,2024,2026-10-07,Jurisdiction,Housing units (count),"HCD UNIT_CAT uses SFD, SFA, 2-4, 5+, ADU, and MH. The 2-4 category cannot be defensibly split into duplex versus 3-4-unit buildings from this source alone. Stage activity is counted only when the stage date is in the APR reporting year."
San Diego,2024,Building Permit,Mobile home / manufactured home,4.0,reported,HCD APR Table A2,2024,2026-10-07,Jurisdiction,Housing units (count),"HCD UNIT_CAT uses SFD, SFA, 2-4, 5+, ADU, and MH. The 2-4 category cannot be defensibly split into duplex versus 3-4-unit buildings from this source alone. Stage activity is counted only when the stage date is in the APR reporting year."
San Diego,2024,Building Permit,Other / source-reported,0.0,reported,HCD APR Table A2,2024,2026-10-07,Jurisdiction,Housing units (count),"HCD UNIT_CAT uses SFD, SFA, 2-4, 5+, ADU, and MH. The 2-4 category cannot be defensibly split into duplex versus 3-4-unit buildings from this source alone. Stage activity is counted only when the stage date is in the APR reporting year."
San Diego,2024,Building Permit,Single-family attached,198.0,reported,HCD APR Table A2,2024,2026-10-07,Jurisdiction,Housing units (count),"HCD UNIT_CAT uses SFD, SFA, 2-4, 5+, ADU, and MH. The 2-4 category cannot be defensibly split into duplex versus 3-4-unit buildings from this source alone. Stage activity is counted only when the stage date is in the APR reporting year."
San Diego,2024,Building Permit,Single-family detached,132.0,reported,HCD APR Table A2,2024,2026-10-07,Jurisdiction,Housing units (count),"HCD UNIT_CAT uses SFD, SFA, 2-4, 5+, ADU, and MH. The 2-4 category cannot be defensibly split into duplex versus 3-4-unit buildings from this source alone. Stage activity is counted only when the stage date is in the APR reporting year."
San Diego,2024,Building Permit,Unknown / not reported,0.0,reported,HCD APR Table A2,2024,2026-10-07,Jurisdiction,Housing units (count),"HCD UNIT_CAT uses SFD, SFA, 2-4, 5+, ADU, and MH. The 2-4 category cannot be defensibly split into duplex versus 3-4-unit buildings from this source alone. Stage activity is counted only when the stage date is in the APR reporting year."
San Diego,2024,Completion,2-4 unit building (combined),716.0,reported,HCD APR Table A2,2024,2026-10-07,Jurisdiction,Housing units (count),"HCD UNIT_CAT uses SFD, SFA, 2-4, 5+, ADU, and MH. The 2-4 category cannot be defensibly split into duplex versus 3-4-unit buildings from this source alone. Stage activity is counted only when the stage date is in the APR reporting year."
San Diego,2024,Completion,5+ unit building,3356.0,reported,HCD APR Table A2,2024,2026-10-07,Jurisdiction,Housing units (count),"HCD UNIT_CAT uses SFD, SFA, 2-4, 5+, ADU, and MH. The 2-4 category cannot be defensibly split into duplex versus 3-4-unit buildings from this source alone. Stage activity is counted only when the stage date is in the APR reporting year."
San Diego,2024,Completion,Accessory dwelling unit,848.0,reported,HCD APR Table A2,2024,2026-10-07,Jurisdiction,Housing units (count),"HCD UNIT_CAT uses SFD, SFA, 2-4, 5+, ADU, and MH. The 2-4 category cannot be defensibly split into duplex versus 3-4-unit buildings from this source alone. Stage activity is counted only when the stage date is in the APR reporting year."
San Diego,2024,Completion,Mobile home / manufactured home,2.0,reported,HCD APR Table A2,2024,2026-10-07,Jurisdiction,Housing units (count),"HCD UNIT_CAT uses SFD, SFA, 2-4, 5+, ADU, and MH. The 2-4 category cannot be defensibly split into duplex versus 3-4-unit buildings from this source alone. Stage activity is counted only when the stage date is in the APR reporting year."
San Diego,2024,Completion,Other / source-reported,0.0,reported,HCD APR Table A2,2024,2026-10-07,Jurisdiction,Housing units (count),"HCD UNIT_CAT uses SFD, SFA, 2-4, 5+, ADU, and MH. The 2-4 category cannot be defensibly split into duplex versus 3-4-unit buildings from this source alone. Stage activity is counted only when the stage date is in the APR reporting year."
San Diego,2024,Completion,Single-family attached,55.0,reported,HCD APR Table A2,2024,2026-10-07,Jurisdiction,Housing units (count),"HCD UNIT_CAT uses SFD, SFA, 2-4, 5+, ADU, and MH. The 2-4 category cannot be defensibly split into duplex versus 3-4-unit buildings from this source alone. Stage activity is counted only when the stage date is in the APR reporting year."
San Diego,2024,Completion,Single-family detached,127.0,reported,HCD APR Table A2,2024,2026-10-07,Jurisdiction,Housing units (count),"HCD UNIT_CAT uses SFD, SFA, 2-4, 5+, ADU, and MH. The 2-4 category cannot be defensibly split into duplex versus 3-4-unit buildings from this source alone. Stage activity is counted only when the stage date is in the APR reporting year."
San Diego,2024,Completion,Unknown / not reported,0.0,reported,HCD APR Table A2,2024,2026-10-07,Jurisdiction,Housing units (count),"HCD UNIT_CAT uses SFD, SFA, 2-4, 5+, ADU, and MH. The 2-4 category cannot be defensibly split into duplex versus 3-4-unit buildings from this source alone. Stage activity is counted only when the stage date is in the APR reporting year."
San Diego,2025,Building Permit,2-4 unit building (combined),12.0,reported,HCD APR Table A2,2025,2026-10-07,Jurisdiction,Housing units (count),"HCD UNIT_CAT uses SFD, SFA, 2-4, 5+, ADU, and MH. The 2-4 category cannot be defensibly split into duplex versus 3-4-unit buildings from this source alone. Stage activity is counted only when the stage date is in the APR reporting year."
San Diego,2025,Building Permit,5+ unit building,5394.0,reported,HCD APR Table A2,2025,2026-10-07,Jurisdiction,Housing units (count),"HCD UNIT_CAT uses SFD, SFA, 2-4, 5+, ADU, and MH. The 2-4 category cannot be defensibly split into duplex versus 3-4-unit buildings from this source alone. Stage activity is counted only when the stage date is in the APR reporting year."
San Diego,2025,Building Permit,Accessory dwelling unit,2165.0,reported,HCD APR Table A2,2025,2026-10-07,Jurisdiction,Housing units (count),"HCD UNIT_CAT uses SFD, SFA, 2-4, 5+, ADU, and MH. The 2-4 category cannot be defensibly split into duplex versus 3-4-unit buildings from this source alone. Stage activity is counted only when the stage date is in the APR reporting year."
San Diego,2025,Building Permit,Mobile home / manufactured home,0.0,reported,HCD APR Table A2,2025,2026-10-07,Jurisdiction,Housing units (count),"HCD UNIT_CAT uses SFD, SFA, 2-4, 5+, ADU, and MH. The 2-4 category cannot be defensibly split into duplex versus 3-4-unit buildings from this source alone. Stage activity is counted only when the stage date is in the APR reporting year."
San Diego,2025,Building Permit,Other / source-reported,0.0,reported,HCD APR Table A2,2025,2026-10-07,Jurisdiction,Housing units (count),"HCD UNIT_CAT uses SFD, SFA, 2-4, 5+, ADU, and MH. The 2-4 category cannot be defensibly split into duplex versus 3-4-unit buildings from this source alone. Stage activity is counted only when the stage date is in the APR reporting year."
San Diego,2025,Building Permit,Single-family attached,287.0,reported,HCD APR Table A2,2025,2026-10-07,Jurisdiction,Housing units (count),"HCD UNIT_CAT uses SFD, SFA, 2-4, 5+, ADU, and MH. The 2-4 category cannot be defensibly split into duplex versus 3-4-unit buildings from this source alone. Stage activity is counted only when the stage date is in the APR reporting year."
San Diego,2025,Building Permit,Single-family detached,84.0,reported,HCD APR Table A2,2025,2026-10-07,Jurisdiction,Housing units (count),"HCD UNIT_CAT uses SFD, SFA, 2-4, 5+, ADU, and MH. The 2-4 category cannot be defensibly split into duplex versus 3-4-unit buildings from this source alone. Stage activity is counted only when the stage date is in the APR reporting year."
San Diego,2025,Building Permit,Unknown / not reported,0.0,reported,HCD APR Table A2,2025,2026-10-07,Jurisdiction,Housing units (count),"HCD UNIT_CAT uses SFD, SFA, 2-4, 5+, ADU, and MH. The 2-4 category cannot be defensibly split into duplex versus 3-4-unit buildings from this source alone. Stage activity is counted only when the stage date is in the APR reporting year."
San Diego,2025,Completion,2-4 unit building (combined),0.0,reported,HCD APR Table A2,2025,2026-10-07,Jurisdiction,Housing units (count),"HCD UNIT_CAT uses SFD, SFA, 2-4, 5+, ADU, and MH. The 2-4 category cannot be defensibly split into duplex versus 3-4-unit buildings from this source alone. Stage activity is counted only when the stage date is in the APR reporting year."
San Diego,2025,Completion,5+ unit building,34.0,reported,HCD APR Table A2,2025,2026-10-07,Jurisdiction,Housing units (count),"HCD UNIT_CAT uses SFD, SFA, 2-4, 5+, ADU, and MH. The 2-4 category cannot be defensibly split into duplex versus 3-4-unit buildings from this source alone. Stage activity is counted only when the stage date is in the APR reporting year."
San Diego,2025,Completion,Accessory dwelling unit,229.0,reported,HCD APR Table A2,2025,2026-10-07,Jurisdiction,Housing units (count),"HCD UNIT_CAT uses SFD, SFA, 2-4, 5+, ADU, and MH. The 2-4 category cannot be defensibly split into duplex versus 3-4-unit buildings from this source alone. Stage activity is counted only when the stage date is in the APR reporting year."
San Diego,2025,Completion,Mobile home / manufactured home,0.0,reported,HCD APR Table A2,2025,2026-10-07,Jurisdiction,Housing units (count),"HCD UNIT_CAT uses SFD, SFA, 2-4, 5+, ADU, and MH. The 2-4 category cannot be defensibly split into duplex versus 3-4-unit buildings from this source alone. Stage activity is counted only when the stage date is in the APR reporting year."
San Diego,2025,Completion,Other / source-reported,0.0,reported,HCD APR Table A2,2025,2026-10-07,Jurisdiction,Housing units (count),"HCD UNIT_CAT uses SFD, SFA, 2-4, 5+, ADU, and MH. The 2-4 category cannot be defensibly split into duplex versus 3-4-unit buildings from this source alone. Stage activity is counted only when the stage date is in the APR reporting year."
San Diego,2025,Completion,Single-family attached,148.0,reported,HCD APR Table A2,2025,2026-10-07,Jurisdiction,Housing units (count),"HCD UNIT_CAT uses SFD, SFA, 2-4, 5+, ADU, and MH. The 2-4 category cannot be defensibly split into duplex versus 3-4-unit buildings from this source alone. Stage activity is counted only when the stage date is in the APR reporting year."
San Diego,2025,Completion,Single-family detached,5.0,reported,HCD APR Table A2,2025,2026-10-07,Jurisdiction,Housing units (count),"HCD UNIT_CAT uses SFD, SFA, 2-4, 5+, ADU, and MH. The 2-4 category cannot be defensibly split into duplex versus 3-4-unit buildings from this source alone. Stage activity is counted only when the stage date is in the APR reporting year."
San Diego,2025,Completion,Unknown / not reported,0.0,reported,HCD APR Table A2,2025,2026-10-07,Jurisdiction,Housing units (count),"HCD UNIT_CAT uses SFD, SFA, 2-4, 5+, ADU, and MH. The 2-4 category cannot be defensibly split into duplex versus 3-4-unit buildings from this source alone. Stage activity is counted only when the stage date is in the APR reporting year."
San Diego Region (18 cities + Unincorporated County),2018,Building Permit,2-4 unit building (combined),543.0,complete,HCD APR Table A2,2018,2026-10-07,Regional total,Housing units (count),"Regional sum of all 18 cities plus Unincorporated San Diego County. If any jurisdiction-year is missing from APR, the regional type value is left blank rather than presented as a complete total."
San Diego Region (18 cities + Unincorporated County),2018,Building Permit,5+ unit building,4899.0,complete,HCD APR Table A2,2018,2026-10-07,Regional total,Housing units (count),"Regional sum of all 18 cities plus Unincorporated San Diego County. If any jurisdiction-year is missing from APR, the regional type value is left blank rather than presented as a complete total."
San Diego Region (18 cities + Unincorporated County),2018,Building Permit,Accessory dwelling unit,484.0,complete,HCD APR Table A2,2018,2026-10-07,Regional total,Housing units (count),"Regional sum of all 18 cities plus Unincorporated San Diego County. If any jurisdiction-year is missing from APR, the regional type value is left blank rather than presented as a complete total."
San Diego Region (18 cities + Unincorporated County),2018,Building Permit,Mobile home / manufactured home,51.0,complete,HCD APR Table A2,2018,2026-10-07,Regional total,Housing units (count),"Regional sum of all 18 cities plus Unincorporated San Diego County. If any jurisdiction-year is missing from APR, the regional type value is left blank rather than presented as a complete total."
San Diego Region (18 cities + Unincorporated County),2018,Building Permit,Other / source-reported,0.0,complete,HCD APR Table A2,2018,2026-10-07,Regional total,Housing units (count),"Regional sum of all 18 cities plus Unincorporated San Diego County. If any jurisdiction-year is missing from APR, the regional type value is left blank rather than presented as a complete total."
San Diego Region (18 cities + Unincorporated County),2018,Building Permit,Single-family attached,660.0,complete,HCD APR Table A2,2018,2026-10-07,Regional total,Housing units (count),"Regional sum of all 18 cities plus Unincorporated San Diego County. If any jurisdiction-year is missing from APR, the regional type value is left blank rather than presented as a complete total."
San Diego Region (18 cities + Unincorporated County),2018,Building Permit,Single-family detached,2065.0,complete,HCD APR Table A2,2018,2026-10-07,Regional total,Housing units (count),"Regional sum of all 18 cities plus Unincorporated San Diego County. If any jurisdiction-year is missing from APR, the regional type value is left blank rather than presented as a complete total."
San Diego Region (18 cities + Unincorporated County),2018,Building Permit,Unknown / not reported,0.0,complete,HCD APR Table A2,2018,2026-10-07,Regional total,Housing units (count),"Regional sum of all 18 cities plus Unincorporated San Diego County. If any jurisdiction-year is missing from APR, the regional type value is left blank rather than presented as a complete total."
San Diego Region (18 cities + Unincorporated County),2018,Completion,2-4 unit building (combined),123.0,complete,HCD APR Table A2,2018,2026-10-07,Regional total,Housing units (count),"Regional sum of all 18 cities plus Unincorporated San Diego County. If any jurisdiction-year is missing from APR, the regional type value is left blank rather than presented as a complete total."
San Diego Region (18 cities + Unincorporated County),2018,Completion,5+ unit building,961.0,complete,HCD APR Table A2,2018,2026-10-07,Regional total,Housing units (count),"Regional sum of all 18 cities plus Unincorporated San Diego County. If any jurisdiction-year is missing from APR, the regional type value is left blank rather than presented as a complete total."
San Diego Region (18 cities + Unincorporated County),2018,Completion,Accessory dwelling unit,116.0,complete,HCD APR Table A2,2018,2026-10-07,Regional total,Housing units (count),"Regional sum of all 18 cities plus Unincorporated San Diego County. If any jurisdiction-year is missing from APR, the regional type value is left blank rather than presented as a complete total."
San Diego Region (18 cities + Unincorporated County),2018,Completion,Mobile home / manufactured home,104.0,complete,HCD APR Table A2,2018,2026-10-07,Regional total,Housing units (count),"Regional sum of all 18 cities plus Unincorporated San Diego County. If any jurisdiction-year is missing from APR, the regional type value is left blank rather than presented as a complete total."
San Diego Region (18 cities + Unincorporated County),2018,Completion,Other / source-reported,0.0,complete,HCD APR Table A2,2018,2026-10-07,Regional total,Housing units (count),"Regional sum of all 18 cities plus Unincorporated San Diego County. If any jurisdiction-year is missing from APR, the regional type value is left blank rather than presented as a complete total."
San Diego Region (18 cities + Unincorporated County),2018,Completion,Single-family attached,285.0,complete,HCD APR Table A2,2018,2026-10-07,Regional total,Housing units (count),"Regional sum of all 18 cities plus Unincorporated San Diego County. If any jurisdiction-year is missing from APR, the regional type value is left blank rather than presented as a complete total."
San Diego Region (18 cities + Unincorporated County),2018,Completion,Single-family detached,1206.0,complete,HCD APR Table A2,2018,2026-10-07,Regional total,Housing units (count),"Regional sum of all 18 cities plus Unincorporated San Diego County. If any jurisdiction-year is missing from APR, the regional type value is left blank rather than presented as a complete total."
San Diego Region (18 cities + Unincorporated County),2018,Completion,Unknown / not reported,0.0,complete,HCD APR Table A2,2018,2026-10-07,Regional total,Housing units (count),"Regional sum of all 18 cities plus Unincorporated San Diego County. If any jurisdiction-year is missing from APR, the regional type value is left blank rather than presented as a complete total."
San Diego Region (18 cities + Unincorporated County),2019,Building Permit,2-4 unit building (combined),464.0,complete,HCD APR Table A2,2019,2026-10-07,Regional total,Housing units (count),"Regional sum of all 18 cities plus Unincorporated San Diego County. If any jurisdiction-year is missing from APR, the regional type value is left blank rather than presented as a complete total."
San Diego Region (18 cities + Unincorporated County),2019,Building Permit,5+ unit building,5318.0,complete,HCD APR Table A2,2019,2026-10-07,Regional total,Housing units (count),"Regional sum of all 18 cities plus Unincorporated San Diego County. If any jurisdiction-year is missing from APR, the regional type value is left blank rather than presented as a complete total."
San Diego Region (18 cities + Unincorporated County),2019,Building Permit,Accessory dwelling unit,1105.0,complete,HCD APR Table A2,2019,2026-10-07,Regional total,Housing units (count),"Regional sum of all 18 cities plus Unincorporated San Diego County. If any jurisdiction-year is missing from APR, the regional type value is left blank rather than presented as a complete total."
San Diego Region (18 cities + Unincorporated County),2019,Building Permit,Mobile home / manufactured home,56.0,complete,HCD APR Table A2,2019,2026-10-07,Regional total,Housing units (count),"Regional sum of all 18 cities plus Unincorporated San Diego County. If any jurisdiction-year is missing from APR, the regional type value is left blank rather than presented as a complete total."
San Diego Region (18 cities + Unincorporated County),2019,Building Permit,Other / source-reported,0.0,complete,HCD APR Table A2,2019,2026-10-07,Regional total,Housing units (count),"Regional sum of all 18 cities plus Unincorporated San Diego County. If any jurisdiction-year is missing from APR, the regional type value is left blank rather than presented as a complete total."
San Diego Region (18 cities + Unincorporated County),2019,Building Permit,Single-family attached,502.0,complete,HCD APR Table A2,2019,2026-10-07,Regional total,Housing units (count),"Regional sum of all 18 cities plus Unincorporated San Diego County. If any jurisdiction-year is missing from APR, the regional type value is left blank rather than presented as a complete total."
San Diego Region (18 cities + Unincorporated County),2019,Building Permit,Single-family detached,1761.0,complete,HCD APR Table A2,2019,2026-10-07,Regional total,Housing units (count),"Regional sum of all 18 cities plus Unincorporated San Diego County. If any jurisdiction-year is missing from APR, the regional type value is left blank rather than presented as a complete total."
San Diego Region (18 cities + Unincorporated County),2019,Building Permit,Unknown / not reported,0.0,complete,HCD APR Table A2,2019,2026-10-07,Regional total,Housing units (count),"Regional sum of all 18 cities plus Unincorporated San Diego County. If any jurisdiction-year is missing from APR, the regional type value is left blank rather than presented as a complete total."
San Diego Region (18 cities + Unincorporated County),2019,Completion,2-4 unit building (combined),348.0,complete,HCD APR Table A2,2019,2026-10-07,Regional total,Housing units (count),"Regional sum of all 18 cities plus Unincorporated San Diego County. If any jurisdiction-year is missing from APR, the regional type value is left blank rather than presented as a complete total."
San Diego Region (18 cities + Unincorporated County),2019,Completion,5+ unit building,1601.0,complete,HCD APR Table A2,2019,2026-10-07,Regional total,Housing units (count),"Regional sum of all 18 cities plus Unincorporated San Diego County. If any jurisdiction-year is missing from APR, the regional type value is left blank rather than presented as a complete total."
San Diego Region (18 cities + Unincorporated County),2019,Completion,Accessory dwelling unit,182.0,complete,HCD APR Table A2,2019,2026-10-07,Regional total,Housing units (count),"Regional sum of all 18 cities plus Unincorporated San Diego County. If any jurisdiction-year is missing from APR, the regional type value is left blank rather than presented as a complete total."
San Diego Region (18 cities + Unincorporated County),2019,Completion,Mobile home / manufactured home,20.0,complete,HCD APR Table A2,2019,2026-10-07,Regional total,Housing units (count),"Regional sum of all 18 cities plus Unincorporated San Diego County. If any jurisdiction-year is missing from APR, the regional type value is left blank rather than presented as a complete total."
San Diego Region (18 cities + Unincorporated County),2019,Completion,Other / source-reported,0.0,complete,HCD APR Table A2,2019,2026-10-07,Regional total,Housing units (count),"Regional sum of all 18 cities plus Unincorporated San Diego County. If any jurisdiction-year is missing from APR, the regional type value is left blank rather than presented as a complete total."
San Diego Region (18 cities + Unincorporated County),2019,Completion,Single-family attached,467.0,complete,HCD APR Table A2,2019,2026-10-07,Regional total,Housing units (count),"Regional sum of all 18 cities plus Unincorporated San Diego County. If any jurisdiction-year is missing from APR, the regional type value is left blank rather than presented as a complete total."
San Diego Region (18 cities + Unincorporated County),2019,Completion,Single-family detached,1216.0,complete,HCD APR Table A2,2019,2026-10-07,Regional total,Housing units (count),"Regional sum of all 18 cities plus Unincorporated San Diego County. If any jurisdiction-year is missing from APR, the regional type value is left blank rather than presented as a complete total."
San Diego Region (18 cities + Unincorporated County),2019,Completion,Unknown / not reported,0.0,complete,HCD APR Table A2,2019,2026-10-07,Regional total,Housing units (count),"Regional sum of all 18 cities plus Unincorporated San Diego County. If any jurisdiction-year is missing from APR, the regional type value is left blank rather than presented as a complete total."
San Diego Region (18 cities + Unincorporated County),2020,Building Permit,2-4 unit building (combined),404.0,complete,HCD APR Table A2,2020,2026-10-07,Regional total,Housing units (count),"Regional sum of all 18 cities plus Unincorporated San Diego County. If any jurisdiction-year is missing from APR, the regional type value is left blank rather than presented as a complete total."
San Diego Region (18 cities + Unincorporated County),2020,Building Permit,5+ unit building,7652.0,complete,HCD APR Table A2,2020,2026-10-07,Regional total,Housing units (count),"Regional sum of all 18 cities plus Unincorporated San Diego County. If any jurisdiction-year is missing from APR, the regional type value is left blank rather than presented as a complete total."
San Diego Region (18 cities + Unincorporated County),2020,Building Permit,Accessory dwelling unit,1150.0,complete,HCD APR Table A2,2020,2026-10-07,Regional total,Housing units (count),"Regional sum of all 18 cities plus Unincorporated San Diego County. If any jurisdiction-year is missing from APR, the regional type value is left blank rather than presented as a complete total."
San Diego Region (18 cities + Unincorporated County),2020,Building Permit,Mobile home / manufactured home,51.0,complete,HCD APR Table A2,2020,2026-10-07,Regional total,Housing units (count),"Regional sum of all 18 cities plus Unincorporated San Diego County. If any jurisdiction-year is missing from APR, the regional type value is left blank rather than presented as a complete total."
San Diego Region (18 cities + Unincorporated County),2020,Building Permit,Other / source-reported,0.0,complete,HCD APR Table A2,2020,2026-10-07,Regional total,Housing units (count),"Regional sum of all 18 cities plus Unincorporated San Diego County. If any jurisdiction-year is missing from APR, the regional type value is left blank rather than presented as a complete total."
San Diego Region (18 cities + Unincorporated County),2020,Building Permit,Single-family attached,412.0,complete,HCD APR Table A2,2020,2026-10-07,Regional total,Housing units (count),"Regional sum of all 18 cities plus Unincorporated San Diego County. If any jurisdiction-year is missing from APR, the regional type value is left blank rather than presented as a complete total."
San Diego Region (18 cities + Unincorporated County),2020,Building Permit,Single-family detached,1329.0,complete,HCD APR Table A2,2020,2026-10-07,Regional total,Housing units (count),"Regional sum of all 18 cities plus Unincorporated San Diego County. If any jurisdiction-year is missing from APR, the regional type value is left blank rather than presented as a complete total."
San Diego Region (18 cities + Unincorporated County),2020,Building Permit,Unknown / not reported,0.0,complete,HCD APR Table A2,2020,2026-10-07,Regional total,Housing units (count),"Regional sum of all 18 cities plus Unincorporated San Diego County. If any jurisdiction-year is missing from APR, the regional type value is left blank rather than presented as a complete total."
San Diego Region (18 cities + Unincorporated County),2020,Completion,2-4 unit building (combined),168.0,complete,HCD APR Table A2,2020,2026-10-07,Regional total,Housing units (count),"Regional sum of all 18 cities plus Unincorporated San Diego County. If any jurisdiction-year is missing from APR, the regional type value is left blank rather than presented as a complete total."
San Diego Region (18 cities + Unincorporated County),2020,Completion,5+ unit building,1630.0,complete,HCD APR Table A2,2020,2026-10-07,Regional total,Housing units (count),"Regional sum of all 18 cities plus Unincorporated San Diego County. If any jurisdiction-year is missing from APR, the regional type value is left blank rather than presented as a complete total."
San Diego Region (18 cities + Unincorporated County),2020,Completion,Accessory dwelling unit,342.0,complete,HCD APR Table A2,2020,2026-10-07,Regional total,Housing units (count),"Regional sum of all 18 cities plus Unincorporated San Diego County. If any jurisdiction-year is missing from APR, the regional type value is left blank rather than presented as a complete total."
San Diego Region (18 cities + Unincorporated County),2020,Completion,Mobile home / manufactured home,5.0,complete,HCD APR Table A2,2020,2026-10-07,Regional total,Housing units (count),"Regional sum of all 18 cities plus Unincorporated San Diego County. If any jurisdiction-year is missing from APR, the regional type value is left blank rather than presented as a complete total."
San Diego Region (18 cities + Unincorporated County),2020,Completion,Other / source-reported,0.0,complete,HCD APR Table A2,2020,2026-10-07,Regional total,Housing units (count),"Regional sum of all 18 cities plus Unincorporated San Diego County. If any jurisdiction-year is missing from APR, the regional type value is left blank rather than presented as a complete total."
San Diego Region (18 cities + Unincorporated County),2020,Completion,Single-family attached,499.0,complete,HCD APR Table A2,2020,2026-10-07,Regional total,Housing units (count),"Regional sum of all 18 cities plus Unincorporated San Diego County. If any jurisdiction-year is missing from APR, the regional type value is left blank rather than presented as a complete total."
San Diego Region (18 cities + Unincorporated County),2020,Completion,Single-family detached,827.0,complete,HCD APR Table A2,2020,2026-10-07,Regional total,Housing units (count),"Regional sum of all 18 cities plus Unincorporated San Diego County. If any jurisdiction-year is missing from APR, the regional type value is left blank rather than presented as a complete total."
San Diego Region (18 cities + Unincorporated County),2020,Completion,Unknown / not reported,0.0,complete,HCD APR Table A2,2020,2026-10-07,Regional total,Housing units (count),"Regional sum of all 18 cities plus Unincorporated San Diego County. If any jurisdiction-year is missing from APR, the regional type value is left blank rather than presented as a complete total."
San Diego Region (18 cities + Unincorporated County),2021,Building Permit,2-4 unit building (combined),308.0,complete,HCD APR Table A2,2021,2026-10-07,Regional total,Housing units (count),"Regional sum of all 18 cities plus Unincorporated San Diego County. If any jurisdiction-year is missing from APR, the regional type value is left blank rather than presented as a complete total."
San Diego Region (18 cities + Unincorporated County),2021,Building Permit,5+ unit building,6093.0,complete,HCD APR Table A2,2021,2026-10-07,Regional total,Housing units (count),"Regional sum of all 18 cities plus Unincorporated San Diego County. If any jurisdiction-year is missing from APR, the regional type value is left blank rather than presented as a complete total."
San Diego Region (18 cities + Unincorporated County),2021,Building Permit,Accessory dwelling unit,1980.0,complete,HCD APR Table A2,2021,2026-10-07,Regional total,Housing units (count),"Regional sum of all 18 cities plus Unincorporated San Diego County. If any jurisdiction-year is missing from APR, the regional type value is left blank rather than presented as a complete total."
San Diego Region (18 cities + Unincorporated County),2021,Building Permit,Mobile home / manufactured home,118.0,complete,HCD APR Table A2,2021,2026-10-07,Regional total,Housing units (count),"Regional sum of all 18 cities plus Unincorporated San Diego County. If any jurisdiction-year is missing from APR, the regional type value is left blank rather than presented as a complete total."
San Diego Region (18 cities + Unincorporated County),2021,Building Permit,Other / source-reported,0.0,complete,HCD APR Table A2,2021,2026-10-07,Regional total,Housing units (count),"Regional sum of all 18 cities plus Unincorporated San Diego County. If any jurisdiction-year is missing from APR, the regional type value is left blank rather than presented as a complete total."
San Diego Region (18 cities + Unincorporated County),2021,Building Permit,Single-family attached,260.0,complete,HCD APR Table A2,2021,2026-10-07,Regional total,Housing units (count),"Regional sum of all 18 cities plus Unincorporated San Diego County. If any jurisdiction-year is missing from APR, the regional type value is left blank rather than presented as a complete total."
San Diego Region (18 cities + Unincorporated County),2021,Building Permit,Single-family detached,1936.0,complete,HCD APR Table A2,2021,2026-10-07,Regional total,Housing units (count),"Regional sum of all 18 cities plus Unincorporated San Diego County. If any jurisdiction-year is missing from APR, the regional type value is left blank rather than presented as a complete total."
San Diego Region (18 cities + Unincorporated County),2021,Building Permit,Unknown / not reported,0.0,complete,HCD APR Table A2,2021,2026-10-07,Regional total,Housing units (count),"Regional sum of all 18 cities plus Unincorporated San Diego County. If any jurisdiction-year is missing from APR, the regional type value is left blank rather than presented as a complete total."
San Diego Region (18 cities + Unincorporated County),2021,Completion,2-4 unit building (combined),453.0,complete,HCD APR Table A2,2021,2026-10-07,Regional total,Housing units (count),"Regional sum of all 18 cities plus Unincorporated San Diego County. If any jurisdiction-year is missing from APR, the regional type value is left blank rather than presented as a complete total."
San Diego Region (18 cities + Unincorporated County),2021,Completion,5+ unit building,4806.0,complete,HCD APR Table A2,2021,2026-10-07,Regional total,Housing units (count),"Regional sum of all 18 cities plus Unincorporated San Diego County. If any jurisdiction-year is missing from APR, the regional type value is left blank rather than presented as a complete total."
San Diego Region (18 cities + Unincorporated County),2021,Completion,Accessory dwelling unit,941.0,complete,HCD APR Table A2,2021,2026-10-07,Regional total,Housing units (count),"Regional sum of all 18 cities plus Unincorporated San Diego County. If any jurisdiction-year is missing from APR, the regional type value is left blank rather than presented as a complete total."
San Diego Region (18 cities + Unincorporated County),2021,Completion,Mobile home / manufactured home,84.0,complete,HCD APR Table A2,2021,2026-10-07,Regional total,Housing units (count),"Regional sum of all 18 cities plus Unincorporated San Diego County. If any jurisdiction-year is missing from APR, the regional type value is left blank rather than presented as a complete total."
San Diego Region (18 cities + Unincorporated County),2021,Completion,Other / source-reported,0.0,complete,HCD APR Table A2,2021,2026-10-07,Regional total,Housing units (count),"Regional sum of all 18 cities plus Unincorporated San Diego County. If any jurisdiction-year is missing from APR, the regional type value is left blank rather than presented as a complete total."
San Diego Region (18 cities + Unincorporated County),2021,Completion,Single-family attached,410.0,complete,HCD APR Table A2,2021,2026-10-07,Regional total,Housing units (count),"Regional sum of all 18 cities plus Unincorporated San Diego County. If any jurisdiction-year is missing from APR, the regional type value is left blank rather than presented as a complete total."
San Diego Region (18 cities + Unincorporated County),2021,Completion,Single-family detached,1509.0,complete,HCD APR Table A2,2021,2026-10-07,Regional total,Housing units (count),"Regional sum of all 18 cities plus Unincorporated San Diego County. If any jurisdiction-year is missing from APR, the regional type value is left blank rather than presented as a complete total."
San Diego Region (18 cities + Unincorporated County),2021,Completion,Unknown / not reported,0.0,complete,HCD APR Table A2,2021,2026-10-07,Regional total,Housing units (count),"Regional sum of all 18 cities plus Unincorporated San Diego County. If any jurisdiction-year is missing from APR, the regional type value is left blank rather than presented as a complete total."
San Diego Region (18 cities + Unincorporated County),2022,Building Permit,2-4 unit building (combined),446.0,complete,HCD APR Table A2,2022,2026-10-07,Regional total,Housing units (count),"Regional sum of all 18 cities plus Unincorporated San Diego County. If any jurisdiction-year is missing from APR, the regional type value is left blank rather than presented as a complete total."
San Diego Region (18 cities + Unincorporated County),2022,Building Permit,5+ unit building,6251.0,complete,HCD APR Table A2,2022,2026-10-07,Regional total,Housing units (count),"Regional sum of all 18 cities plus Unincorporated San Diego County. If any jurisdiction-year is missing from APR, the regional type value is left blank rather than presented as a complete total."
San Diego Region (18 cities + Unincorporated County),2022,Building Permit,Accessory dwelling unit,2038.0,complete,HCD APR Table A2,2022,2026-10-07,Regional total,Housing units (count),"Regional sum of all 18 cities plus Unincorporated San Diego County. If any jurisdiction-year is missing from APR, the regional type value is left blank rather than presented as a complete total."
San Diego Region (18 cities + Unincorporated County),2022,Building Permit,Mobile home / manufactured home,146.0,complete,HCD APR Table A2,2022,2026-10-07,Regional total,Housing units (count),"Regional sum of all 18 cities plus Unincorporated San Diego County. If any jurisdiction-year is missing from APR, the regional type value is left blank rather than presented as a complete total."
San Diego Region (18 cities + Unincorporated County),2022,Building Permit,Other / source-reported,0.0,complete,HCD APR Table A2,2022,2026-10-07,Regional total,Housing units (count),"Regional sum of all 18 cities plus Unincorporated San Diego County. If any jurisdiction-year is missing from APR, the regional type value is left blank rather than presented as a complete total."
San Diego Region (18 cities + Unincorporated County),2022,Building Permit,Single-family attached,340.0,complete,HCD APR Table A2,2022,2026-10-07,Regional total,Housing units (count),"Regional sum of all 18 cities plus Unincorporated San Diego County. If any jurisdiction-year is missing from APR, the regional type value is left blank rather than presented as a complete total."
San Diego Region (18 cities + Unincorporated County),2022,Building Permit,Single-family detached,1896.0,complete,HCD APR Table A2,2022,2026-10-07,Regional total,Housing units (count),"Regional sum of all 18 cities plus Unincorporated San Diego County. If any jurisdiction-year is missing from APR, the regional type value is left blank rather than presented as a complete total."
San Diego Region (18 cities + Unincorporated County),2022,Building Permit,Unknown / not reported,0.0,complete,HCD APR Table A2,2022,2026-10-07,Regional total,Housing units (count),"Regional sum of all 18 cities plus Unincorporated San Diego County. If any jurisdiction-year is missing from APR, the regional type value is left blank rather than presented as a complete total."
San Diego Region (18 cities + Unincorporated County),2022,Completion,2-4 unit building (combined),289.0,complete,HCD APR Table A2,2022,2026-10-07,Regional total,Housing units (count),"Regional sum of all 18 cities plus Unincorporated San Diego County. If any jurisdiction-year is missing from APR, the regional type value is left blank rather than presented as a complete total."
San Diego Region (18 cities + Unincorporated County),2022,Completion,5+ unit building,5437.0,complete,HCD APR Table A2,2022,2026-10-07,Regional total,Housing units (count),"Regional sum of all 18 cities plus Unincorporated San Diego County. If any jurisdiction-year is missing from APR, the regional type value is left blank rather than presented as a complete total."
San Diego Region (18 cities + Unincorporated County),2022,Completion,Accessory dwelling unit,1287.0,complete,HCD APR Table A2,2022,2026-10-07,Regional total,Housing units (count),"Regional sum of all 18 cities plus Unincorporated San Diego County. If any jurisdiction-year is missing from APR, the regional type value is left blank rather than presented as a complete total."
San Diego Region (18 cities + Unincorporated County),2022,Completion,Mobile home / manufactured home,112.0,complete,HCD APR Table A2,2022,2026-10-07,Regional total,Housing units (count),"Regional sum of all 18 cities plus Unincorporated San Diego County. If any jurisdiction-year is missing from APR, the regional type value is left blank rather than presented as a complete total."
San Diego Region (18 cities + Unincorporated County),2022,Completion,Other / source-reported,0.0,complete,HCD APR Table A2,2022,2026-10-07,Regional total,Housing units (count),"Regional sum of all 18 cities plus Unincorporated San Diego County. If any jurisdiction-year is missing from APR, the regional type value is left blank rather than presented as a complete total."
San Diego Region (18 cities + Unincorporated County),2022,Completion,Single-family attached,362.0,complete,HCD APR Table A2,2022,2026-10-07,Regional total,Housing units (count),"Regional sum of all 18 cities plus Unincorporated San Diego County. If any jurisdiction-year is missing from APR, the regional type value is left blank rather than presented as a complete total."
San Diego Region (18 cities + Unincorporated County),2022,Completion,Single-family detached,1926.0,complete,HCD APR Table A2,2022,2026-10-07,Regional total,Housing units (count),"Regional sum of all 18 cities plus Unincorporated San Diego County. If any jurisdiction-year is missing from APR, the regional type value is left blank rather than presented as a complete total."
San Diego Region (18 cities + Unincorporated County),2022,Completion,Unknown / not reported,0.0,complete,HCD APR Table A2,2022,2026-10-07,Regional total,Housing units (count),"Regional sum of all 18 cities plus Unincorporated San Diego County. If any jurisdiction-year is missing from APR, the regional type value is left blank rather than presented as a complete total."
San Diego Region (18 cities + Unincorporated County),2023,Building Permit,2-4 unit building (combined),125.0,complete,HCD APR Table A2,2023,2026-10-07,Regional total,Housing units (count),"Regional sum of all 18 cities plus Unincorporated San Diego County. If any jurisdiction-year is missing from APR, the regional type value is left blank rather than presented as a complete total."
San Diego Region (18 cities + Unincorporated County),2023,Building Permit,5+ unit building,9760.0,complete,HCD APR Table A2,2023,2026-10-07,Regional total,Housing units (count),"Regional sum of all 18 cities plus Unincorporated San Diego County. If any jurisdiction-year is missing from APR, the regional type value is left blank rather than presented as a complete total."
San Diego Region (18 cities + Unincorporated County),2023,Building Permit,Accessory dwelling unit,3374.0,complete,HCD APR Table A2,2023,2026-10-07,Regional total,Housing units (count),"Regional sum of all 18 cities plus Unincorporated San Diego County. If any jurisdiction-year is missing from APR, the regional type value is left blank rather than presented as a complete total."
San Diego Region (18 cities + Unincorporated County),2023,Building Permit,Mobile home / manufactured home,108.0,complete,HCD APR Table A2,2023,2026-10-07,Regional total,Housing units (count),"Regional sum of all 18 cities plus Unincorporated San Diego County. If any jurisdiction-year is missing from APR, the regional type value is left blank rather than presented as a complete total."
San Diego Region (18 cities + Unincorporated County),2023,Building Permit,Other / source-reported,0.0,complete,HCD APR Table A2,2023,2026-10-07,Regional total,Housing units (count),"Regional sum of all 18 cities plus Unincorporated San Diego County. If any jurisdiction-year is missing from APR, the regional type value is left blank rather than presented as a complete total."
San Diego Region (18 cities + Unincorporated County),2023,Building Permit,Single-family attached,838.0,complete,HCD APR Table A2,2023,2026-10-07,Regional total,Housing units (count),"Regional sum of all 18 cities plus Unincorporated San Diego County. If any jurisdiction-year is missing from APR, the regional type value is left blank rather than presented as a complete total."
San Diego Region (18 cities + Unincorporated County),2023,Building Permit,Single-family detached,1326.0,complete,HCD APR Table A2,2023,2026-10-07,Regional total,Housing units (count),"Regional sum of all 18 cities plus Unincorporated San Diego County. If any jurisdiction-year is missing from APR, the regional type value is left blank rather than presented as a complete total."
San Diego Region (18 cities + Unincorporated County),2023,Building Permit,Unknown / not reported,0.0,complete,HCD APR Table A2,2023,2026-10-07,Regional total,Housing units (count),"Regional sum of all 18 cities plus Unincorporated San Diego County. If any jurisdiction-year is missing from APR, the regional type value is left blank rather than presented as a complete total."
San Diego Region (18 cities + Unincorporated County),2023,Completion,2-4 unit building (combined),260.0,complete,HCD APR Table A2,2023,2026-10-07,Regional total,Housing units (count),"Regional sum of all 18 cities plus Unincorporated San Diego County. If any jurisdiction-year is missing from APR, the regional type value is left blank rather than presented as a complete total."
San Diego Region (18 cities + Unincorporated County),2023,Completion,5+ unit building,4399.0,complete,HCD APR Table A2,2023,2026-10-07,Regional total,Housing units (count),"Regional sum of all 18 cities plus Unincorporated San Diego County. If any jurisdiction-year is missing from APR, the regional type value is left blank rather than presented as a complete total."
San Diego Region (18 cities + Unincorporated County),2023,Completion,Accessory dwelling unit,1741.0,complete,HCD APR Table A2,2023,2026-10-07,Regional total,Housing units (count),"Regional sum of all 18 cities plus Unincorporated San Diego County. If any jurisdiction-year is missing from APR, the regional type value is left blank rather than presented as a complete total."
San Diego Region (18 cities + Unincorporated County),2023,Completion,Mobile home / manufactured home,114.0,complete,HCD APR Table A2,2023,2026-10-07,Regional total,Housing units (count),"Regional sum of all 18 cities plus Unincorporated San Diego County. If any jurisdiction-year is missing from APR, the regional type value is left blank rather than presented as a complete total."
San Diego Region (18 cities + Unincorporated County),2023,Completion,Other / source-reported,0.0,complete,HCD APR Table A2,2023,2026-10-07,Regional total,Housing units (count),"Regional sum of all 18 cities plus Unincorporated San Diego County. If any jurisdiction-year is missing from APR, the regional type value is left blank rather than presented as a complete total."
San Diego Region (18 cities + Unincorporated County),2023,Completion,Single-family attached,423.0,complete,HCD APR Table A2,2023,2026-10-07,Regional total,Housing units (count),"Regional sum of all 18 cities plus Unincorporated San Diego County. If any jurisdiction-year is missing from APR, the regional type value is left blank rather than presented as a complete total."
San Diego Region (18 cities + Unincorporated County),2023,Completion,Single-family detached,1455.0,complete,HCD APR Table A2,2023,2026-10-07,Regional total,Housing units (count),"Regional sum of all 18 cities plus Unincorporated San Diego County. If any jurisdiction-year is missing from APR, the regional type value is left blank rather than presented as a complete total."
San Diego Region (18 cities + Unincorporated County),2023,Completion,Unknown / not reported,0.0,complete,HCD APR Table A2,2023,2026-10-07,Regional total,Housing units (count),"Regional sum of all 18 cities plus Unincorporated San Diego County. If any jurisdiction-year is missing from APR, the regional type value is left blank rather than presented as a complete total."
San Diego Region (18 cities + Unincorporated County),2024,Building Permit,2-4 unit building (combined),335.0,complete,HCD APR Table A2,2024,2026-10-07,Regional total,Housing units (count),"Regional sum of all 18 cities plus Unincorporated San Diego County. If any jurisdiction-year is missing from APR, the regional type value is left blank rather than presented as a complete total."
San Diego Region (18 cities + Unincorporated County),2024,Building Permit,5+ unit building,8668.0,complete,HCD APR Table A2,2024,2026-10-07,Regional total,Housing units (count),"Regional sum of all 18 cities plus Unincorporated San Diego County. If any jurisdiction-year is missing from APR, the regional type value is left blank rather than presented as a complete total."
San Diego Region (18 cities + Unincorporated County),2024,Building Permit,Accessory dwelling unit,3991.0,complete,HCD APR Table A2,2024,2026-10-07,Regional total,Housing units (count),"Regional sum of all 18 cities plus Unincorporated San Diego County. If any jurisdiction-year is missing from APR, the regional type value is left blank rather than presented as a complete total."
San Diego Region (18 cities + Unincorporated County),2024,Building Permit,Mobile home / manufactured home,94.0,complete,HCD APR Table A2,2024,2026-10-07,Regional total,Housing units (count),"Regional sum of all 18 cities plus Unincorporated San Diego County. If any jurisdiction-year is missing from APR, the regional type value is left blank rather than presented as a complete total."
San Diego Region (18 cities + Unincorporated County),2024,Building Permit,Other / source-reported,0.0,complete,HCD APR Table A2,2024,2026-10-07,Regional total,Housing units (count),"Regional sum of all 18 cities plus Unincorporated San Diego County. If any jurisdiction-year is missing from APR, the regional type value is left blank rather than presented as a complete total."
San Diego Region (18 cities + Unincorporated County),2024,Building Permit,Single-family attached,875.0,complete,HCD APR Table A2,2024,2026-10-07,Regional total,Housing units (count),"Regional sum of all 18 cities plus Unincorporated San Diego County. If any jurisdiction-year is missing from APR, the regional type value is left blank rather than presented as a complete total."
San Diego Region (18 cities + Unincorporated County),2024,Building Permit,Single-family detached,1029.0,complete,HCD APR Table A2,2024,2026-10-07,Regional total,Housing units (count),"Regional sum of all 18 cities plus Unincorporated San Diego County. If any jurisdiction-year is missing from APR, the regional type value is left blank rather than presented as a complete total."
San Diego Region (18 cities + Unincorporated County),2024,Building Permit,Unknown / not reported,0.0,complete,HCD APR Table A2,2024,2026-10-07,Regional total,Housing units (count),"Regional sum of all 18 cities plus Unincorporated San Diego County. If any jurisdiction-year is missing from APR, the regional type value is left blank rather than presented as a complete total."
San Diego Region (18 cities + Unincorporated County),2024,Completion,2-4 unit building (combined),790.0,complete,HCD APR Table A2,2024,2026-10-07,Regional total,Housing units (count),"Regional sum of all 18 cities plus Unincorporated San Diego County. If any jurisdiction-year is missing from APR, the regional type value is left blank rather than presented as a complete total."
San Diego Region (18 cities + Unincorporated County),2024,Completion,5+ unit building,5472.0,complete,HCD APR Table A2,2024,2026-10-07,Regional total,Housing units (count),"Regional sum of all 18 cities plus Unincorporated San Diego County. If any jurisdiction-year is missing from APR, the regional type value is left blank rather than presented as a complete total."
San Diego Region (18 cities + Unincorporated County),2024,Completion,Accessory dwelling unit,2006.0,complete,HCD APR Table A2,2024,2026-10-07,Regional total,Housing units (count),"Regional sum of all 18 cities plus Unincorporated San Diego County. If any jurisdiction-year is missing from APR, the regional type value is left blank rather than presented as a complete total."
San Diego Region (18 cities + Unincorporated County),2024,Completion,Mobile home / manufactured home,86.0,complete,HCD APR Table A2,2024,2026-10-07,Regional total,Housing units (count),"Regional sum of all 18 cities plus Unincorporated San Diego County. If any jurisdiction-year is missing from APR, the regional type value is left blank rather than presented as a complete total."
San Diego Region (18 cities + Unincorporated County),2024,Completion,Other / source-reported,0.0,complete,HCD APR Table A2,2024,2026-10-07,Regional total,Housing units (count),"Regional sum of all 18 cities plus Unincorporated San Diego County. If any jurisdiction-year is missing from APR, the regional type value is left blank rather than presented as a complete total."
San Diego Region (18 cities + Unincorporated County),2024,Completion,Single-family attached,761.0,complete,HCD APR Table A2,2024,2026-10-07,Regional total,Housing units (count),"Regional sum of all 18 cities plus Unincorporated San Diego County. If any jurisdiction-year is missing from APR, the regional type value is left blank rather than presented as a complete total."
San Diego Region (18 cities + Unincorporated County),2024,Completion,Single-family detached,1060.0,complete,HCD APR Table A2,2024,2026-10-07,Regional total,Housing units (count),"Regional sum of all 18 cities plus Unincorporated San Diego County. If any jurisdiction-year is missing from APR, the regional type value is left blank rather than presented as a complete total."
San Diego Region (18 cities + Unincorporated County),2024,Completion,Unknown / not reported,0.0,complete,HCD APR Table A2,2024,2026-10-07,Regional total,Housing units (count),"Regional sum of all 18 cities plus Unincorporated San Diego County. If any jurisdiction-year is missing from APR, the regional type value is left blank rather than presented as a complete total."
San Diego Region (18 cities + Unincorporated County),2025,Building Permit,2-4 unit building (combined),140.0,complete,HCD APR Table A2,2025,2026-10-07,Regional total,Housing units (count),"Regional sum of all 18 cities plus Unincorporated San Diego County. If any jurisdiction-year is missing from APR, the regional type value is left blank rather than presented as a complete total."
San Diego Region (18 cities + Unincorporated County),2025,Building Permit,5+ unit building,7286.0,complete,HCD APR Table A2,2025,2026-10-07,Regional total,Housing units (count),"Regional sum of all 18 cities plus Unincorporated San Diego County. If any jurisdiction-year is missing from APR, the regional type value is left blank rather than presented as a complete total."
San Diego Region (18 cities + Unincorporated County),2025,Building Permit,Accessory dwelling unit,3695.0,complete,HCD APR Table A2,2025,2026-10-07,Regional total,Housing units (count),"Regional sum of all 18 cities plus Unincorporated San Diego County. If any jurisdiction-year is missing from APR, the regional type value is left blank rather than presented as a complete total."
San Diego Region (18 cities + Unincorporated County),2025,Building Permit,Mobile home / manufactured home,84.0,complete,HCD APR Table A2,2025,2026-10-07,Regional total,Housing units (count),"Regional sum of all 18 cities plus Unincorporated San Diego County. If any jurisdiction-year is missing from APR, the regional type value is left blank rather than presented as a complete total."
San Diego Region (18 cities + Unincorporated County),2025,Building Permit,Other / source-reported,0.0,complete,HCD APR Table A2,2025,2026-10-07,Regional total,Housing units (count),"Regional sum of all 18 cities plus Unincorporated San Diego County. If any jurisdiction-year is missing from APR, the regional type value is left blank rather than presented as a complete total."
San Diego Region (18 cities + Unincorporated County),2025,Building Permit,Single-family attached,974.0,complete,HCD APR Table A2,2025,2026-10-07,Regional total,Housing units (count),"Regional sum of all 18 cities plus Unincorporated San Diego County. If any jurisdiction-year is missing from APR, the regional type value is left blank rather than presented as a complete total."
San Diego Region (18 cities + Unincorporated County),2025,Building Permit,Single-family detached,1136.0,complete,HCD APR Table A2,2025,2026-10-07,Regional total,Housing units (count),"Regional sum of all 18 cities plus Unincorporated San Diego County. If any jurisdiction-year is missing from APR, the regional type value is left blank rather than presented as a complete total."
San Diego Region (18 cities + Unincorporated County),2025,Building Permit,Unknown / not reported,0.0,complete,HCD APR Table A2,2025,2026-10-07,Regional total,Housing units (count),"Regional sum of all 18 cities plus Unincorporated San Diego County. If any jurisdiction-year is missing from APR, the regional type value is left blank rather than presented as a complete total."
San Diego Region (18 cities + Unincorporated County),2025,Completion,2-4 unit building (combined),242.0,complete,HCD APR Table A2,2025,2026-10-07,Regional total,Housing units (count),"Regional sum of all 18 cities plus Unincorporated San Diego County. If any jurisdiction-year is missing from APR, the regional type value is left blank rather than presented as a complete total."
San Diego Region (18 cities + Unincorporated County),2025,Completion,5+ unit building,2606.0,complete,HCD APR Table A2,2025,2026-10-07,Regional total,Housing units (count),"Regional sum of all 18 cities plus Unincorporated San Diego County. If any jurisdiction-year is missing from APR, the regional type value is left blank rather than presented as a complete total."
San Diego Region (18 cities + Unincorporated County),2025,Completion,Accessory dwelling unit,1592.0,complete,HCD APR Table A2,2025,2026-10-07,Regional total,Housing units (count),"Regional sum of all 18 cities plus Unincorporated San Diego County. If any jurisdiction-year is missing from APR, the regional type value is left blank rather than presented as a complete total."
San Diego Region (18 cities + Unincorporated County),2025,Completion,Mobile home / manufactured home,275.0,complete,HCD APR Table A2,2025,2026-10-07,Regional total,Housing units (count),"Regional sum of all 18 cities plus Unincorporated San Diego County. If any jurisdiction-year is missing from APR, the regional type value is left blank rather than presented as a complete total."
San Diego Region (18 cities + Unincorporated County),2025,Completion,Other / source-reported,0.0,complete,HCD APR Table A2,2025,2026-10-07,Regional total,Housing units (count),"Regional sum of all 18 cities plus Unincorporated San Diego County. If any jurisdiction-year is missing from APR, the regional type value is left blank rather than presented as a complete total."
San Diego Region (18 cities + Unincorporated County),2025,Completion,Single-family attached,722.0,complete,HCD APR Table A2,2025,2026-10-07,Regional total,Housing units (count),"Regional sum of all 18 cities plus Unincorporated San Diego County. If any jurisdiction-year is missing from APR, the regional type value is left blank rather than presented as a complete total."
San Diego Region (18 cities + Unincorporated County),2025,Completion,Single-family detached,862.0,complete,HCD APR Table A2,2025,2026-10-07,Regional total,Housing units (count),"Regional sum of all 18 cities plus Unincorporated San Diego County. If any jurisdiction-year is missing from APR, the regional type value is left blank rather than presented as a complete total."
San Diego Region (18 cities + Unincorporated County),2025,Completion,Unknown / not reported,0.0,complete,HCD APR Table A2,2025,2026-10-07,Regional total,Housing units (count),"Regional sum of all 18 cities plus Unincorporated San Diego County. If any jurisdiction-year is missing from APR, the regional type value is left blank rather than presented as a complete total."
San Marcos,2018,Building Permit,2-4 unit building (combined),4.0,reported,HCD APR Table A2,2018,2026-10-07,Jurisdiction,Housing units (count),"HCD UNIT_CAT uses SFD, SFA, 2-4, 5+, ADU, and MH. The 2-4 category cannot be defensibly split into duplex versus 3-4-unit buildings from this source alone. Stage activity is counted only when the stage date is in the APR reporting year."
San Marcos,2018,Building Permit,5+ unit building,100.0,reported,HCD APR Table A2,2018,2026-10-07,Jurisdiction,Housing units (count),"HCD UNIT_CAT uses SFD, SFA, 2-4, 5+, ADU, and MH. The 2-4 category cannot be defensibly split into duplex versus 3-4-unit buildings from this source alone. Stage activity is counted only when the stage date is in the APR reporting year."
San Marcos,2018,Building Permit,Accessory dwelling unit,2.0,reported,HCD APR Table A2,2018,2026-10-07,Jurisdiction,Housing units (count),"HCD UNIT_CAT uses SFD, SFA, 2-4, 5+, ADU, and MH. The 2-4 category cannot be defensibly split into duplex versus 3-4-unit buildings from this source alone. Stage activity is counted only when the stage date is in the APR reporting year."
San Marcos,2018,Building Permit,Mobile home / manufactured home,0.0,reported,HCD APR Table A2,2018,2026-10-07,Jurisdiction,Housing units (count),"HCD UNIT_CAT uses SFD, SFA, 2-4, 5+, ADU, and MH. The 2-4 category cannot be defensibly split into duplex versus 3-4-unit buildings from this source alone. Stage activity is counted only when the stage date is in the APR reporting year."
San Marcos,2018,Building Permit,Other / source-reported,0.0,reported,HCD APR Table A2,2018,2026-10-07,Jurisdiction,Housing units (count),"HCD UNIT_CAT uses SFD, SFA, 2-4, 5+, ADU, and MH. The 2-4 category cannot be defensibly split into duplex versus 3-4-unit buildings from this source alone. Stage activity is counted only when the stage date is in the APR reporting year."
San Marcos,2018,Building Permit,Single-family attached,46.0,reported,HCD APR Table A2,2018,2026-10-07,Jurisdiction,Housing units (count),"HCD UNIT_CAT uses SFD, SFA, 2-4, 5+, ADU, and MH. The 2-4 category cannot be defensibly split into duplex versus 3-4-unit buildings from this source alone. Stage activity is counted only when the stage date is in the APR reporting year."
San Marcos,2018,Building Permit,Single-family detached,103.0,reported,HCD APR Table A2,2018,2026-10-07,Jurisdiction,Housing units (count),"HCD UNIT_CAT uses SFD, SFA, 2-4, 5+, ADU, and MH. The 2-4 category cannot be defensibly split into duplex versus 3-4-unit buildings from this source alone. Stage activity is counted only when the stage date is in the APR reporting year."
San Marcos,2018,Building Permit,Unknown / not reported,0.0,reported,HCD APR Table A2,2018,2026-10-07,Jurisdiction,Housing units (count),"HCD UNIT_CAT uses SFD, SFA, 2-4, 5+, ADU, and MH. The 2-4 category cannot be defensibly split into duplex versus 3-4-unit buildings from this source alone. Stage activity is counted only when the stage date is in the APR reporting year."
San Marcos,2018,Completion,2-4 unit building (combined),0.0,reported,HCD APR Table A2,2018,2026-10-07,Jurisdiction,Housing units (count),"HCD UNIT_CAT uses SFD, SFA, 2-4, 5+, ADU, and MH. The 2-4 category cannot be defensibly split into duplex versus 3-4-unit buildings from this source alone. Stage activity is counted only when the stage date is in the APR reporting year."
San Marcos,2018,Completion,5+ unit building,526.0,reported,HCD APR Table A2,2018,2026-10-07,Jurisdiction,Housing units (count),"HCD UNIT_CAT uses SFD, SFA, 2-4, 5+, ADU, and MH. The 2-4 category cannot be defensibly split into duplex versus 3-4-unit buildings from this source alone. Stage activity is counted only when the stage date is in the APR reporting year."
San Marcos,2018,Completion,Accessory dwelling unit,2.0,reported,HCD APR Table A2,2018,2026-10-07,Jurisdiction,Housing units (count),"HCD UNIT_CAT uses SFD, SFA, 2-4, 5+, ADU, and MH. The 2-4 category cannot be defensibly split into duplex versus 3-4-unit buildings from this source alone. Stage activity is counted only when the stage date is in the APR reporting year."
San Marcos,2018,Completion,Mobile home / manufactured home,0.0,reported,HCD APR Table A2,2018,2026-10-07,Jurisdiction,Housing units (count),"HCD UNIT_CAT uses SFD, SFA, 2-4, 5+, ADU, and MH. The 2-4 category cannot be defensibly split into duplex versus 3-4-unit buildings from this source alone. Stage activity is counted only when the stage date is in the APR reporting year."
San Marcos,2018,Completion,Other / source-reported,0.0,reported,HCD APR Table A2,2018,2026-10-07,Jurisdiction,Housing units (count),"HCD UNIT_CAT uses SFD, SFA, 2-4, 5+, ADU, and MH. The 2-4 category cannot be defensibly split into duplex versus 3-4-unit buildings from this source alone. Stage activity is counted only when the stage date is in the APR reporting year."
San Marcos,2018,Completion,Single-family attached,3.0,reported,HCD APR Table A2,2018,2026-10-07,Jurisdiction,Housing units (count),"HCD UNIT_CAT uses SFD, SFA, 2-4, 5+, ADU, and MH. The 2-4 category cannot be defensibly split into duplex versus 3-4-unit buildings from this source alone. Stage activity is counted only when the stage date is in the APR reporting year."
San Marcos,2018,Completion,Single-family detached,242.0,reported,HCD APR Table A2,2018,2026-10-07,Jurisdiction,Housing units (count),"HCD UNIT_CAT uses SFD, SFA, 2-4, 5+, ADU, and MH. The 2-4 category cannot be defensibly split into duplex versus 3-4-unit buildings from this source alone. Stage activity is counted only when the stage date is in the APR reporting year."
San Marcos,2018,Completion,Unknown / not reported,0.0,reported,HCD APR Table A2,2018,2026-10-07,Jurisdiction,Housing units (count),"HCD UNIT_CAT uses SFD, SFA, 2-4, 5+, ADU, and MH. The 2-4 category cannot be defensibly split into duplex versus 3-4-unit buildings from this source alone. Stage activity is counted only when the stage date is in the APR reporting year."
San Marcos,2019,Building Permit,2-4 unit building (combined),0.0,reported,HCD APR Table A2,2019,2026-10-07,Jurisdiction,Housing units (count),"HCD UNIT_CAT uses SFD, SFA, 2-4, 5+, ADU, and MH. The 2-4 category cannot be defensibly split into duplex versus 3-4-unit buildings from this source alone. Stage activity is counted only when the stage date is in the APR reporting year."
San Marcos,2019,Building Permit,5+ unit building,0.0,reported,HCD APR Table A2,2019,2026-10-07,Jurisdiction,Housing units (count),"HCD UNIT_CAT uses SFD, SFA, 2-4, 5+, ADU, and MH. The 2-4 category cannot be defensibly split into duplex versus 3-4-unit buildings from this source alone. Stage activity is counted only when the stage date is in the APR reporting year."
San Marcos,2019,Building Permit,Accessory dwelling unit,2.0,reported,HCD APR Table A2,2019,2026-10-07,Jurisdiction,Housing units (count),"HCD UNIT_CAT uses SFD, SFA, 2-4, 5+, ADU, and MH. The 2-4 category cannot be defensibly split into duplex versus 3-4-unit buildings from this source alone. Stage activity is counted only when the stage date is in the APR reporting year."
San Marcos,2019,Building Permit,Mobile home / manufactured home,4.0,reported,HCD APR Table A2,2019,2026-10-07,Jurisdiction,Housing units (count),"HCD UNIT_CAT uses SFD, SFA, 2-4, 5+, ADU, and MH. The 2-4 category cannot be defensibly split into duplex versus 3-4-unit buildings from this source alone. Stage activity is counted only when the stage date is in the APR reporting year."
San Marcos,2019,Building Permit,Other / source-reported,0.0,reported,HCD APR Table A2,2019,2026-10-07,Jurisdiction,Housing units (count),"HCD UNIT_CAT uses SFD, SFA, 2-4, 5+, ADU, and MH. The 2-4 category cannot be defensibly split into duplex versus 3-4-unit buildings from this source alone. Stage activity is counted only when the stage date is in the APR reporting year."
San Marcos,2019,Building Permit,Single-family attached,202.0,reported,HCD APR Table A2,2019,2026-10-07,Jurisdiction,Housing units (count),"HCD UNIT_CAT uses SFD, SFA, 2-4, 5+, ADU, and MH. The 2-4 category cannot be defensibly split into duplex versus 3-4-unit buildings from this source alone. Stage activity is counted only when the stage date is in the APR reporting year."
San Marcos,2019,Building Permit,Single-family detached,7.0,reported,HCD APR Table A2,2019,2026-10-07,Jurisdiction,Housing units (count),"HCD UNIT_CAT uses SFD, SFA, 2-4, 5+, ADU, and MH. The 2-4 category cannot be defensibly split into duplex versus 3-4-unit buildings from this source alone. Stage activity is counted only when the stage date is in the APR reporting year."
San Marcos,2019,Building Permit,Unknown / not reported,0.0,reported,HCD APR Table A2,2019,2026-10-07,Jurisdiction,Housing units (count),"HCD UNIT_CAT uses SFD, SFA, 2-4, 5+, ADU, and MH. The 2-4 category cannot be defensibly split into duplex versus 3-4-unit buildings from this source alone. Stage activity is counted only when the stage date is in the APR reporting year."
San Marcos,2019,Completion,2-4 unit building (combined),4.0,reported,HCD APR Table A2,2019,2026-10-07,Jurisdiction,Housing units (count),"HCD UNIT_CAT uses SFD, SFA, 2-4, 5+, ADU, and MH. The 2-4 category cannot be defensibly split into duplex versus 3-4-unit buildings from this source alone. Stage activity is counted only when the stage date is in the APR reporting year."
San Marcos,2019,Completion,5+ unit building,28.0,reported,HCD APR Table A2,2019,2026-10-07,Jurisdiction,Housing units (count),"HCD UNIT_CAT uses SFD, SFA, 2-4, 5+, ADU, and MH. The 2-4 category cannot be defensibly split into duplex versus 3-4-unit buildings from this source alone. Stage activity is counted only when the stage date is in the APR reporting year."
San Marcos,2019,Completion,Accessory dwelling unit,4.0,reported,HCD APR Table A2,2019,2026-10-07,Jurisdiction,Housing units (count),"HCD UNIT_CAT uses SFD, SFA, 2-4, 5+, ADU, and MH. The 2-4 category cannot be defensibly split into duplex versus 3-4-unit buildings from this source alone. Stage activity is counted only when the stage date is in the APR reporting year."
San Marcos,2019,Completion,Mobile home / manufactured home,12.0,reported,HCD APR Table A2,2019,2026-10-07,Jurisdiction,Housing units (count),"HCD UNIT_CAT uses SFD, SFA, 2-4, 5+, ADU, and MH. The 2-4 category cannot be defensibly split into duplex versus 3-4-unit buildings from this source alone. Stage activity is counted only when the stage date is in the APR reporting year."
San Marcos,2019,Completion,Other / source-reported,0.0,reported,HCD APR Table A2,2019,2026-10-07,Jurisdiction,Housing units (count),"HCD UNIT_CAT uses SFD, SFA, 2-4, 5+, ADU, and MH. The 2-4 category cannot be defensibly split into duplex versus 3-4-unit buildings from this source alone. Stage activity is counted only when the stage date is in the APR reporting year."
San Marcos,2019,Completion,Single-family attached,121.0,reported,HCD APR Table A2,2019,2026-10-07,Jurisdiction,Housing units (count),"HCD UNIT_CAT uses SFD, SFA, 2-4, 5+, ADU, and MH. The 2-4 category cannot be defensibly split into duplex versus 3-4-unit buildings from this source alone. Stage activity is counted only when the stage date is in the APR reporting year."
San Marcos,2019,Completion,Single-family detached,184.0,reported,HCD APR Table A2,2019,2026-10-07,Jurisdiction,Housing units (count),"HCD UNIT_CAT uses SFD, SFA, 2-4, 5+, ADU, and MH. The 2-4 category cannot be defensibly split into duplex versus 3-4-unit buildings from this source alone. Stage activity is counted only when the stage date is in the APR reporting year."
San Marcos,2019,Completion,Unknown / not reported,0.0,reported,HCD APR Table A2,2019,2026-10-07,Jurisdiction,Housing units (count),"HCD UNIT_CAT uses SFD, SFA, 2-4, 5+, ADU, and MH. The 2-4 category cannot be defensibly split into duplex versus 3-4-unit buildings from this source alone. Stage activity is counted only when the stage date is in the APR reporting year."
San Marcos,2020,Building Permit,2-4 unit building (combined),0.0,reported,HCD APR Table A2,2020,2026-10-07,Jurisdiction,Housing units (count),"HCD UNIT_CAT uses SFD, SFA, 2-4, 5+, ADU, and MH. The 2-4 category cannot be defensibly split into duplex versus 3-4-unit buildings from this source alone. Stage activity is counted only when the stage date is in the APR reporting year."
San Marcos,2020,Building Permit,5+ unit building,72.0,reported,HCD APR Table A2,2020,2026-10-07,Jurisdiction,Housing units (count),"HCD UNIT_CAT uses SFD, SFA, 2-4, 5+, ADU, and MH. The 2-4 category cannot be defensibly split into duplex versus 3-4-unit buildings from this source alone. Stage activity is counted only when the stage date is in the APR reporting year."
San Marcos,2020,Building Permit,Accessory dwelling unit,6.0,reported,HCD APR Table A2,2020,2026-10-07,Jurisdiction,Housing units (count),"HCD UNIT_CAT uses SFD, SFA, 2-4, 5+, ADU, and MH. The 2-4 category cannot be defensibly split into duplex versus 3-4-unit buildings from this source alone. Stage activity is counted only when the stage date is in the APR reporting year."
San Marcos,2020,Building Permit,Mobile home / manufactured home,0.0,reported,HCD APR Table A2,2020,2026-10-07,Jurisdiction,Housing units (count),"HCD UNIT_CAT uses SFD, SFA, 2-4, 5+, ADU, and MH. The 2-4 category cannot be defensibly split into duplex versus 3-4-unit buildings from this source alone. Stage activity is counted only when the stage date is in the APR reporting year."
San Marcos,2020,Building Permit,Other / source-reported,0.0,reported,HCD APR Table A2,2020,2026-10-07,Jurisdiction,Housing units (count),"HCD UNIT_CAT uses SFD, SFA, 2-4, 5+, ADU, and MH. The 2-4 category cannot be defensibly split into duplex versus 3-4-unit buildings from this source alone. Stage activity is counted only when the stage date is in the APR reporting year."
San Marcos,2020,Building Permit,Single-family attached,167.0,reported,HCD APR Table A2,2020,2026-10-07,Jurisdiction,Housing units (count),"HCD UNIT_CAT uses SFD, SFA, 2-4, 5+, ADU, and MH. The 2-4 category cannot be defensibly split into duplex versus 3-4-unit buildings from this source alone. Stage activity is counted only when the stage date is in the APR reporting year."
San Marcos,2020,Building Permit,Single-family detached,0.0,reported,HCD APR Table A2,2020,2026-10-07,Jurisdiction,Housing units (count),"HCD UNIT_CAT uses SFD, SFA, 2-4, 5+, ADU, and MH. The 2-4 category cannot be defensibly split into duplex versus 3-4-unit buildings from this source alone. Stage activity is counted only when the stage date is in the APR reporting year."
San Marcos,2020,Building Permit,Unknown / not reported,0.0,reported,HCD APR Table A2,2020,2026-10-07,Jurisdiction,Housing units (count),"HCD UNIT_CAT uses SFD, SFA, 2-4, 5+, ADU, and MH. The 2-4 category cannot be defensibly split into duplex versus 3-4-unit buildings from this source alone. Stage activity is counted only when the stage date is in the APR reporting year."
San Marcos,2020,Completion,2-4 unit building (combined),0.0,reported,HCD APR Table A2,2020,2026-10-07,Jurisdiction,Housing units (count),"HCD UNIT_CAT uses SFD, SFA, 2-4, 5+, ADU, and MH. The 2-4 category cannot be defensibly split into duplex versus 3-4-unit buildings from this source alone. Stage activity is counted only when the stage date is in the APR reporting year."
San Marcos,2020,Completion,5+ unit building,0.0,reported,HCD APR Table A2,2020,2026-10-07,Jurisdiction,Housing units (count),"HCD UNIT_CAT uses SFD, SFA, 2-4, 5+, ADU, and MH. The 2-4 category cannot be defensibly split into duplex versus 3-4-unit buildings from this source alone. Stage activity is counted only when the stage date is in the APR reporting year."
San Marcos,2020,Completion,Accessory dwelling unit,3.0,reported,HCD APR Table A2,2020,2026-10-07,Jurisdiction,Housing units (count),"HCD UNIT_CAT uses SFD, SFA, 2-4, 5+, ADU, and MH. The 2-4 category cannot be defensibly split into duplex versus 3-4-unit buildings from this source alone. Stage activity is counted only when the stage date is in the APR reporting year."
San Marcos,2020,Completion,Mobile home / manufactured home,0.0,reported,HCD APR Table A2,2020,2026-10-07,Jurisdiction,Housing units (count),"HCD UNIT_CAT uses SFD, SFA, 2-4, 5+, ADU, and MH. The 2-4 category cannot be defensibly split into duplex versus 3-4-unit buildings from this source alone. Stage activity is counted only when the stage date is in the APR reporting year."
San Marcos,2020,Completion,Other / source-reported,0.0,reported,HCD APR Table A2,2020,2026-10-07,Jurisdiction,Housing units (count),"HCD UNIT_CAT uses SFD, SFA, 2-4, 5+, ADU, and MH. The 2-4 category cannot be defensibly split into duplex versus 3-4-unit buildings from this source alone. Stage activity is counted only when the stage date is in the APR reporting year."
San Marcos,2020,Completion,Single-family attached,186.0,reported,HCD APR Table A2,2020,2026-10-07,Jurisdiction,Housing units (count),"HCD UNIT_CAT uses SFD, SFA, 2-4, 5+, ADU, and MH. The 2-4 category cannot be defensibly split into duplex versus 3-4-unit buildings from this source alone. Stage activity is counted only when the stage date is in the APR reporting year."
San Marcos,2020,Completion,Single-family detached,33.0,reported,HCD APR Table A2,2020,2026-10-07,Jurisdiction,Housing units (count),"HCD UNIT_CAT uses SFD, SFA, 2-4, 5+, ADU, and MH. The 2-4 category cannot be defensibly split into duplex versus 3-4-unit buildings from this source alone. Stage activity is counted only when the stage date is in the APR reporting year."
San Marcos,2020,Completion,Unknown / not reported,0.0,reported,HCD APR Table A2,2020,2026-10-07,Jurisdiction,Housing units (count),"HCD UNIT_CAT uses SFD, SFA, 2-4, 5+, ADU, and MH. The 2-4 category cannot be defensibly split into duplex versus 3-4-unit buildings from this source alone. Stage activity is counted only when the stage date is in the APR reporting year."
San Marcos,2021,Building Permit,2-4 unit building (combined),0.0,reported,HCD APR Table A2,2021,2026-10-07,Jurisdiction,Housing units (count),"HCD UNIT_CAT uses SFD, SFA, 2-4, 5+, ADU, and MH. The 2-4 category cannot be defensibly split into duplex versus 3-4-unit buildings from this source alone. Stage activity is counted only when the stage date is in the APR reporting year."
San Marcos,2021,Building Permit,5+ unit building,60.0,reported,HCD APR Table A2,2021,2026-10-07,Jurisdiction,Housing units (count),"HCD UNIT_CAT uses SFD, SFA, 2-4, 5+, ADU, and MH. The 2-4 category cannot be defensibly split into duplex versus 3-4-unit buildings from this source alone. Stage activity is counted only when the stage date is in the APR reporting year."
San Marcos,2021,Building Permit,Accessory dwelling unit,18.0,reported,HCD APR Table A2,2021,2026-10-07,Jurisdiction,Housing units (count),"HCD UNIT_CAT uses SFD, SFA, 2-4, 5+, ADU, and MH. The 2-4 category cannot be defensibly split into duplex versus 3-4-unit buildings from this source alone. Stage activity is counted only when the stage date is in the APR reporting year."
San Marcos,2021,Building Permit,Mobile home / manufactured home,0.0,reported,HCD APR Table A2,2021,2026-10-07,Jurisdiction,Housing units (count),"HCD UNIT_CAT uses SFD, SFA, 2-4, 5+, ADU, and MH. The 2-4 category cannot be defensibly split into duplex versus 3-4-unit buildings from this source alone. Stage activity is counted only when the stage date is in the APR reporting year."
San Marcos,2021,Building Permit,Other / source-reported,0.0,reported,HCD APR Table A2,2021,2026-10-07,Jurisdiction,Housing units (count),"HCD UNIT_CAT uses SFD, SFA, 2-4, 5+, ADU, and MH. The 2-4 category cannot be defensibly split into duplex versus 3-4-unit buildings from this source alone. Stage activity is counted only when the stage date is in the APR reporting year."
San Marcos,2021,Building Permit,Single-family attached,32.0,reported,HCD APR Table A2,2021,2026-10-07,Jurisdiction,Housing units (count),"HCD UNIT_CAT uses SFD, SFA, 2-4, 5+, ADU, and MH. The 2-4 category cannot be defensibly split into duplex versus 3-4-unit buildings from this source alone. Stage activity is counted only when the stage date is in the APR reporting year."
San Marcos,2021,Building Permit,Single-family detached,93.0,reported,HCD APR Table A2,2021,2026-10-07,Jurisdiction,Housing units (count),"HCD UNIT_CAT uses SFD, SFA, 2-4, 5+, ADU, and MH. The 2-4 category cannot be defensibly split into duplex versus 3-4-unit buildings from this source alone. Stage activity is counted only when the stage date is in the APR reporting year."
San Marcos,2021,Building Permit,Unknown / not reported,0.0,reported,HCD APR Table A2,2021,2026-10-07,Jurisdiction,Housing units (count),"HCD UNIT_CAT uses SFD, SFA, 2-4, 5+, ADU, and MH. The 2-4 category cannot be defensibly split into duplex versus 3-4-unit buildings from this source alone. Stage activity is counted only when the stage date is in the APR reporting year."
San Marcos,2021,Completion,2-4 unit building (combined),0.0,reported,HCD APR Table A2,2021,2026-10-07,Jurisdiction,Housing units (count),"HCD UNIT_CAT uses SFD, SFA, 2-4, 5+, ADU, and MH. The 2-4 category cannot be defensibly split into duplex versus 3-4-unit buildings from this source alone. Stage activity is counted only when the stage date is in the APR reporting year."
San Marcos,2021,Completion,5+ unit building,0.0,reported,HCD APR Table A2,2021,2026-10-07,Jurisdiction,Housing units (count),"HCD UNIT_CAT uses SFD, SFA, 2-4, 5+, ADU, and MH. The 2-4 category cannot be defensibly split into duplex versus 3-4-unit buildings from this source alone. Stage activity is counted only when the stage date is in the APR reporting year."
San Marcos,2021,Completion,Accessory dwelling unit,11.0,reported,HCD APR Table A2,2021,2026-10-07,Jurisdiction,Housing units (count),"HCD UNIT_CAT uses SFD, SFA, 2-4, 5+, ADU, and MH. The 2-4 category cannot be defensibly split into duplex versus 3-4-unit buildings from this source alone. Stage activity is counted only when the stage date is in the APR reporting year."
San Marcos,2021,Completion,Mobile home / manufactured home,0.0,reported,HCD APR Table A2,2021,2026-10-07,Jurisdiction,Housing units (count),"HCD UNIT_CAT uses SFD, SFA, 2-4, 5+, ADU, and MH. The 2-4 category cannot be defensibly split into duplex versus 3-4-unit buildings from this source alone. Stage activity is counted only when the stage date is in the APR reporting year."
San Marcos,2021,Completion,Other / source-reported,0.0,reported,HCD APR Table A2,2021,2026-10-07,Jurisdiction,Housing units (count),"HCD UNIT_CAT uses SFD, SFA, 2-4, 5+, ADU, and MH. The 2-4 category cannot be defensibly split into duplex versus 3-4-unit buildings from this source alone. Stage activity is counted only when the stage date is in the APR reporting year."
San Marcos,2021,Completion,Single-family attached,168.0,reported,HCD APR Table A2,2021,2026-10-07,Jurisdiction,Housing units (count),"HCD UNIT_CAT uses SFD, SFA, 2-4, 5+, ADU, and MH. The 2-4 category cannot be defensibly split into duplex versus 3-4-unit buildings from this source alone. Stage activity is counted only when the stage date is in the APR reporting year."
San Marcos,2021,Completion,Single-family detached,5.0,reported,HCD APR Table A2,2021,2026-10-07,Jurisdiction,Housing units (count),"HCD UNIT_CAT uses SFD, SFA, 2-4, 5+, ADU, and MH. The 2-4 category cannot be defensibly split into duplex versus 3-4-unit buildings from this source alone. Stage activity is counted only when the stage date is in the APR reporting year."
San Marcos,2021,Completion,Unknown / not reported,0.0,reported,HCD APR Table A2,2021,2026-10-07,Jurisdiction,Housing units (count),"HCD UNIT_CAT uses SFD, SFA, 2-4, 5+, ADU, and MH. The 2-4 category cannot be defensibly split into duplex versus 3-4-unit buildings from this source alone. Stage activity is counted only when the stage date is in the APR reporting year."
San Marcos,2022,Building Permit,2-4 unit building (combined),0.0,reported,HCD APR Table A2,2022,2026-10-07,Jurisdiction,Housing units (count),"HCD UNIT_CAT uses SFD, SFA, 2-4, 5+, ADU, and MH. The 2-4 category cannot be defensibly split into duplex versus 3-4-unit buildings from this source alone. Stage activity is counted only when the stage date is in the APR reporting year."
San Marcos,2022,Building Permit,5+ unit building,24.0,reported,HCD APR Table A2,2022,2026-10-07,Jurisdiction,Housing units (count),"HCD UNIT_CAT uses SFD, SFA, 2-4, 5+, ADU, and MH. The 2-4 category cannot be defensibly split into duplex versus 3-4-unit buildings from this source alone. Stage activity is counted only when the stage date is in the APR reporting year."
San Marcos,2022,Building Permit,Accessory dwelling unit,24.0,reported,HCD APR Table A2,2022,2026-10-07,Jurisdiction,Housing units (count),"HCD UNIT_CAT uses SFD, SFA, 2-4, 5+, ADU, and MH. The 2-4 category cannot be defensibly split into duplex versus 3-4-unit buildings from this source alone. Stage activity is counted only when the stage date is in the APR reporting year."
San Marcos,2022,Building Permit,Mobile home / manufactured home,0.0,reported,HCD APR Table A2,2022,2026-10-07,Jurisdiction,Housing units (count),"HCD UNIT_CAT uses SFD, SFA, 2-4, 5+, ADU, and MH. The 2-4 category cannot be defensibly split into duplex versus 3-4-unit buildings from this source alone. Stage activity is counted only when the stage date is in the APR reporting year."
San Marcos,2022,Building Permit,Other / source-reported,0.0,reported,HCD APR Table A2,2022,2026-10-07,Jurisdiction,Housing units (count),"HCD UNIT_CAT uses SFD, SFA, 2-4, 5+, ADU, and MH. The 2-4 category cannot be defensibly split into duplex versus 3-4-unit buildings from this source alone. Stage activity is counted only when the stage date is in the APR reporting year."
San Marcos,2022,Building Permit,Single-family attached,189.0,reported,HCD APR Table A2,2022,2026-10-07,Jurisdiction,Housing units (count),"HCD UNIT_CAT uses SFD, SFA, 2-4, 5+, ADU, and MH. The 2-4 category cannot be defensibly split into duplex versus 3-4-unit buildings from this source alone. Stage activity is counted only when the stage date is in the APR reporting year."
San Marcos,2022,Building Permit,Single-family detached,282.0,reported,HCD APR Table A2,2022,2026-10-07,Jurisdiction,Housing units (count),"HCD UNIT_CAT uses SFD, SFA, 2-4, 5+, ADU, and MH. The 2-4 category cannot be defensibly split into duplex versus 3-4-unit buildings from this source alone. Stage activity is counted only when the stage date is in the APR reporting year."
San Marcos,2022,Building Permit,Unknown / not reported,0.0,reported,HCD APR Table A2,2022,2026-10-07,Jurisdiction,Housing units (count),"HCD UNIT_CAT uses SFD, SFA, 2-4, 5+, ADU, and MH. The 2-4 category cannot be defensibly split into duplex versus 3-4-unit buildings from this source alone. Stage activity is counted only when the stage date is in the APR reporting year."
San Marcos,2022,Completion,2-4 unit building (combined),0.0,reported,HCD APR Table A2,2022,2026-10-07,Jurisdiction,Housing units (count),"HCD UNIT_CAT uses SFD, SFA, 2-4, 5+, ADU, and MH. The 2-4 category cannot be defensibly split into duplex versus 3-4-unit buildings from this source alone. Stage activity is counted only when the stage date is in the APR reporting year."
San Marcos,2022,Completion,5+ unit building,72.0,reported,HCD APR Table A2,2022,2026-10-07,Jurisdiction,Housing units (count),"HCD UNIT_CAT uses SFD, SFA, 2-4, 5+, ADU, and MH. The 2-4 category cannot be defensibly split into duplex versus 3-4-unit buildings from this source alone. Stage activity is counted only when the stage date is in the APR reporting year."
San Marcos,2022,Completion,Accessory dwelling unit,12.0,reported,HCD APR Table A2,2022,2026-10-07,Jurisdiction,Housing units (count),"HCD UNIT_CAT uses SFD, SFA, 2-4, 5+, ADU, and MH. The 2-4 category cannot be defensibly split into duplex versus 3-4-unit buildings from this source alone. Stage activity is counted only when the stage date is in the APR reporting year."
San Marcos,2022,Completion,Mobile home / manufactured home,0.0,reported,HCD APR Table A2,2022,2026-10-07,Jurisdiction,Housing units (count),"HCD UNIT_CAT uses SFD, SFA, 2-4, 5+, ADU, and MH. The 2-4 category cannot be defensibly split into duplex versus 3-4-unit buildings from this source alone. Stage activity is counted only when the stage date is in the APR reporting year."
San Marcos,2022,Completion,Other / source-reported,0.0,reported,HCD APR Table A2,2022,2026-10-07,Jurisdiction,Housing units (count),"HCD UNIT_CAT uses SFD, SFA, 2-4, 5+, ADU, and MH. The 2-4 category cannot be defensibly split into duplex versus 3-4-unit buildings from this source alone. Stage activity is counted only when the stage date is in the APR reporting year."
San Marcos,2022,Completion,Single-family attached,77.0,reported,HCD APR Table A2,2022,2026-10-07,Jurisdiction,Housing units (count),"HCD UNIT_CAT uses SFD, SFA, 2-4, 5+, ADU, and MH. The 2-4 category cannot be defensibly split into duplex versus 3-4-unit buildings from this source alone. Stage activity is counted only when the stage date is in the APR reporting year."
San Marcos,2022,Completion,Single-family detached,192.0,reported,HCD APR Table A2,2022,2026-10-07,Jurisdiction,Housing units (count),"HCD UNIT_CAT uses SFD, SFA, 2-4, 5+, ADU, and MH. The 2-4 category cannot be defensibly split into duplex versus 3-4-unit buildings from this source alone. Stage activity is counted only when the stage date is in the APR reporting year."
San Marcos,2022,Completion,Unknown / not reported,0.0,reported,HCD APR Table A2,2022,2026-10-07,Jurisdiction,Housing units (count),"HCD UNIT_CAT uses SFD, SFA, 2-4, 5+, ADU, and MH. The 2-4 category cannot be defensibly split into duplex versus 3-4-unit buildings from this source alone. Stage activity is counted only when the stage date is in the APR reporting year."
San Marcos,2023,Building Permit,2-4 unit building (combined),0.0,reported,HCD APR Table A2,2023,2026-10-07,Jurisdiction,Housing units (count),"HCD UNIT_CAT uses SFD, SFA, 2-4, 5+, ADU, and MH. The 2-4 category cannot be defensibly split into duplex versus 3-4-unit buildings from this source alone. Stage activity is counted only when the stage date is in the APR reporting year."
San Marcos,2023,Building Permit,5+ unit building,595.0,reported,HCD APR Table A2,2023,2026-10-07,Jurisdiction,Housing units (count),"HCD UNIT_CAT uses SFD, SFA, 2-4, 5+, ADU, and MH. The 2-4 category cannot be defensibly split into duplex versus 3-4-unit buildings from this source alone. Stage activity is counted only when the stage date is in the APR reporting year."
San Marcos,2023,Building Permit,Accessory dwelling unit,29.0,reported,HCD APR Table A2,2023,2026-10-07,Jurisdiction,Housing units (count),"HCD UNIT_CAT uses SFD, SFA, 2-4, 5+, ADU, and MH. The 2-4 category cannot be defensibly split into duplex versus 3-4-unit buildings from this source alone. Stage activity is counted only when the stage date is in the APR reporting year."
San Marcos,2023,Building Permit,Mobile home / manufactured home,0.0,reported,HCD APR Table A2,2023,2026-10-07,Jurisdiction,Housing units (count),"HCD UNIT_CAT uses SFD, SFA, 2-4, 5+, ADU, and MH. The 2-4 category cannot be defensibly split into duplex versus 3-4-unit buildings from this source alone. Stage activity is counted only when the stage date is in the APR reporting year."
San Marcos,2023,Building Permit,Other / source-reported,0.0,reported,HCD APR Table A2,2023,2026-10-07,Jurisdiction,Housing units (count),"HCD UNIT_CAT uses SFD, SFA, 2-4, 5+, ADU, and MH. The 2-4 category cannot be defensibly split into duplex versus 3-4-unit buildings from this source alone. Stage activity is counted only when the stage date is in the APR reporting year."
San Marcos,2023,Building Permit,Single-family attached,44.0,reported,HCD APR Table A2,2023,2026-10-07,Jurisdiction,Housing units (count),"HCD UNIT_CAT uses SFD, SFA, 2-4, 5+, ADU, and MH. The 2-4 category cannot be defensibly split into duplex versus 3-4-unit buildings from this source alone. Stage activity is counted only when the stage date is in the APR reporting year."
San Marcos,2023,Building Permit,Single-family detached,108.0,reported,HCD APR Table A2,2023,2026-10-07,Jurisdiction,Housing units (count),"HCD UNIT_CAT uses SFD, SFA, 2-4, 5+, ADU, and MH. The 2-4 category cannot be defensibly split into duplex versus 3-4-unit buildings from this source alone. Stage activity is counted only when the stage date is in the APR reporting year."
San Marcos,2023,Building Permit,Unknown / not reported,0.0,reported,HCD APR Table A2,2023,2026-10-07,Jurisdiction,Housing units (count),"HCD UNIT_CAT uses SFD, SFA, 2-4, 5+, ADU, and MH. The 2-4 category cannot be defensibly split into duplex versus 3-4-unit buildings from this source alone. Stage activity is counted only when the stage date is in the APR reporting year."
San Marcos,2023,Completion,2-4 unit building (combined),0.0,reported,HCD APR Table A2,2023,2026-10-07,Jurisdiction,Housing units (count),"HCD UNIT_CAT uses SFD, SFA, 2-4, 5+, ADU, and MH. The 2-4 category cannot be defensibly split into duplex versus 3-4-unit buildings from this source alone. Stage activity is counted only when the stage date is in the APR reporting year."
San Marcos,2023,Completion,5+ unit building,185.0,reported,HCD APR Table A2,2023,2026-10-07,Jurisdiction,Housing units (count),"HCD UNIT_CAT uses SFD, SFA, 2-4, 5+, ADU, and MH. The 2-4 category cannot be defensibly split into duplex versus 3-4-unit buildings from this source alone. Stage activity is counted only when the stage date is in the APR reporting year."
San Marcos,2023,Completion,Accessory dwelling unit,16.0,reported,HCD APR Table A2,2023,2026-10-07,Jurisdiction,Housing units (count),"HCD UNIT_CAT uses SFD, SFA, 2-4, 5+, ADU, and MH. The 2-4 category cannot be defensibly split into duplex versus 3-4-unit buildings from this source alone. Stage activity is counted only when the stage date is in the APR reporting year."
San Marcos,2023,Completion,Mobile home / manufactured home,0.0,reported,HCD APR Table A2,2023,2026-10-07,Jurisdiction,Housing units (count),"HCD UNIT_CAT uses SFD, SFA, 2-4, 5+, ADU, and MH. The 2-4 category cannot be defensibly split into duplex versus 3-4-unit buildings from this source alone. Stage activity is counted only when the stage date is in the APR reporting year."
San Marcos,2023,Completion,Other / source-reported,0.0,reported,HCD APR Table A2,2023,2026-10-07,Jurisdiction,Housing units (count),"HCD UNIT_CAT uses SFD, SFA, 2-4, 5+, ADU, and MH. The 2-4 category cannot be defensibly split into duplex versus 3-4-unit buildings from this source alone. Stage activity is counted only when the stage date is in the APR reporting year."
San Marcos,2023,Completion,Single-family attached,196.0,reported,HCD APR Table A2,2023,2026-10-07,Jurisdiction,Housing units (count),"HCD UNIT_CAT uses SFD, SFA, 2-4, 5+, ADU, and MH. The 2-4 category cannot be defensibly split into duplex versus 3-4-unit buildings from this source alone. Stage activity is counted only when the stage date is in the APR reporting year."
San Marcos,2023,Completion,Single-family detached,238.0,reported,HCD APR Table A2,2023,2026-10-07,Jurisdiction,Housing units (count),"HCD UNIT_CAT uses SFD, SFA, 2-4, 5+, ADU, and MH. The 2-4 category cannot be defensibly split into duplex versus 3-4-unit buildings from this source alone. Stage activity is counted only when the stage date is in the APR reporting year."
San Marcos,2023,Completion,Unknown / not reported,0.0,reported,HCD APR Table A2,2023,2026-10-07,Jurisdiction,Housing units (count),"HCD UNIT_CAT uses SFD, SFA, 2-4, 5+, ADU, and MH. The 2-4 category cannot be defensibly split into duplex versus 3-4-unit buildings from this source alone. Stage activity is counted only when the stage date is in the APR reporting year."
San Marcos,2024,Building Permit,2-4 unit building (combined),0.0,reported,HCD APR Table A2,2024,2026-10-07,Jurisdiction,Housing units (count),"HCD UNIT_CAT uses SFD, SFA, 2-4, 5+, ADU, and MH. The 2-4 category cannot be defensibly split into duplex versus 3-4-unit buildings from this source alone. Stage activity is counted only when the stage date is in the APR reporting year."
San Marcos,2024,Building Permit,5+ unit building,63.0,reported,HCD APR Table A2,2024,2026-10-07,Jurisdiction,Housing units (count),"HCD UNIT_CAT uses SFD, SFA, 2-4, 5+, ADU, and MH. The 2-4 category cannot be defensibly split into duplex versus 3-4-unit buildings from this source alone. Stage activity is counted only when the stage date is in the APR reporting year."
San Marcos,2024,Building Permit,Accessory dwelling unit,44.0,reported,HCD APR Table A2,2024,2026-10-07,Jurisdiction,Housing units (count),"HCD UNIT_CAT uses SFD, SFA, 2-4, 5+, ADU, and MH. The 2-4 category cannot be defensibly split into duplex versus 3-4-unit buildings from this source alone. Stage activity is counted only when the stage date is in the APR reporting year."
San Marcos,2024,Building Permit,Mobile home / manufactured home,0.0,reported,HCD APR Table A2,2024,2026-10-07,Jurisdiction,Housing units (count),"HCD UNIT_CAT uses SFD, SFA, 2-4, 5+, ADU, and MH. The 2-4 category cannot be defensibly split into duplex versus 3-4-unit buildings from this source alone. Stage activity is counted only when the stage date is in the APR reporting year."
San Marcos,2024,Building Permit,Other / source-reported,0.0,reported,HCD APR Table A2,2024,2026-10-07,Jurisdiction,Housing units (count),"HCD UNIT_CAT uses SFD, SFA, 2-4, 5+, ADU, and MH. The 2-4 category cannot be defensibly split into duplex versus 3-4-unit buildings from this source alone. Stage activity is counted only when the stage date is in the APR reporting year."
San Marcos,2024,Building Permit,Single-family attached,150.0,reported,HCD APR Table A2,2024,2026-10-07,Jurisdiction,Housing units (count),"HCD UNIT_CAT uses SFD, SFA, 2-4, 5+, ADU, and MH. The 2-4 category cannot be defensibly split into duplex versus 3-4-unit buildings from this source alone. Stage activity is counted only when the stage date is in the APR reporting year."
San Marcos,2024,Building Permit,Single-family detached,43.0,reported,HCD APR Table A2,2024,2026-10-07,Jurisdiction,Housing units (count),"HCD UNIT_CAT uses SFD, SFA, 2-4, 5+, ADU, and MH. The 2-4 category cannot be defensibly split into duplex versus 3-4-unit buildings from this source alone. Stage activity is counted only when the stage date is in the APR reporting year."
San Marcos,2024,Building Permit,Unknown / not reported,0.0,reported,HCD APR Table A2,2024,2026-10-07,Jurisdiction,Housing units (count),"HCD UNIT_CAT uses SFD, SFA, 2-4, 5+, ADU, and MH. The 2-4 category cannot be defensibly split into duplex versus 3-4-unit buildings from this source alone. Stage activity is counted only when the stage date is in the APR reporting year."
San Marcos,2024,Completion,2-4 unit building (combined),0.0,reported,HCD APR Table A2,2024,2026-10-07,Jurisdiction,Housing units (count),"HCD UNIT_CAT uses SFD, SFA, 2-4, 5+, ADU, and MH. The 2-4 category cannot be defensibly split into duplex versus 3-4-unit buildings from this source alone. Stage activity is counted only when the stage date is in the APR reporting year."
San Marcos,2024,Completion,5+ unit building,96.0,reported,HCD APR Table A2,2024,2026-10-07,Jurisdiction,Housing units (count),"HCD UNIT_CAT uses SFD, SFA, 2-4, 5+, ADU, and MH. The 2-4 category cannot be defensibly split into duplex versus 3-4-unit buildings from this source alone. Stage activity is counted only when the stage date is in the APR reporting year."
San Marcos,2024,Completion,Accessory dwelling unit,34.0,reported,HCD APR Table A2,2024,2026-10-07,Jurisdiction,Housing units (count),"HCD UNIT_CAT uses SFD, SFA, 2-4, 5+, ADU, and MH. The 2-4 category cannot be defensibly split into duplex versus 3-4-unit buildings from this source alone. Stage activity is counted only when the stage date is in the APR reporting year."
San Marcos,2024,Completion,Mobile home / manufactured home,0.0,reported,HCD APR Table A2,2024,2026-10-07,Jurisdiction,Housing units (count),"HCD UNIT_CAT uses SFD, SFA, 2-4, 5+, ADU, and MH. The 2-4 category cannot be defensibly split into duplex versus 3-4-unit buildings from this source alone. Stage activity is counted only when the stage date is in the APR reporting year."
San Marcos,2024,Completion,Other / source-reported,0.0,reported,HCD APR Table A2,2024,2026-10-07,Jurisdiction,Housing units (count),"HCD UNIT_CAT uses SFD, SFA, 2-4, 5+, ADU, and MH. The 2-4 category cannot be defensibly split into duplex versus 3-4-unit buildings from this source alone. Stage activity is counted only when the stage date is in the APR reporting year."
San Marcos,2024,Completion,Single-family attached,0.0,reported,HCD APR Table A2,2024,2026-10-07,Jurisdiction,Housing units (count),"HCD UNIT_CAT uses SFD, SFA, 2-4, 5+, ADU, and MH. The 2-4 category cannot be defensibly split into duplex versus 3-4-unit buildings from this source alone. Stage activity is counted only when the stage date is in the APR reporting year."
San Marcos,2024,Completion,Single-family detached,59.0,reported,HCD APR Table A2,2024,2026-10-07,Jurisdiction,Housing units (count),"HCD UNIT_CAT uses SFD, SFA, 2-4, 5+, ADU, and MH. The 2-4 category cannot be defensibly split into duplex versus 3-4-unit buildings from this source alone. Stage activity is counted only when the stage date is in the APR reporting year."
San Marcos,2024,Completion,Unknown / not reported,0.0,reported,HCD APR Table A2,2024,2026-10-07,Jurisdiction,Housing units (count),"HCD UNIT_CAT uses SFD, SFA, 2-4, 5+, ADU, and MH. The 2-4 category cannot be defensibly split into duplex versus 3-4-unit buildings from this source alone. Stage activity is counted only when the stage date is in the APR reporting year."
San Marcos,2025,Building Permit,2-4 unit building (combined),4.0,reported,HCD APR Table A2,2025,2026-10-07,Jurisdiction,Housing units (count),"HCD UNIT_CAT uses SFD, SFA, 2-4, 5+, ADU, and MH. The 2-4 category cannot be defensibly split into duplex versus 3-4-unit buildings from this source alone. Stage activity is counted only when the stage date is in the APR reporting year."
San Marcos,2025,Building Permit,5+ unit building,355.0,reported,HCD APR Table A2,2025,2026-10-07,Jurisdiction,Housing units (count),"HCD UNIT_CAT uses SFD, SFA, 2-4, 5+, ADU, and MH. The 2-4 category cannot be defensibly split into duplex versus 3-4-unit buildings from this source alone. Stage activity is counted only when the stage date is in the APR reporting year."
San Marcos,2025,Building Permit,Accessory dwelling unit,30.0,reported,HCD APR Table A2,2025,2026-10-07,Jurisdiction,Housing units (count),"HCD UNIT_CAT uses SFD, SFA, 2-4, 5+, ADU, and MH. The 2-4 category cannot be defensibly split into duplex versus 3-4-unit buildings from this source alone. Stage activity is counted only when the stage date is in the APR reporting year."
San Marcos,2025,Building Permit,Mobile home / manufactured home,0.0,reported,HCD APR Table A2,2025,2026-10-07,Jurisdiction,Housing units (count),"HCD UNIT_CAT uses SFD, SFA, 2-4, 5+, ADU, and MH. The 2-4 category cannot be defensibly split into duplex versus 3-4-unit buildings from this source alone. Stage activity is counted only when the stage date is in the APR reporting year."
San Marcos,2025,Building Permit,Other / source-reported,0.0,reported,HCD APR Table A2,2025,2026-10-07,Jurisdiction,Housing units (count),"HCD UNIT_CAT uses SFD, SFA, 2-4, 5+, ADU, and MH. The 2-4 category cannot be defensibly split into duplex versus 3-4-unit buildings from this source alone. Stage activity is counted only when the stage date is in the APR reporting year."
San Marcos,2025,Building Permit,Single-family attached,329.0,reported,HCD APR Table A2,2025,2026-10-07,Jurisdiction,Housing units (count),"HCD UNIT_CAT uses SFD, SFA, 2-4, 5+, ADU, and MH. The 2-4 category cannot be defensibly split into duplex versus 3-4-unit buildings from this source alone. Stage activity is counted only when the stage date is in the APR reporting year."
San Marcos,2025,Building Permit,Single-family detached,55.0,reported,HCD APR Table A2,2025,2026-10-07,Jurisdiction,Housing units (count),"HCD UNIT_CAT uses SFD, SFA, 2-4, 5+, ADU, and MH. The 2-4 category cannot be defensibly split into duplex versus 3-4-unit buildings from this source alone. Stage activity is counted only when the stage date is in the APR reporting year."
San Marcos,2025,Building Permit,Unknown / not reported,0.0,reported,HCD APR Table A2,2025,2026-10-07,Jurisdiction,Housing units (count),"HCD UNIT_CAT uses SFD, SFA, 2-4, 5+, ADU, and MH. The 2-4 category cannot be defensibly split into duplex versus 3-4-unit buildings from this source alone. Stage activity is counted only when the stage date is in the APR reporting year."
San Marcos,2025,Completion,2-4 unit building (combined),0.0,reported,HCD APR Table A2,2025,2026-10-07,Jurisdiction,Housing units (count),"HCD UNIT_CAT uses SFD, SFA, 2-4, 5+, ADU, and MH. The 2-4 category cannot be defensibly split into duplex versus 3-4-unit buildings from this source alone. Stage activity is counted only when the stage date is in the APR reporting year."
San Marcos,2025,Completion,5+ unit building,36.0,reported,HCD APR Table A2,2025,2026-10-07,Jurisdiction,Housing units (count),"HCD UNIT_CAT uses SFD, SFA, 2-4, 5+, ADU, and MH. The 2-4 category cannot be defensibly split into duplex versus 3-4-unit buildings from this source alone. Stage activity is counted only when the stage date is in the APR reporting year."
San Marcos,2025,Completion,Accessory dwelling unit,32.0,reported,HCD APR Table A2,2025,2026-10-07,Jurisdiction,Housing units (count),"HCD UNIT_CAT uses SFD, SFA, 2-4, 5+, ADU, and MH. The 2-4 category cannot be defensibly split into duplex versus 3-4-unit buildings from this source alone. Stage activity is counted only when the stage date is in the APR reporting year."
San Marcos,2025,Completion,Mobile home / manufactured home,0.0,reported,HCD APR Table A2,2025,2026-10-07,Jurisdiction,Housing units (count),"HCD UNIT_CAT uses SFD, SFA, 2-4, 5+, ADU, and MH. The 2-4 category cannot be defensibly split into duplex versus 3-4-unit buildings from this source alone. Stage activity is counted only when the stage date is in the APR reporting year."
San Marcos,2025,Completion,Other / source-reported,0.0,reported,HCD APR Table A2,2025,2026-10-07,Jurisdiction,Housing units (count),"HCD UNIT_CAT uses SFD, SFA, 2-4, 5+, ADU, and MH. The 2-4 category cannot be defensibly split into duplex versus 3-4-unit buildings from this source alone. Stage activity is counted only when the stage date is in the APR reporting year."
San Marcos,2025,Completion,Single-family attached,173.0,reported,HCD APR Table A2,2025,2026-10-07,Jurisdiction,Housing units (count),"HCD UNIT_CAT uses SFD, SFA, 2-4, 5+, ADU, and MH. The 2-4 category cannot be defensibly split into duplex versus 3-4-unit buildings from this source alone. Stage activity is counted only when the stage date is in the APR reporting year."
San Marcos,2025,Completion,Single-family detached,56.0,reported,HCD APR Table A2,2025,2026-10-07,Jurisdiction,Housing units (count),"HCD UNIT_CAT uses SFD, SFA, 2-4, 5+, ADU, and MH. The 2-4 category cannot be defensibly split into duplex versus 3-4-unit buildings from this source alone. Stage activity is counted only when the stage date is in the APR reporting year."
San Marcos,2025,Completion,Unknown / not reported,0.0,reported,HCD APR Table A2,2025,2026-10-07,Jurisdiction,Housing units (count),"HCD UNIT_CAT uses SFD, SFA, 2-4, 5+, ADU, and MH. The 2-4 category cannot be defensibly split into duplex versus 3-4-unit buildings from this source alone. Stage activity is counted only when the stage date is in the APR reporting year."
Santee,2018,Building Permit,2-4 unit building (combined),0.0,reported,HCD APR Table A2,2018,2026-10-07,Jurisdiction,Housing units (count),"HCD UNIT_CAT uses SFD, SFA, 2-4, 5+, ADU, and MH. The 2-4 category cannot be defensibly split into duplex versus 3-4-unit buildings from this source alone. Stage activity is counted only when the stage date is in the APR reporting year."
Santee,2018,Building Permit,5+ unit building,113.0,reported,HCD APR Table A2,2018,2026-10-07,Jurisdiction,Housing units (count),"HCD UNIT_CAT uses SFD, SFA, 2-4, 5+, ADU, and MH. The 2-4 category cannot be defensibly split into duplex versus 3-4-unit buildings from this source alone. Stage activity is counted only when the stage date is in the APR reporting year."
Santee,2018,Building Permit,Accessory dwelling unit,1.0,reported,HCD APR Table A2,2018,2026-10-07,Jurisdiction,Housing units (count),"HCD UNIT_CAT uses SFD, SFA, 2-4, 5+, ADU, and MH. The 2-4 category cannot be defensibly split into duplex versus 3-4-unit buildings from this source alone. Stage activity is counted only when the stage date is in the APR reporting year."
Santee,2018,Building Permit,Mobile home / manufactured home,1.0,reported,HCD APR Table A2,2018,2026-10-07,Jurisdiction,Housing units (count),"HCD UNIT_CAT uses SFD, SFA, 2-4, 5+, ADU, and MH. The 2-4 category cannot be defensibly split into duplex versus 3-4-unit buildings from this source alone. Stage activity is counted only when the stage date is in the APR reporting year."
Santee,2018,Building Permit,Other / source-reported,0.0,reported,HCD APR Table A2,2018,2026-10-07,Jurisdiction,Housing units (count),"HCD UNIT_CAT uses SFD, SFA, 2-4, 5+, ADU, and MH. The 2-4 category cannot be defensibly split into duplex versus 3-4-unit buildings from this source alone. Stage activity is counted only when the stage date is in the APR reporting year."
Santee,2018,Building Permit,Single-family attached,18.0,reported,HCD APR Table A2,2018,2026-10-07,Jurisdiction,Housing units (count),"HCD UNIT_CAT uses SFD, SFA, 2-4, 5+, ADU, and MH. The 2-4 category cannot be defensibly split into duplex versus 3-4-unit buildings from this source alone. Stage activity is counted only when the stage date is in the APR reporting year."
Santee,2018,Building Permit,Single-family detached,24.0,reported,HCD APR Table A2,2018,2026-10-07,Jurisdiction,Housing units (count),"HCD UNIT_CAT uses SFD, SFA, 2-4, 5+, ADU, and MH. The 2-4 category cannot be defensibly split into duplex versus 3-4-unit buildings from this source alone. Stage activity is counted only when the stage date is in the APR reporting year."
Santee,2018,Building Permit,Unknown / not reported,0.0,reported,HCD APR Table A2,2018,2026-10-07,Jurisdiction,Housing units (count),"HCD UNIT_CAT uses SFD, SFA, 2-4, 5+, ADU, and MH. The 2-4 category cannot be defensibly split into duplex versus 3-4-unit buildings from this source alone. Stage activity is counted only when the stage date is in the APR reporting year."
Santee,2018,Completion,2-4 unit building (combined),0.0,reported,HCD APR Table A2,2018,2026-10-07,Jurisdiction,Housing units (count),"HCD UNIT_CAT uses SFD, SFA, 2-4, 5+, ADU, and MH. The 2-4 category cannot be defensibly split into duplex versus 3-4-unit buildings from this source alone. Stage activity is counted only when the stage date is in the APR reporting year."
Santee,2018,Completion,5+ unit building,0.0,reported,HCD APR Table A2,2018,2026-10-07,Jurisdiction,Housing units (count),"HCD UNIT_CAT uses SFD, SFA, 2-4, 5+, ADU, and MH. The 2-4 category cannot be defensibly split into duplex versus 3-4-unit buildings from this source alone. Stage activity is counted only when the stage date is in the APR reporting year."
Santee,2018,Completion,Accessory dwelling unit,0.0,reported,HCD APR Table A2,2018,2026-10-07,Jurisdiction,Housing units (count),"HCD UNIT_CAT uses SFD, SFA, 2-4, 5+, ADU, and MH. The 2-4 category cannot be defensibly split into duplex versus 3-4-unit buildings from this source alone. Stage activity is counted only when the stage date is in the APR reporting year."
Santee,2018,Completion,Mobile home / manufactured home,0.0,reported,HCD APR Table A2,2018,2026-10-07,Jurisdiction,Housing units (count),"HCD UNIT_CAT uses SFD, SFA, 2-4, 5+, ADU, and MH. The 2-4 category cannot be defensibly split into duplex versus 3-4-unit buildings from this source alone. Stage activity is counted only when the stage date is in the APR reporting year."
Santee,2018,Completion,Other / source-reported,0.0,reported,HCD APR Table A2,2018,2026-10-07,Jurisdiction,Housing units (count),"HCD UNIT_CAT uses SFD, SFA, 2-4, 5+, ADU, and MH. The 2-4 category cannot be defensibly split into duplex versus 3-4-unit buildings from this source alone. Stage activity is counted only when the stage date is in the APR reporting year."
Santee,2018,Completion,Single-family attached,0.0,reported,HCD APR Table A2,2018,2026-10-07,Jurisdiction,Housing units (count),"HCD UNIT_CAT uses SFD, SFA, 2-4, 5+, ADU, and MH. The 2-4 category cannot be defensibly split into duplex versus 3-4-unit buildings from this source alone. Stage activity is counted only when the stage date is in the APR reporting year."
Santee,2018,Completion,Single-family detached,106.0,reported,HCD APR Table A2,2018,2026-10-07,Jurisdiction,Housing units (count),"HCD UNIT_CAT uses SFD, SFA, 2-4, 5+, ADU, and MH. The 2-4 category cannot be defensibly split into duplex versus 3-4-unit buildings from this source alone. Stage activity is counted only when the stage date is in the APR reporting year."
Santee,2018,Completion,Unknown / not reported,0.0,reported,HCD APR Table A2,2018,2026-10-07,Jurisdiction,Housing units (count),"HCD UNIT_CAT uses SFD, SFA, 2-4, 5+, ADU, and MH. The 2-4 category cannot be defensibly split into duplex versus 3-4-unit buildings from this source alone. Stage activity is counted only when the stage date is in the APR reporting year."
Santee,2019,Building Permit,2-4 unit building (combined),0.0,reported,HCD APR Table A2,2019,2026-10-07,Jurisdiction,Housing units (count),"HCD UNIT_CAT uses SFD, SFA, 2-4, 5+, ADU, and MH. The 2-4 category cannot be defensibly split into duplex versus 3-4-unit buildings from this source alone. Stage activity is counted only when the stage date is in the APR reporting year."
Santee,2019,Building Permit,5+ unit building,113.0,reported,HCD APR Table A2,2019,2026-10-07,Jurisdiction,Housing units (count),"HCD UNIT_CAT uses SFD, SFA, 2-4, 5+, ADU, and MH. The 2-4 category cannot be defensibly split into duplex versus 3-4-unit buildings from this source alone. Stage activity is counted only when the stage date is in the APR reporting year."
Santee,2019,Building Permit,Accessory dwelling unit,1.0,reported,HCD APR Table A2,2019,2026-10-07,Jurisdiction,Housing units (count),"HCD UNIT_CAT uses SFD, SFA, 2-4, 5+, ADU, and MH. The 2-4 category cannot be defensibly split into duplex versus 3-4-unit buildings from this source alone. Stage activity is counted only when the stage date is in the APR reporting year."
Santee,2019,Building Permit,Mobile home / manufactured home,0.0,reported,HCD APR Table A2,2019,2026-10-07,Jurisdiction,Housing units (count),"HCD UNIT_CAT uses SFD, SFA, 2-4, 5+, ADU, and MH. The 2-4 category cannot be defensibly split into duplex versus 3-4-unit buildings from this source alone. Stage activity is counted only when the stage date is in the APR reporting year."
Santee,2019,Building Permit,Other / source-reported,0.0,reported,HCD APR Table A2,2019,2026-10-07,Jurisdiction,Housing units (count),"HCD UNIT_CAT uses SFD, SFA, 2-4, 5+, ADU, and MH. The 2-4 category cannot be defensibly split into duplex versus 3-4-unit buildings from this source alone. Stage activity is counted only when the stage date is in the APR reporting year."
Santee,2019,Building Permit,Single-family attached,0.0,reported,HCD APR Table A2,2019,2026-10-07,Jurisdiction,Housing units (count),"HCD UNIT_CAT uses SFD, SFA, 2-4, 5+, ADU, and MH. The 2-4 category cannot be defensibly split into duplex versus 3-4-unit buildings from this source alone. Stage activity is counted only when the stage date is in the APR reporting year."
Santee,2019,Building Permit,Single-family detached,1.0,reported,HCD APR Table A2,2019,2026-10-07,Jurisdiction,Housing units (count),"HCD UNIT_CAT uses SFD, SFA, 2-4, 5+, ADU, and MH. The 2-4 category cannot be defensibly split into duplex versus 3-4-unit buildings from this source alone. Stage activity is counted only when the stage date is in the APR reporting year."
Santee,2019,Building Permit,Unknown / not reported,0.0,reported,HCD APR Table A2,2019,2026-10-07,Jurisdiction,Housing units (count),"HCD UNIT_CAT uses SFD, SFA, 2-4, 5+, ADU, and MH. The 2-4 category cannot be defensibly split into duplex versus 3-4-unit buildings from this source alone. Stage activity is counted only when the stage date is in the APR reporting year."
Santee,2019,Completion,2-4 unit building (combined),0.0,reported,HCD APR Table A2,2019,2026-10-07,Jurisdiction,Housing units (count),"HCD UNIT_CAT uses SFD, SFA, 2-4, 5+, ADU, and MH. The 2-4 category cannot be defensibly split into duplex versus 3-4-unit buildings from this source alone. Stage activity is counted only when the stage date is in the APR reporting year."
Santee,2019,Completion,5+ unit building,0.0,reported,HCD APR Table A2,2019,2026-10-07,Jurisdiction,Housing units (count),"HCD UNIT_CAT uses SFD, SFA, 2-4, 5+, ADU, and MH. The 2-4 category cannot be defensibly split into duplex versus 3-4-unit buildings from this source alone. Stage activity is counted only when the stage date is in the APR reporting year."
Santee,2019,Completion,Accessory dwelling unit,1.0,reported,HCD APR Table A2,2019,2026-10-07,Jurisdiction,Housing units (count),"HCD UNIT_CAT uses SFD, SFA, 2-4, 5+, ADU, and MH. The 2-4 category cannot be defensibly split into duplex versus 3-4-unit buildings from this source alone. Stage activity is counted only when the stage date is in the APR reporting year."
Santee,2019,Completion,Mobile home / manufactured home,0.0,reported,HCD APR Table A2,2019,2026-10-07,Jurisdiction,Housing units (count),"HCD UNIT_CAT uses SFD, SFA, 2-4, 5+, ADU, and MH. The 2-4 category cannot be defensibly split into duplex versus 3-4-unit buildings from this source alone. Stage activity is counted only when the stage date is in the APR reporting year."
Santee,2019,Completion,Other / source-reported,0.0,reported,HCD APR Table A2,2019,2026-10-07,Jurisdiction,Housing units (count),"HCD UNIT_CAT uses SFD, SFA, 2-4, 5+, ADU, and MH. The 2-4 category cannot be defensibly split into duplex versus 3-4-unit buildings from this source alone. Stage activity is counted only when the stage date is in the APR reporting year."
Santee,2019,Completion,Single-family attached,22.0,reported,HCD APR Table A2,2019,2026-10-07,Jurisdiction,Housing units (count),"HCD UNIT_CAT uses SFD, SFA, 2-4, 5+, ADU, and MH. The 2-4 category cannot be defensibly split into duplex versus 3-4-unit buildings from this source alone. Stage activity is counted only when the stage date is in the APR reporting year."
Santee,2019,Completion,Single-family detached,18.0,reported,HCD APR Table A2,2019,2026-10-07,Jurisdiction,Housing units (count),"HCD UNIT_CAT uses SFD, SFA, 2-4, 5+, ADU, and MH. The 2-4 category cannot be defensibly split into duplex versus 3-4-unit buildings from this source alone. Stage activity is counted only when the stage date is in the APR reporting year."
Santee,2019,Completion,Unknown / not reported,0.0,reported,HCD APR Table A2,2019,2026-10-07,Jurisdiction,Housing units (count),"HCD UNIT_CAT uses SFD, SFA, 2-4, 5+, ADU, and MH. The 2-4 category cannot be defensibly split into duplex versus 3-4-unit buildings from this source alone. Stage activity is counted only when the stage date is in the APR reporting year."
Santee,2020,Building Permit,2-4 unit building (combined),0.0,reported,HCD APR Table A2,2020,2026-10-07,Jurisdiction,Housing units (count),"HCD UNIT_CAT uses SFD, SFA, 2-4, 5+, ADU, and MH. The 2-4 category cannot be defensibly split into duplex versus 3-4-unit buildings from this source alone. Stage activity is counted only when the stage date is in the APR reporting year."
Santee,2020,Building Permit,5+ unit building,220.0,reported,HCD APR Table A2,2020,2026-10-07,Jurisdiction,Housing units (count),"HCD UNIT_CAT uses SFD, SFA, 2-4, 5+, ADU, and MH. The 2-4 category cannot be defensibly split into duplex versus 3-4-unit buildings from this source alone. Stage activity is counted only when the stage date is in the APR reporting year."
Santee,2020,Building Permit,Accessory dwelling unit,3.0,reported,HCD APR Table A2,2020,2026-10-07,Jurisdiction,Housing units (count),"HCD UNIT_CAT uses SFD, SFA, 2-4, 5+, ADU, and MH. The 2-4 category cannot be defensibly split into duplex versus 3-4-unit buildings from this source alone. Stage activity is counted only when the stage date is in the APR reporting year."
Santee,2020,Building Permit,Mobile home / manufactured home,0.0,reported,HCD APR Table A2,2020,2026-10-07,Jurisdiction,Housing units (count),"HCD UNIT_CAT uses SFD, SFA, 2-4, 5+, ADU, and MH. The 2-4 category cannot be defensibly split into duplex versus 3-4-unit buildings from this source alone. Stage activity is counted only when the stage date is in the APR reporting year."
Santee,2020,Building Permit,Other / source-reported,0.0,reported,HCD APR Table A2,2020,2026-10-07,Jurisdiction,Housing units (count),"HCD UNIT_CAT uses SFD, SFA, 2-4, 5+, ADU, and MH. The 2-4 category cannot be defensibly split into duplex versus 3-4-unit buildings from this source alone. Stage activity is counted only when the stage date is in the APR reporting year."
Santee,2020,Building Permit,Single-family attached,2.0,reported,HCD APR Table A2,2020,2026-10-07,Jurisdiction,Housing units (count),"HCD UNIT_CAT uses SFD, SFA, 2-4, 5+, ADU, and MH. The 2-4 category cannot be defensibly split into duplex versus 3-4-unit buildings from this source alone. Stage activity is counted only when the stage date is in the APR reporting year."
Santee,2020,Building Permit,Single-family detached,2.0,reported,HCD APR Table A2,2020,2026-10-07,Jurisdiction,Housing units (count),"HCD UNIT_CAT uses SFD, SFA, 2-4, 5+, ADU, and MH. The 2-4 category cannot be defensibly split into duplex versus 3-4-unit buildings from this source alone. Stage activity is counted only when the stage date is in the APR reporting year."
Santee,2020,Building Permit,Unknown / not reported,0.0,reported,HCD APR Table A2,2020,2026-10-07,Jurisdiction,Housing units (count),"HCD UNIT_CAT uses SFD, SFA, 2-4, 5+, ADU, and MH. The 2-4 category cannot be defensibly split into duplex versus 3-4-unit buildings from this source alone. Stage activity is counted only when the stage date is in the APR reporting year."
Santee,2020,Completion,2-4 unit building (combined),0.0,reported,HCD APR Table A2,2020,2026-10-07,Jurisdiction,Housing units (count),"HCD UNIT_CAT uses SFD, SFA, 2-4, 5+, ADU, and MH. The 2-4 category cannot be defensibly split into duplex versus 3-4-unit buildings from this source alone. Stage activity is counted only when the stage date is in the APR reporting year."
Santee,2020,Completion,5+ unit building,128.0,reported,HCD APR Table A2,2020,2026-10-07,Jurisdiction,Housing units (count),"HCD UNIT_CAT uses SFD, SFA, 2-4, 5+, ADU, and MH. The 2-4 category cannot be defensibly split into duplex versus 3-4-unit buildings from this source alone. Stage activity is counted only when the stage date is in the APR reporting year."
Santee,2020,Completion,Accessory dwelling unit,2.0,reported,HCD APR Table A2,2020,2026-10-07,Jurisdiction,Housing units (count),"HCD UNIT_CAT uses SFD, SFA, 2-4, 5+, ADU, and MH. The 2-4 category cannot be defensibly split into duplex versus 3-4-unit buildings from this source alone. Stage activity is counted only when the stage date is in the APR reporting year."
Santee,2020,Completion,Mobile home / manufactured home,0.0,reported,HCD APR Table A2,2020,2026-10-07,Jurisdiction,Housing units (count),"HCD UNIT_CAT uses SFD, SFA, 2-4, 5+, ADU, and MH. The 2-4 category cannot be defensibly split into duplex versus 3-4-unit buildings from this source alone. Stage activity is counted only when the stage date is in the APR reporting year."
Santee,2020,Completion,Other / source-reported,0.0,reported,HCD APR Table A2,2020,2026-10-07,Jurisdiction,Housing units (count),"HCD UNIT_CAT uses SFD, SFA, 2-4, 5+, ADU, and MH. The 2-4 category cannot be defensibly split into duplex versus 3-4-unit buildings from this source alone. Stage activity is counted only when the stage date is in the APR reporting year."
Santee,2020,Completion,Single-family attached,0.0,reported,HCD APR Table A2,2020,2026-10-07,Jurisdiction,Housing units (count),"HCD UNIT_CAT uses SFD, SFA, 2-4, 5+, ADU, and MH. The 2-4 category cannot be defensibly split into duplex versus 3-4-unit buildings from this source alone. Stage activity is counted only when the stage date is in the APR reporting year."
Santee,2020,Completion,Single-family detached,1.0,reported,HCD APR Table A2,2020,2026-10-07,Jurisdiction,Housing units (count),"HCD UNIT_CAT uses SFD, SFA, 2-4, 5+, ADU, and MH. The 2-4 category cannot be defensibly split into duplex versus 3-4-unit buildings from this source alone. Stage activity is counted only when the stage date is in the APR reporting year."
Santee,2020,Completion,Unknown / not reported,0.0,reported,HCD APR Table A2,2020,2026-10-07,Jurisdiction,Housing units (count),"HCD UNIT_CAT uses SFD, SFA, 2-4, 5+, ADU, and MH. The 2-4 category cannot be defensibly split into duplex versus 3-4-unit buildings from this source alone. Stage activity is counted only when the stage date is in the APR reporting year."
Santee,2021,Building Permit,2-4 unit building (combined),0.0,reported,HCD APR Table A2,2021,2026-10-07,Jurisdiction,Housing units (count),"HCD UNIT_CAT uses SFD, SFA, 2-4, 5+, ADU, and MH. The 2-4 category cannot be defensibly split into duplex versus 3-4-unit buildings from this source alone. Stage activity is counted only when the stage date is in the APR reporting year."
Santee,2021,Building Permit,5+ unit building,142.0,reported,HCD APR Table A2,2021,2026-10-07,Jurisdiction,Housing units (count),"HCD UNIT_CAT uses SFD, SFA, 2-4, 5+, ADU, and MH. The 2-4 category cannot be defensibly split into duplex versus 3-4-unit buildings from this source alone. Stage activity is counted only when the stage date is in the APR reporting year."
Santee,2021,Building Permit,Accessory dwelling unit,13.0,reported,HCD APR Table A2,2021,2026-10-07,Jurisdiction,Housing units (count),"HCD UNIT_CAT uses SFD, SFA, 2-4, 5+, ADU, and MH. The 2-4 category cannot be defensibly split into duplex versus 3-4-unit buildings from this source alone. Stage activity is counted only when the stage date is in the APR reporting year."
Santee,2021,Building Permit,Mobile home / manufactured home,0.0,reported,HCD APR Table A2,2021,2026-10-07,Jurisdiction,Housing units (count),"HCD UNIT_CAT uses SFD, SFA, 2-4, 5+, ADU, and MH. The 2-4 category cannot be defensibly split into duplex versus 3-4-unit buildings from this source alone. Stage activity is counted only when the stage date is in the APR reporting year."
Santee,2021,Building Permit,Other / source-reported,0.0,reported,HCD APR Table A2,2021,2026-10-07,Jurisdiction,Housing units (count),"HCD UNIT_CAT uses SFD, SFA, 2-4, 5+, ADU, and MH. The 2-4 category cannot be defensibly split into duplex versus 3-4-unit buildings from this source alone. Stage activity is counted only when the stage date is in the APR reporting year."
Santee,2021,Building Permit,Single-family attached,0.0,reported,HCD APR Table A2,2021,2026-10-07,Jurisdiction,Housing units (count),"HCD UNIT_CAT uses SFD, SFA, 2-4, 5+, ADU, and MH. The 2-4 category cannot be defensibly split into duplex versus 3-4-unit buildings from this source alone. Stage activity is counted only when the stage date is in the APR reporting year."
Santee,2021,Building Permit,Single-family detached,6.0,reported,HCD APR Table A2,2021,2026-10-07,Jurisdiction,Housing units (count),"HCD UNIT_CAT uses SFD, SFA, 2-4, 5+, ADU, and MH. The 2-4 category cannot be defensibly split into duplex versus 3-4-unit buildings from this source alone. Stage activity is counted only when the stage date is in the APR reporting year."
Santee,2021,Building Permit,Unknown / not reported,0.0,reported,HCD APR Table A2,2021,2026-10-07,Jurisdiction,Housing units (count),"HCD UNIT_CAT uses SFD, SFA, 2-4, 5+, ADU, and MH. The 2-4 category cannot be defensibly split into duplex versus 3-4-unit buildings from this source alone. Stage activity is counted only when the stage date is in the APR reporting year."
Santee,2021,Completion,2-4 unit building (combined),0.0,reported,HCD APR Table A2,2021,2026-10-07,Jurisdiction,Housing units (count),"HCD UNIT_CAT uses SFD, SFA, 2-4, 5+, ADU, and MH. The 2-4 category cannot be defensibly split into duplex versus 3-4-unit buildings from this source alone. Stage activity is counted only when the stage date is in the APR reporting year."
Santee,2021,Completion,5+ unit building,110.0,reported,HCD APR Table A2,2021,2026-10-07,Jurisdiction,Housing units (count),"HCD UNIT_CAT uses SFD, SFA, 2-4, 5+, ADU, and MH. The 2-4 category cannot be defensibly split into duplex versus 3-4-unit buildings from this source alone. Stage activity is counted only when the stage date is in the APR reporting year."
Santee,2021,Completion,Accessory dwelling unit,8.0,reported,HCD APR Table A2,2021,2026-10-07,Jurisdiction,Housing units (count),"HCD UNIT_CAT uses SFD, SFA, 2-4, 5+, ADU, and MH. The 2-4 category cannot be defensibly split into duplex versus 3-4-unit buildings from this source alone. Stage activity is counted only when the stage date is in the APR reporting year."
Santee,2021,Completion,Mobile home / manufactured home,0.0,reported,HCD APR Table A2,2021,2026-10-07,Jurisdiction,Housing units (count),"HCD UNIT_CAT uses SFD, SFA, 2-4, 5+, ADU, and MH. The 2-4 category cannot be defensibly split into duplex versus 3-4-unit buildings from this source alone. Stage activity is counted only when the stage date is in the APR reporting year."
Santee,2021,Completion,Other / source-reported,0.0,reported,HCD APR Table A2,2021,2026-10-07,Jurisdiction,Housing units (count),"HCD UNIT_CAT uses SFD, SFA, 2-4, 5+, ADU, and MH. The 2-4 category cannot be defensibly split into duplex versus 3-4-unit buildings from this source alone. Stage activity is counted only when the stage date is in the APR reporting year."
Santee,2021,Completion,Single-family attached,0.0,reported,HCD APR Table A2,2021,2026-10-07,Jurisdiction,Housing units (count),"HCD UNIT_CAT uses SFD, SFA, 2-4, 5+, ADU, and MH. The 2-4 category cannot be defensibly split into duplex versus 3-4-unit buildings from this source alone. Stage activity is counted only when the stage date is in the APR reporting year."
Santee,2021,Completion,Single-family detached,4.0,reported,HCD APR Table A2,2021,2026-10-07,Jurisdiction,Housing units (count),"HCD UNIT_CAT uses SFD, SFA, 2-4, 5+, ADU, and MH. The 2-4 category cannot be defensibly split into duplex versus 3-4-unit buildings from this source alone. Stage activity is counted only when the stage date is in the APR reporting year."
Santee,2021,Completion,Unknown / not reported,0.0,reported,HCD APR Table A2,2021,2026-10-07,Jurisdiction,Housing units (count),"HCD UNIT_CAT uses SFD, SFA, 2-4, 5+, ADU, and MH. The 2-4 category cannot be defensibly split into duplex versus 3-4-unit buildings from this source alone. Stage activity is counted only when the stage date is in the APR reporting year."
Santee,2022,Building Permit,2-4 unit building (combined),0.0,reported,HCD APR Table A2,2022,2026-10-07,Jurisdiction,Housing units (count),"HCD UNIT_CAT uses SFD, SFA, 2-4, 5+, ADU, and MH. The 2-4 category cannot be defensibly split into duplex versus 3-4-unit buildings from this source alone. Stage activity is counted only when the stage date is in the APR reporting year."
Santee,2022,Building Permit,5+ unit building,62.0,reported,HCD APR Table A2,2022,2026-10-07,Jurisdiction,Housing units (count),"HCD UNIT_CAT uses SFD, SFA, 2-4, 5+, ADU, and MH. The 2-4 category cannot be defensibly split into duplex versus 3-4-unit buildings from this source alone. Stage activity is counted only when the stage date is in the APR reporting year."
Santee,2022,Building Permit,Accessory dwelling unit,18.0,reported,HCD APR Table A2,2022,2026-10-07,Jurisdiction,Housing units (count),"HCD UNIT_CAT uses SFD, SFA, 2-4, 5+, ADU, and MH. The 2-4 category cannot be defensibly split into duplex versus 3-4-unit buildings from this source alone. Stage activity is counted only when the stage date is in the APR reporting year."
Santee,2022,Building Permit,Mobile home / manufactured home,0.0,reported,HCD APR Table A2,2022,2026-10-07,Jurisdiction,Housing units (count),"HCD UNIT_CAT uses SFD, SFA, 2-4, 5+, ADU, and MH. The 2-4 category cannot be defensibly split into duplex versus 3-4-unit buildings from this source alone. Stage activity is counted only when the stage date is in the APR reporting year."
Santee,2022,Building Permit,Other / source-reported,0.0,reported,HCD APR Table A2,2022,2026-10-07,Jurisdiction,Housing units (count),"HCD UNIT_CAT uses SFD, SFA, 2-4, 5+, ADU, and MH. The 2-4 category cannot be defensibly split into duplex versus 3-4-unit buildings from this source alone. Stage activity is counted only when the stage date is in the APR reporting year."
Santee,2022,Building Permit,Single-family attached,44.0,reported,HCD APR Table A2,2022,2026-10-07,Jurisdiction,Housing units (count),"HCD UNIT_CAT uses SFD, SFA, 2-4, 5+, ADU, and MH. The 2-4 category cannot be defensibly split into duplex versus 3-4-unit buildings from this source alone. Stage activity is counted only when the stage date is in the APR reporting year."
Santee,2022,Building Permit,Single-family detached,35.0,reported,HCD APR Table A2,2022,2026-10-07,Jurisdiction,Housing units (count),"HCD UNIT_CAT uses SFD, SFA, 2-4, 5+, ADU, and MH. The 2-4 category cannot be defensibly split into duplex versus 3-4-unit buildings from this source alone. Stage activity is counted only when the stage date is in the APR reporting year."
Santee,2022,Building Permit,Unknown / not reported,0.0,reported,HCD APR Table A2,2022,2026-10-07,Jurisdiction,Housing units (count),"HCD UNIT_CAT uses SFD, SFA, 2-4, 5+, ADU, and MH. The 2-4 category cannot be defensibly split into duplex versus 3-4-unit buildings from this source alone. Stage activity is counted only when the stage date is in the APR reporting year."
Santee,2022,Completion,2-4 unit building (combined),0.0,reported,HCD APR Table A2,2022,2026-10-07,Jurisdiction,Housing units (count),"HCD UNIT_CAT uses SFD, SFA, 2-4, 5+, ADU, and MH. The 2-4 category cannot be defensibly split into duplex versus 3-4-unit buildings from this source alone. Stage activity is counted only when the stage date is in the APR reporting year."
Santee,2022,Completion,5+ unit building,113.0,reported,HCD APR Table A2,2022,2026-10-07,Jurisdiction,Housing units (count),"HCD UNIT_CAT uses SFD, SFA, 2-4, 5+, ADU, and MH. The 2-4 category cannot be defensibly split into duplex versus 3-4-unit buildings from this source alone. Stage activity is counted only when the stage date is in the APR reporting year."
Santee,2022,Completion,Accessory dwelling unit,17.0,reported,HCD APR Table A2,2022,2026-10-07,Jurisdiction,Housing units (count),"HCD UNIT_CAT uses SFD, SFA, 2-4, 5+, ADU, and MH. The 2-4 category cannot be defensibly split into duplex versus 3-4-unit buildings from this source alone. Stage activity is counted only when the stage date is in the APR reporting year."
Santee,2022,Completion,Mobile home / manufactured home,0.0,reported,HCD APR Table A2,2022,2026-10-07,Jurisdiction,Housing units (count),"HCD UNIT_CAT uses SFD, SFA, 2-4, 5+, ADU, and MH. The 2-4 category cannot be defensibly split into duplex versus 3-4-unit buildings from this source alone. Stage activity is counted only when the stage date is in the APR reporting year."
Santee,2022,Completion,Other / source-reported,0.0,reported,HCD APR Table A2,2022,2026-10-07,Jurisdiction,Housing units (count),"HCD UNIT_CAT uses SFD, SFA, 2-4, 5+, ADU, and MH. The 2-4 category cannot be defensibly split into duplex versus 3-4-unit buildings from this source alone. Stage activity is counted only when the stage date is in the APR reporting year."
Santee,2022,Completion,Single-family attached,134.0,reported,HCD APR Table A2,2022,2026-10-07,Jurisdiction,Housing units (count),"HCD UNIT_CAT uses SFD, SFA, 2-4, 5+, ADU, and MH. The 2-4 category cannot be defensibly split into duplex versus 3-4-unit buildings from this source alone. Stage activity is counted only when the stage date is in the APR reporting year."
Santee,2022,Completion,Single-family detached,8.0,reported,HCD APR Table A2,2022,2026-10-07,Jurisdiction,Housing units (count),"HCD UNIT_CAT uses SFD, SFA, 2-4, 5+, ADU, and MH. The 2-4 category cannot be defensibly split into duplex versus 3-4-unit buildings from this source alone. Stage activity is counted only when the stage date is in the APR reporting year."
Santee,2022,Completion,Unknown / not reported,0.0,reported,HCD APR Table A2,2022,2026-10-07,Jurisdiction,Housing units (count),"HCD UNIT_CAT uses SFD, SFA, 2-4, 5+, ADU, and MH. The 2-4 category cannot be defensibly split into duplex versus 3-4-unit buildings from this source alone. Stage activity is counted only when the stage date is in the APR reporting year."
Santee,2023,Building Permit,2-4 unit building (combined),0.0,reported,HCD APR Table A2,2023,2026-10-07,Jurisdiction,Housing units (count),"HCD UNIT_CAT uses SFD, SFA, 2-4, 5+, ADU, and MH. The 2-4 category cannot be defensibly split into duplex versus 3-4-unit buildings from this source alone. Stage activity is counted only when the stage date is in the APR reporting year."
Santee,2023,Building Permit,5+ unit building,25.0,reported,HCD APR Table A2,2023,2026-10-07,Jurisdiction,Housing units (count),"HCD UNIT_CAT uses SFD, SFA, 2-4, 5+, ADU, and MH. The 2-4 category cannot be defensibly split into duplex versus 3-4-unit buildings from this source alone. Stage activity is counted only when the stage date is in the APR reporting year."
Santee,2023,Building Permit,Accessory dwelling unit,17.0,reported,HCD APR Table A2,2023,2026-10-07,Jurisdiction,Housing units (count),"HCD UNIT_CAT uses SFD, SFA, 2-4, 5+, ADU, and MH. The 2-4 category cannot be defensibly split into duplex versus 3-4-unit buildings from this source alone. Stage activity is counted only when the stage date is in the APR reporting year."
Santee,2023,Building Permit,Mobile home / manufactured home,0.0,reported,HCD APR Table A2,2023,2026-10-07,Jurisdiction,Housing units (count),"HCD UNIT_CAT uses SFD, SFA, 2-4, 5+, ADU, and MH. The 2-4 category cannot be defensibly split into duplex versus 3-4-unit buildings from this source alone. Stage activity is counted only when the stage date is in the APR reporting year."
Santee,2023,Building Permit,Other / source-reported,0.0,reported,HCD APR Table A2,2023,2026-10-07,Jurisdiction,Housing units (count),"HCD UNIT_CAT uses SFD, SFA, 2-4, 5+, ADU, and MH. The 2-4 category cannot be defensibly split into duplex versus 3-4-unit buildings from this source alone. Stage activity is counted only when the stage date is in the APR reporting year."
Santee,2023,Building Permit,Single-family attached,0.0,reported,HCD APR Table A2,2023,2026-10-07,Jurisdiction,Housing units (count),"HCD UNIT_CAT uses SFD, SFA, 2-4, 5+, ADU, and MH. The 2-4 category cannot be defensibly split into duplex versus 3-4-unit buildings from this source alone. Stage activity is counted only when the stage date is in the APR reporting year."
Santee,2023,Building Permit,Single-family detached,44.0,reported,HCD APR Table A2,2023,2026-10-07,Jurisdiction,Housing units (count),"HCD UNIT_CAT uses SFD, SFA, 2-4, 5+, ADU, and MH. The 2-4 category cannot be defensibly split into duplex versus 3-4-unit buildings from this source alone. Stage activity is counted only when the stage date is in the APR reporting year."
Santee,2023,Building Permit,Unknown / not reported,0.0,reported,HCD APR Table A2,2023,2026-10-07,Jurisdiction,Housing units (count),"HCD UNIT_CAT uses SFD, SFA, 2-4, 5+, ADU, and MH. The 2-4 category cannot be defensibly split into duplex versus 3-4-unit buildings from this source alone. Stage activity is counted only when the stage date is in the APR reporting year."
Santee,2023,Completion,2-4 unit building (combined),0.0,reported,HCD APR Table A2,2023,2026-10-07,Jurisdiction,Housing units (count),"HCD UNIT_CAT uses SFD, SFA, 2-4, 5+, ADU, and MH. The 2-4 category cannot be defensibly split into duplex versus 3-4-unit buildings from this source alone. Stage activity is counted only when the stage date is in the APR reporting year."
Santee,2023,Completion,5+ unit building,26.0,reported,HCD APR Table A2,2023,2026-10-07,Jurisdiction,Housing units (count),"HCD UNIT_CAT uses SFD, SFA, 2-4, 5+, ADU, and MH. The 2-4 category cannot be defensibly split into duplex versus 3-4-unit buildings from this source alone. Stage activity is counted only when the stage date is in the APR reporting year."
Santee,2023,Completion,Accessory dwelling unit,11.0,reported,HCD APR Table A2,2023,2026-10-07,Jurisdiction,Housing units (count),"HCD UNIT_CAT uses SFD, SFA, 2-4, 5+, ADU, and MH. The 2-4 category cannot be defensibly split into duplex versus 3-4-unit buildings from this source alone. Stage activity is counted only when the stage date is in the APR reporting year."
Santee,2023,Completion,Mobile home / manufactured home,0.0,reported,HCD APR Table A2,2023,2026-10-07,Jurisdiction,Housing units (count),"HCD UNIT_CAT uses SFD, SFA, 2-4, 5+, ADU, and MH. The 2-4 category cannot be defensibly split into duplex versus 3-4-unit buildings from this source alone. Stage activity is counted only when the stage date is in the APR reporting year."
Santee,2023,Completion,Other / source-reported,0.0,reported,HCD APR Table A2,2023,2026-10-07,Jurisdiction,Housing units (count),"HCD UNIT_CAT uses SFD, SFA, 2-4, 5+, ADU, and MH. The 2-4 category cannot be defensibly split into duplex versus 3-4-unit buildings from this source alone. Stage activity is counted only when the stage date is in the APR reporting year."
Santee,2023,Completion,Single-family attached,0.0,reported,HCD APR Table A2,2023,2026-10-07,Jurisdiction,Housing units (count),"HCD UNIT_CAT uses SFD, SFA, 2-4, 5+, ADU, and MH. The 2-4 category cannot be defensibly split into duplex versus 3-4-unit buildings from this source alone. Stage activity is counted only when the stage date is in the APR reporting year."
Santee,2023,Completion,Single-family detached,16.0,reported,HCD APR Table A2,2023,2026-10-07,Jurisdiction,Housing units (count),"HCD UNIT_CAT uses SFD, SFA, 2-4, 5+, ADU, and MH. The 2-4 category cannot be defensibly split into duplex versus 3-4-unit buildings from this source alone. Stage activity is counted only when the stage date is in the APR reporting year."
Santee,2023,Completion,Unknown / not reported,0.0,reported,HCD APR Table A2,2023,2026-10-07,Jurisdiction,Housing units (count),"HCD UNIT_CAT uses SFD, SFA, 2-4, 5+, ADU, and MH. The 2-4 category cannot be defensibly split into duplex versus 3-4-unit buildings from this source alone. Stage activity is counted only when the stage date is in the APR reporting year."
Santee,2024,Building Permit,2-4 unit building (combined),11.0,reported,HCD APR Table A2,2024,2026-10-07,Jurisdiction,Housing units (count),"HCD UNIT_CAT uses SFD, SFA, 2-4, 5+, ADU, and MH. The 2-4 category cannot be defensibly split into duplex versus 3-4-unit buildings from this source alone. Stage activity is counted only when the stage date is in the APR reporting year."
Santee,2024,Building Permit,5+ unit building,31.0,reported,HCD APR Table A2,2024,2026-10-07,Jurisdiction,Housing units (count),"HCD UNIT_CAT uses SFD, SFA, 2-4, 5+, ADU, and MH. The 2-4 category cannot be defensibly split into duplex versus 3-4-unit buildings from this source alone. Stage activity is counted only when the stage date is in the APR reporting year."
Santee,2024,Building Permit,Accessory dwelling unit,25.0,reported,HCD APR Table A2,2024,2026-10-07,Jurisdiction,Housing units (count),"HCD UNIT_CAT uses SFD, SFA, 2-4, 5+, ADU, and MH. The 2-4 category cannot be defensibly split into duplex versus 3-4-unit buildings from this source alone. Stage activity is counted only when the stage date is in the APR reporting year."
Santee,2024,Building Permit,Mobile home / manufactured home,0.0,reported,HCD APR Table A2,2024,2026-10-07,Jurisdiction,Housing units (count),"HCD UNIT_CAT uses SFD, SFA, 2-4, 5+, ADU, and MH. The 2-4 category cannot be defensibly split into duplex versus 3-4-unit buildings from this source alone. Stage activity is counted only when the stage date is in the APR reporting year."
Santee,2024,Building Permit,Other / source-reported,0.0,reported,HCD APR Table A2,2024,2026-10-07,Jurisdiction,Housing units (count),"HCD UNIT_CAT uses SFD, SFA, 2-4, 5+, ADU, and MH. The 2-4 category cannot be defensibly split into duplex versus 3-4-unit buildings from this source alone. Stage activity is counted only when the stage date is in the APR reporting year."
Santee,2024,Building Permit,Single-family attached,0.0,reported,HCD APR Table A2,2024,2026-10-07,Jurisdiction,Housing units (count),"HCD UNIT_CAT uses SFD, SFA, 2-4, 5+, ADU, and MH. The 2-4 category cannot be defensibly split into duplex versus 3-4-unit buildings from this source alone. Stage activity is counted only when the stage date is in the APR reporting year."
Santee,2024,Building Permit,Single-family detached,4.0,reported,HCD APR Table A2,2024,2026-10-07,Jurisdiction,Housing units (count),"HCD UNIT_CAT uses SFD, SFA, 2-4, 5+, ADU, and MH. The 2-4 category cannot be defensibly split into duplex versus 3-4-unit buildings from this source alone. Stage activity is counted only when the stage date is in the APR reporting year."
Santee,2024,Building Permit,Unknown / not reported,0.0,reported,HCD APR Table A2,2024,2026-10-07,Jurisdiction,Housing units (count),"HCD UNIT_CAT uses SFD, SFA, 2-4, 5+, ADU, and MH. The 2-4 category cannot be defensibly split into duplex versus 3-4-unit buildings from this source alone. Stage activity is counted only when the stage date is in the APR reporting year."
Santee,2024,Completion,2-4 unit building (combined),0.0,reported,HCD APR Table A2,2024,2026-10-07,Jurisdiction,Housing units (count),"HCD UNIT_CAT uses SFD, SFA, 2-4, 5+, ADU, and MH. The 2-4 category cannot be defensibly split into duplex versus 3-4-unit buildings from this source alone. Stage activity is counted only when the stage date is in the APR reporting year."
Santee,2024,Completion,5+ unit building,14.0,reported,HCD APR Table A2,2024,2026-10-07,Jurisdiction,Housing units (count),"HCD UNIT_CAT uses SFD, SFA, 2-4, 5+, ADU, and MH. The 2-4 category cannot be defensibly split into duplex versus 3-4-unit buildings from this source alone. Stage activity is counted only when the stage date is in the APR reporting year."
Santee,2024,Completion,Accessory dwelling unit,6.0,reported,HCD APR Table A2,2024,2026-10-07,Jurisdiction,Housing units (count),"HCD UNIT_CAT uses SFD, SFA, 2-4, 5+, ADU, and MH. The 2-4 category cannot be defensibly split into duplex versus 3-4-unit buildings from this source alone. Stage activity is counted only when the stage date is in the APR reporting year."
Santee,2024,Completion,Mobile home / manufactured home,0.0,reported,HCD APR Table A2,2024,2026-10-07,Jurisdiction,Housing units (count),"HCD UNIT_CAT uses SFD, SFA, 2-4, 5+, ADU, and MH. The 2-4 category cannot be defensibly split into duplex versus 3-4-unit buildings from this source alone. Stage activity is counted only when the stage date is in the APR reporting year."
Santee,2024,Completion,Other / source-reported,0.0,reported,HCD APR Table A2,2024,2026-10-07,Jurisdiction,Housing units (count),"HCD UNIT_CAT uses SFD, SFA, 2-4, 5+, ADU, and MH. The 2-4 category cannot be defensibly split into duplex versus 3-4-unit buildings from this source alone. Stage activity is counted only when the stage date is in the APR reporting year."
Santee,2024,Completion,Single-family attached,0.0,reported,HCD APR Table A2,2024,2026-10-07,Jurisdiction,Housing units (count),"HCD UNIT_CAT uses SFD, SFA, 2-4, 5+, ADU, and MH. The 2-4 category cannot be defensibly split into duplex versus 3-4-unit buildings from this source alone. Stage activity is counted only when the stage date is in the APR reporting year."
Santee,2024,Completion,Single-family detached,10.0,reported,HCD APR Table A2,2024,2026-10-07,Jurisdiction,Housing units (count),"HCD UNIT_CAT uses SFD, SFA, 2-4, 5+, ADU, and MH. The 2-4 category cannot be defensibly split into duplex versus 3-4-unit buildings from this source alone. Stage activity is counted only when the stage date is in the APR reporting year."
Santee,2024,Completion,Unknown / not reported,0.0,reported,HCD APR Table A2,2024,2026-10-07,Jurisdiction,Housing units (count),"HCD UNIT_CAT uses SFD, SFA, 2-4, 5+, ADU, and MH. The 2-4 category cannot be defensibly split into duplex versus 3-4-unit buildings from this source alone. Stage activity is counted only when the stage date is in the APR reporting year."
Santee,2025,Building Permit,2-4 unit building (combined),0.0,reported,HCD APR Table A2,2025,2026-10-07,Jurisdiction,Housing units (count),"HCD UNIT_CAT uses SFD, SFA, 2-4, 5+, ADU, and MH. The 2-4 category cannot be defensibly split into duplex versus 3-4-unit buildings from this source alone. Stage activity is counted only when the stage date is in the APR reporting year."
Santee,2025,Building Permit,5+ unit building,0.0,reported,HCD APR Table A2,2025,2026-10-07,Jurisdiction,Housing units (count),"HCD UNIT_CAT uses SFD, SFA, 2-4, 5+, ADU, and MH. The 2-4 category cannot be defensibly split into duplex versus 3-4-unit buildings from this source alone. Stage activity is counted only when the stage date is in the APR reporting year."
Santee,2025,Building Permit,Accessory dwelling unit,24.0,reported,HCD APR Table A2,2025,2026-10-07,Jurisdiction,Housing units (count),"HCD UNIT_CAT uses SFD, SFA, 2-4, 5+, ADU, and MH. The 2-4 category cannot be defensibly split into duplex versus 3-4-unit buildings from this source alone. Stage activity is counted only when the stage date is in the APR reporting year."
Santee,2025,Building Permit,Mobile home / manufactured home,0.0,reported,HCD APR Table A2,2025,2026-10-07,Jurisdiction,Housing units (count),"HCD UNIT_CAT uses SFD, SFA, 2-4, 5+, ADU, and MH. The 2-4 category cannot be defensibly split into duplex versus 3-4-unit buildings from this source alone. Stage activity is counted only when the stage date is in the APR reporting year."
Santee,2025,Building Permit,Other / source-reported,0.0,reported,HCD APR Table A2,2025,2026-10-07,Jurisdiction,Housing units (count),"HCD UNIT_CAT uses SFD, SFA, 2-4, 5+, ADU, and MH. The 2-4 category cannot be defensibly split into duplex versus 3-4-unit buildings from this source alone. Stage activity is counted only when the stage date is in the APR reporting year."
Santee,2025,Building Permit,Single-family attached,0.0,reported,HCD APR Table A2,2025,2026-10-07,Jurisdiction,Housing units (count),"HCD UNIT_CAT uses SFD, SFA, 2-4, 5+, ADU, and MH. The 2-4 category cannot be defensibly split into duplex versus 3-4-unit buildings from this source alone. Stage activity is counted only when the stage date is in the APR reporting year."
Santee,2025,Building Permit,Single-family detached,21.0,reported,HCD APR Table A2,2025,2026-10-07,Jurisdiction,Housing units (count),"HCD UNIT_CAT uses SFD, SFA, 2-4, 5+, ADU, and MH. The 2-4 category cannot be defensibly split into duplex versus 3-4-unit buildings from this source alone. Stage activity is counted only when the stage date is in the APR reporting year."
Santee,2025,Building Permit,Unknown / not reported,0.0,reported,HCD APR Table A2,2025,2026-10-07,Jurisdiction,Housing units (count),"HCD UNIT_CAT uses SFD, SFA, 2-4, 5+, ADU, and MH. The 2-4 category cannot be defensibly split into duplex versus 3-4-unit buildings from this source alone. Stage activity is counted only when the stage date is in the APR reporting year."
Santee,2025,Completion,2-4 unit building (combined),0.0,reported,HCD APR Table A2,2025,2026-10-07,Jurisdiction,Housing units (count),"HCD UNIT_CAT uses SFD, SFA, 2-4, 5+, ADU, and MH. The 2-4 category cannot be defensibly split into duplex versus 3-4-unit buildings from this source alone. Stage activity is counted only when the stage date is in the APR reporting year."
Santee,2025,Completion,5+ unit building,0.0,reported,HCD APR Table A2,2025,2026-10-07,Jurisdiction,Housing units (count),"HCD UNIT_CAT uses SFD, SFA, 2-4, 5+, ADU, and MH. The 2-4 category cannot be defensibly split into duplex versus 3-4-unit buildings from this source alone. Stage activity is counted only when the stage date is in the APR reporting year."
Santee,2025,Completion,Accessory dwelling unit,22.0,reported,HCD APR Table A2,2025,2026-10-07,Jurisdiction,Housing units (count),"HCD UNIT_CAT uses SFD, SFA, 2-4, 5+, ADU, and MH. The 2-4 category cannot be defensibly split into duplex versus 3-4-unit buildings from this source alone. Stage activity is counted only when the stage date is in the APR reporting year."
Santee,2025,Completion,Mobile home / manufactured home,0.0,reported,HCD APR Table A2,2025,2026-10-07,Jurisdiction,Housing units (count),"HCD UNIT_CAT uses SFD, SFA, 2-4, 5+, ADU, and MH. The 2-4 category cannot be defensibly split into duplex versus 3-4-unit buildings from this source alone. Stage activity is counted only when the stage date is in the APR reporting year."
Santee,2025,Completion,Other / source-reported,0.0,reported,HCD APR Table A2,2025,2026-10-07,Jurisdiction,Housing units (count),"HCD UNIT_CAT uses SFD, SFA, 2-4, 5+, ADU, and MH. The 2-4 category cannot be defensibly split into duplex versus 3-4-unit buildings from this source alone. Stage activity is counted only when the stage date is in the APR reporting year."
Santee,2025,Completion,Single-family attached,27.0,reported,HCD APR Table A2,2025,2026-10-07,Jurisdiction,Housing units (count),"HCD UNIT_CAT uses SFD, SFA, 2-4, 5+, ADU, and MH. The 2-4 category cannot be defensibly split into duplex versus 3-4-unit buildings from this source alone. Stage activity is counted only when the stage date is in the APR reporting year."
Santee,2025,Completion,Single-family detached,1.0,reported,HCD APR Table A2,2025,2026-10-07,Jurisdiction,Housing units (count),"HCD UNIT_CAT uses SFD, SFA, 2-4, 5+, ADU, and MH. The 2-4 category cannot be defensibly split into duplex versus 3-4-unit buildings from this source alone. Stage activity is counted only when the stage date is in the APR reporting year."
Santee,2025,Completion,Unknown / not reported,0.0,reported,HCD APR Table A2,2025,2026-10-07,Jurisdiction,Housing units (count),"HCD UNIT_CAT uses SFD, SFA, 2-4, 5+, ADU, and MH. The 2-4 category cannot be defensibly split into duplex versus 3-4-unit buildings from this source alone. Stage activity is counted only when the stage date is in the APR reporting year."
Solana Beach,2018,Building Permit,2-4 unit building (combined),2.0,reported,HCD APR Table A2,2018,2026-10-07,Jurisdiction,Housing units (count),"HCD UNIT_CAT uses SFD, SFA, 2-4, 5+, ADU, and MH. The 2-4 category cannot be defensibly split into duplex versus 3-4-unit buildings from this source alone. Stage activity is counted only when the stage date is in the APR reporting year."
Solana Beach,2018,Building Permit,5+ unit building,8.0,reported,HCD APR Table A2,2018,2026-10-07,Jurisdiction,Housing units (count),"HCD UNIT_CAT uses SFD, SFA, 2-4, 5+, ADU, and MH. The 2-4 category cannot be defensibly split into duplex versus 3-4-unit buildings from this source alone. Stage activity is counted only when the stage date is in the APR reporting year."
Solana Beach,2018,Building Permit,Accessory dwelling unit,5.0,reported,HCD APR Table A2,2018,2026-10-07,Jurisdiction,Housing units (count),"HCD UNIT_CAT uses SFD, SFA, 2-4, 5+, ADU, and MH. The 2-4 category cannot be defensibly split into duplex versus 3-4-unit buildings from this source alone. Stage activity is counted only when the stage date is in the APR reporting year."
Solana Beach,2018,Building Permit,Mobile home / manufactured home,0.0,reported,HCD APR Table A2,2018,2026-10-07,Jurisdiction,Housing units (count),"HCD UNIT_CAT uses SFD, SFA, 2-4, 5+, ADU, and MH. The 2-4 category cannot be defensibly split into duplex versus 3-4-unit buildings from this source alone. Stage activity is counted only when the stage date is in the APR reporting year."
Solana Beach,2018,Building Permit,Other / source-reported,0.0,reported,HCD APR Table A2,2018,2026-10-07,Jurisdiction,Housing units (count),"HCD UNIT_CAT uses SFD, SFA, 2-4, 5+, ADU, and MH. The 2-4 category cannot be defensibly split into duplex versus 3-4-unit buildings from this source alone. Stage activity is counted only when the stage date is in the APR reporting year."
Solana Beach,2018,Building Permit,Single-family attached,0.0,reported,HCD APR Table A2,2018,2026-10-07,Jurisdiction,Housing units (count),"HCD UNIT_CAT uses SFD, SFA, 2-4, 5+, ADU, and MH. The 2-4 category cannot be defensibly split into duplex versus 3-4-unit buildings from this source alone. Stage activity is counted only when the stage date is in the APR reporting year."
Solana Beach,2018,Building Permit,Single-family detached,2.0,reported,HCD APR Table A2,2018,2026-10-07,Jurisdiction,Housing units (count),"HCD UNIT_CAT uses SFD, SFA, 2-4, 5+, ADU, and MH. The 2-4 category cannot be defensibly split into duplex versus 3-4-unit buildings from this source alone. Stage activity is counted only when the stage date is in the APR reporting year."
Solana Beach,2018,Building Permit,Unknown / not reported,0.0,reported,HCD APR Table A2,2018,2026-10-07,Jurisdiction,Housing units (count),"HCD UNIT_CAT uses SFD, SFA, 2-4, 5+, ADU, and MH. The 2-4 category cannot be defensibly split into duplex versus 3-4-unit buildings from this source alone. Stage activity is counted only when the stage date is in the APR reporting year."
Solana Beach,2018,Completion,2-4 unit building (combined),7.0,reported,HCD APR Table A2,2018,2026-10-07,Jurisdiction,Housing units (count),"HCD UNIT_CAT uses SFD, SFA, 2-4, 5+, ADU, and MH. The 2-4 category cannot be defensibly split into duplex versus 3-4-unit buildings from this source alone. Stage activity is counted only when the stage date is in the APR reporting year."
Solana Beach,2018,Completion,5+ unit building,0.0,reported,HCD APR Table A2,2018,2026-10-07,Jurisdiction,Housing units (count),"HCD UNIT_CAT uses SFD, SFA, 2-4, 5+, ADU, and MH. The 2-4 category cannot be defensibly split into duplex versus 3-4-unit buildings from this source alone. Stage activity is counted only when the stage date is in the APR reporting year."
Solana Beach,2018,Completion,Accessory dwelling unit,0.0,reported,HCD APR Table A2,2018,2026-10-07,Jurisdiction,Housing units (count),"HCD UNIT_CAT uses SFD, SFA, 2-4, 5+, ADU, and MH. The 2-4 category cannot be defensibly split into duplex versus 3-4-unit buildings from this source alone. Stage activity is counted only when the stage date is in the APR reporting year."
Solana Beach,2018,Completion,Mobile home / manufactured home,0.0,reported,HCD APR Table A2,2018,2026-10-07,Jurisdiction,Housing units (count),"HCD UNIT_CAT uses SFD, SFA, 2-4, 5+, ADU, and MH. The 2-4 category cannot be defensibly split into duplex versus 3-4-unit buildings from this source alone. Stage activity is counted only when the stage date is in the APR reporting year."
Solana Beach,2018,Completion,Other / source-reported,0.0,reported,HCD APR Table A2,2018,2026-10-07,Jurisdiction,Housing units (count),"HCD UNIT_CAT uses SFD, SFA, 2-4, 5+, ADU, and MH. The 2-4 category cannot be defensibly split into duplex versus 3-4-unit buildings from this source alone. Stage activity is counted only when the stage date is in the APR reporting year."
Solana Beach,2018,Completion,Single-family attached,0.0,reported,HCD APR Table A2,2018,2026-10-07,Jurisdiction,Housing units (count),"HCD UNIT_CAT uses SFD, SFA, 2-4, 5+, ADU, and MH. The 2-4 category cannot be defensibly split into duplex versus 3-4-unit buildings from this source alone. Stage activity is counted only when the stage date is in the APR reporting year."
Solana Beach,2018,Completion,Single-family detached,0.0,reported,HCD APR Table A2,2018,2026-10-07,Jurisdiction,Housing units (count),"HCD UNIT_CAT uses SFD, SFA, 2-4, 5+, ADU, and MH. The 2-4 category cannot be defensibly split into duplex versus 3-4-unit buildings from this source alone. Stage activity is counted only when the stage date is in the APR reporting year."
Solana Beach,2018,Completion,Unknown / not reported,0.0,reported,HCD APR Table A2,2018,2026-10-07,Jurisdiction,Housing units (count),"HCD UNIT_CAT uses SFD, SFA, 2-4, 5+, ADU, and MH. The 2-4 category cannot be defensibly split into duplex versus 3-4-unit buildings from this source alone. Stage activity is counted only when the stage date is in the APR reporting year."
Solana Beach,2019,Building Permit,2-4 unit building (combined),0.0,reported,HCD APR Table A2,2019,2026-10-07,Jurisdiction,Housing units (count),"HCD UNIT_CAT uses SFD, SFA, 2-4, 5+, ADU, and MH. The 2-4 category cannot be defensibly split into duplex versus 3-4-unit buildings from this source alone. Stage activity is counted only when the stage date is in the APR reporting year."
Solana Beach,2019,Building Permit,5+ unit building,0.0,reported,HCD APR Table A2,2019,2026-10-07,Jurisdiction,Housing units (count),"HCD UNIT_CAT uses SFD, SFA, 2-4, 5+, ADU, and MH. The 2-4 category cannot be defensibly split into duplex versus 3-4-unit buildings from this source alone. Stage activity is counted only when the stage date is in the APR reporting year."
Solana Beach,2019,Building Permit,Accessory dwelling unit,6.0,reported,HCD APR Table A2,2019,2026-10-07,Jurisdiction,Housing units (count),"HCD UNIT_CAT uses SFD, SFA, 2-4, 5+, ADU, and MH. The 2-4 category cannot be defensibly split into duplex versus 3-4-unit buildings from this source alone. Stage activity is counted only when the stage date is in the APR reporting year."
Solana Beach,2019,Building Permit,Mobile home / manufactured home,0.0,reported,HCD APR Table A2,2019,2026-10-07,Jurisdiction,Housing units (count),"HCD UNIT_CAT uses SFD, SFA, 2-4, 5+, ADU, and MH. The 2-4 category cannot be defensibly split into duplex versus 3-4-unit buildings from this source alone. Stage activity is counted only when the stage date is in the APR reporting year."
Solana Beach,2019,Building Permit,Other / source-reported,0.0,reported,HCD APR Table A2,2019,2026-10-07,Jurisdiction,Housing units (count),"HCD UNIT_CAT uses SFD, SFA, 2-4, 5+, ADU, and MH. The 2-4 category cannot be defensibly split into duplex versus 3-4-unit buildings from this source alone. Stage activity is counted only when the stage date is in the APR reporting year."
Solana Beach,2019,Building Permit,Single-family attached,0.0,reported,HCD APR Table A2,2019,2026-10-07,Jurisdiction,Housing units (count),"HCD UNIT_CAT uses SFD, SFA, 2-4, 5+, ADU, and MH. The 2-4 category cannot be defensibly split into duplex versus 3-4-unit buildings from this source alone. Stage activity is counted only when the stage date is in the APR reporting year."
Solana Beach,2019,Building Permit,Single-family detached,3.0,reported,HCD APR Table A2,2019,2026-10-07,Jurisdiction,Housing units (count),"HCD UNIT_CAT uses SFD, SFA, 2-4, 5+, ADU, and MH. The 2-4 category cannot be defensibly split into duplex versus 3-4-unit buildings from this source alone. Stage activity is counted only when the stage date is in the APR reporting year."
Solana Beach,2019,Building Permit,Unknown / not reported,0.0,reported,HCD APR Table A2,2019,2026-10-07,Jurisdiction,Housing units (count),"HCD UNIT_CAT uses SFD, SFA, 2-4, 5+, ADU, and MH. The 2-4 category cannot be defensibly split into duplex versus 3-4-unit buildings from this source alone. Stage activity is counted only when the stage date is in the APR reporting year."
Solana Beach,2019,Completion,2-4 unit building (combined),2.0,reported,HCD APR Table A2,2019,2026-10-07,Jurisdiction,Housing units (count),"HCD UNIT_CAT uses SFD, SFA, 2-4, 5+, ADU, and MH. The 2-4 category cannot be defensibly split into duplex versus 3-4-unit buildings from this source alone. Stage activity is counted only when the stage date is in the APR reporting year."
Solana Beach,2019,Completion,5+ unit building,0.0,reported,HCD APR Table A2,2019,2026-10-07,Jurisdiction,Housing units (count),"HCD UNIT_CAT uses SFD, SFA, 2-4, 5+, ADU, and MH. The 2-4 category cannot be defensibly split into duplex versus 3-4-unit buildings from this source alone. Stage activity is counted only when the stage date is in the APR reporting year."
Solana Beach,2019,Completion,Accessory dwelling unit,3.0,reported,HCD APR Table A2,2019,2026-10-07,Jurisdiction,Housing units (count),"HCD UNIT_CAT uses SFD, SFA, 2-4, 5+, ADU, and MH. The 2-4 category cannot be defensibly split into duplex versus 3-4-unit buildings from this source alone. Stage activity is counted only when the stage date is in the APR reporting year."
Solana Beach,2019,Completion,Mobile home / manufactured home,0.0,reported,HCD APR Table A2,2019,2026-10-07,Jurisdiction,Housing units (count),"HCD UNIT_CAT uses SFD, SFA, 2-4, 5+, ADU, and MH. The 2-4 category cannot be defensibly split into duplex versus 3-4-unit buildings from this source alone. Stage activity is counted only when the stage date is in the APR reporting year."
Solana Beach,2019,Completion,Other / source-reported,0.0,reported,HCD APR Table A2,2019,2026-10-07,Jurisdiction,Housing units (count),"HCD UNIT_CAT uses SFD, SFA, 2-4, 5+, ADU, and MH. The 2-4 category cannot be defensibly split into duplex versus 3-4-unit buildings from this source alone. Stage activity is counted only when the stage date is in the APR reporting year."
Solana Beach,2019,Completion,Single-family attached,0.0,reported,HCD APR Table A2,2019,2026-10-07,Jurisdiction,Housing units (count),"HCD UNIT_CAT uses SFD, SFA, 2-4, 5+, ADU, and MH. The 2-4 category cannot be defensibly split into duplex versus 3-4-unit buildings from this source alone. Stage activity is counted only when the stage date is in the APR reporting year."
Solana Beach,2019,Completion,Single-family detached,4.0,reported,HCD APR Table A2,2019,2026-10-07,Jurisdiction,Housing units (count),"HCD UNIT_CAT uses SFD, SFA, 2-4, 5+, ADU, and MH. The 2-4 category cannot be defensibly split into duplex versus 3-4-unit buildings from this source alone. Stage activity is counted only when the stage date is in the APR reporting year."
Solana Beach,2019,Completion,Unknown / not reported,0.0,reported,HCD APR Table A2,2019,2026-10-07,Jurisdiction,Housing units (count),"HCD UNIT_CAT uses SFD, SFA, 2-4, 5+, ADU, and MH. The 2-4 category cannot be defensibly split into duplex versus 3-4-unit buildings from this source alone. Stage activity is counted only when the stage date is in the APR reporting year."
Solana Beach,2020,Building Permit,2-4 unit building (combined),2.0,reported,HCD APR Table A2,2020,2026-10-07,Jurisdiction,Housing units (count),"HCD UNIT_CAT uses SFD, SFA, 2-4, 5+, ADU, and MH. The 2-4 category cannot be defensibly split into duplex versus 3-4-unit buildings from this source alone. Stage activity is counted only when the stage date is in the APR reporting year."
Solana Beach,2020,Building Permit,5+ unit building,0.0,reported,HCD APR Table A2,2020,2026-10-07,Jurisdiction,Housing units (count),"HCD UNIT_CAT uses SFD, SFA, 2-4, 5+, ADU, and MH. The 2-4 category cannot be defensibly split into duplex versus 3-4-unit buildings from this source alone. Stage activity is counted only when the stage date is in the APR reporting year."
Solana Beach,2020,Building Permit,Accessory dwelling unit,8.0,reported,HCD APR Table A2,2020,2026-10-07,Jurisdiction,Housing units (count),"HCD UNIT_CAT uses SFD, SFA, 2-4, 5+, ADU, and MH. The 2-4 category cannot be defensibly split into duplex versus 3-4-unit buildings from this source alone. Stage activity is counted only when the stage date is in the APR reporting year."
Solana Beach,2020,Building Permit,Mobile home / manufactured home,0.0,reported,HCD APR Table A2,2020,2026-10-07,Jurisdiction,Housing units (count),"HCD UNIT_CAT uses SFD, SFA, 2-4, 5+, ADU, and MH. The 2-4 category cannot be defensibly split into duplex versus 3-4-unit buildings from this source alone. Stage activity is counted only when the stage date is in the APR reporting year."
Solana Beach,2020,Building Permit,Other / source-reported,0.0,reported,HCD APR Table A2,2020,2026-10-07,Jurisdiction,Housing units (count),"HCD UNIT_CAT uses SFD, SFA, 2-4, 5+, ADU, and MH. The 2-4 category cannot be defensibly split into duplex versus 3-4-unit buildings from this source alone. Stage activity is counted only when the stage date is in the APR reporting year."
Solana Beach,2020,Building Permit,Single-family attached,0.0,reported,HCD APR Table A2,2020,2026-10-07,Jurisdiction,Housing units (count),"HCD UNIT_CAT uses SFD, SFA, 2-4, 5+, ADU, and MH. The 2-4 category cannot be defensibly split into duplex versus 3-4-unit buildings from this source alone. Stage activity is counted only when the stage date is in the APR reporting year."
Solana Beach,2020,Building Permit,Single-family detached,3.0,reported,HCD APR Table A2,2020,2026-10-07,Jurisdiction,Housing units (count),"HCD UNIT_CAT uses SFD, SFA, 2-4, 5+, ADU, and MH. The 2-4 category cannot be defensibly split into duplex versus 3-4-unit buildings from this source alone. Stage activity is counted only when the stage date is in the APR reporting year."
Solana Beach,2020,Building Permit,Unknown / not reported,0.0,reported,HCD APR Table A2,2020,2026-10-07,Jurisdiction,Housing units (count),"HCD UNIT_CAT uses SFD, SFA, 2-4, 5+, ADU, and MH. The 2-4 category cannot be defensibly split into duplex versus 3-4-unit buildings from this source alone. Stage activity is counted only when the stage date is in the APR reporting year."
Solana Beach,2020,Completion,2-4 unit building (combined),0.0,reported,HCD APR Table A2,2020,2026-10-07,Jurisdiction,Housing units (count),"HCD UNIT_CAT uses SFD, SFA, 2-4, 5+, ADU, and MH. The 2-4 category cannot be defensibly split into duplex versus 3-4-unit buildings from this source alone. Stage activity is counted only when the stage date is in the APR reporting year."
Solana Beach,2020,Completion,5+ unit building,0.0,reported,HCD APR Table A2,2020,2026-10-07,Jurisdiction,Housing units (count),"HCD UNIT_CAT uses SFD, SFA, 2-4, 5+, ADU, and MH. The 2-4 category cannot be defensibly split into duplex versus 3-4-unit buildings from this source alone. Stage activity is counted only when the stage date is in the APR reporting year."
Solana Beach,2020,Completion,Accessory dwelling unit,5.0,reported,HCD APR Table A2,2020,2026-10-07,Jurisdiction,Housing units (count),"HCD UNIT_CAT uses SFD, SFA, 2-4, 5+, ADU, and MH. The 2-4 category cannot be defensibly split into duplex versus 3-4-unit buildings from this source alone. Stage activity is counted only when the stage date is in the APR reporting year."
Solana Beach,2020,Completion,Mobile home / manufactured home,0.0,reported,HCD APR Table A2,2020,2026-10-07,Jurisdiction,Housing units (count),"HCD UNIT_CAT uses SFD, SFA, 2-4, 5+, ADU, and MH. The 2-4 category cannot be defensibly split into duplex versus 3-4-unit buildings from this source alone. Stage activity is counted only when the stage date is in the APR reporting year."
Solana Beach,2020,Completion,Other / source-reported,0.0,reported,HCD APR Table A2,2020,2026-10-07,Jurisdiction,Housing units (count),"HCD UNIT_CAT uses SFD, SFA, 2-4, 5+, ADU, and MH. The 2-4 category cannot be defensibly split into duplex versus 3-4-unit buildings from this source alone. Stage activity is counted only when the stage date is in the APR reporting year."
Solana Beach,2020,Completion,Single-family attached,0.0,reported,HCD APR Table A2,2020,2026-10-07,Jurisdiction,Housing units (count),"HCD UNIT_CAT uses SFD, SFA, 2-4, 5+, ADU, and MH. The 2-4 category cannot be defensibly split into duplex versus 3-4-unit buildings from this source alone. Stage activity is counted only when the stage date is in the APR reporting year."
Solana Beach,2020,Completion,Single-family detached,1.0,reported,HCD APR Table A2,2020,2026-10-07,Jurisdiction,Housing units (count),"HCD UNIT_CAT uses SFD, SFA, 2-4, 5+, ADU, and MH. The 2-4 category cannot be defensibly split into duplex versus 3-4-unit buildings from this source alone. Stage activity is counted only when the stage date is in the APR reporting year."
Solana Beach,2020,Completion,Unknown / not reported,0.0,reported,HCD APR Table A2,2020,2026-10-07,Jurisdiction,Housing units (count),"HCD UNIT_CAT uses SFD, SFA, 2-4, 5+, ADU, and MH. The 2-4 category cannot be defensibly split into duplex versus 3-4-unit buildings from this source alone. Stage activity is counted only when the stage date is in the APR reporting year."
Solana Beach,2021,Building Permit,2-4 unit building (combined),5.0,reported,HCD APR Table A2,2021,2026-10-07,Jurisdiction,Housing units (count),"HCD UNIT_CAT uses SFD, SFA, 2-4, 5+, ADU, and MH. The 2-4 category cannot be defensibly split into duplex versus 3-4-unit buildings from this source alone. Stage activity is counted only when the stage date is in the APR reporting year."
Solana Beach,2021,Building Permit,5+ unit building,0.0,reported,HCD APR Table A2,2021,2026-10-07,Jurisdiction,Housing units (count),"HCD UNIT_CAT uses SFD, SFA, 2-4, 5+, ADU, and MH. The 2-4 category cannot be defensibly split into duplex versus 3-4-unit buildings from this source alone. Stage activity is counted only when the stage date is in the APR reporting year."
Solana Beach,2021,Building Permit,Accessory dwelling unit,19.0,reported,HCD APR Table A2,2021,2026-10-07,Jurisdiction,Housing units (count),"HCD UNIT_CAT uses SFD, SFA, 2-4, 5+, ADU, and MH. The 2-4 category cannot be defensibly split into duplex versus 3-4-unit buildings from this source alone. Stage activity is counted only when the stage date is in the APR reporting year."
Solana Beach,2021,Building Permit,Mobile home / manufactured home,0.0,reported,HCD APR Table A2,2021,2026-10-07,Jurisdiction,Housing units (count),"HCD UNIT_CAT uses SFD, SFA, 2-4, 5+, ADU, and MH. The 2-4 category cannot be defensibly split into duplex versus 3-4-unit buildings from this source alone. Stage activity is counted only when the stage date is in the APR reporting year."
Solana Beach,2021,Building Permit,Other / source-reported,0.0,reported,HCD APR Table A2,2021,2026-10-07,Jurisdiction,Housing units (count),"HCD UNIT_CAT uses SFD, SFA, 2-4, 5+, ADU, and MH. The 2-4 category cannot be defensibly split into duplex versus 3-4-unit buildings from this source alone. Stage activity is counted only when the stage date is in the APR reporting year."
Solana Beach,2021,Building Permit,Single-family attached,25.0,reported,HCD APR Table A2,2021,2026-10-07,Jurisdiction,Housing units (count),"HCD UNIT_CAT uses SFD, SFA, 2-4, 5+, ADU, and MH. The 2-4 category cannot be defensibly split into duplex versus 3-4-unit buildings from this source alone. Stage activity is counted only when the stage date is in the APR reporting year."
Solana Beach,2021,Building Permit,Single-family detached,2.0,reported,HCD APR Table A2,2021,2026-10-07,Jurisdiction,Housing units (count),"HCD UNIT_CAT uses SFD, SFA, 2-4, 5+, ADU, and MH. The 2-4 category cannot be defensibly split into duplex versus 3-4-unit buildings from this source alone. Stage activity is counted only when the stage date is in the APR reporting year."
Solana Beach,2021,Building Permit,Unknown / not reported,0.0,reported,HCD APR Table A2,2021,2026-10-07,Jurisdiction,Housing units (count),"HCD UNIT_CAT uses SFD, SFA, 2-4, 5+, ADU, and MH. The 2-4 category cannot be defensibly split into duplex versus 3-4-unit buildings from this source alone. Stage activity is counted only when the stage date is in the APR reporting year."
Solana Beach,2021,Completion,2-4 unit building (combined),2.0,reported,HCD APR Table A2,2021,2026-10-07,Jurisdiction,Housing units (count),"HCD UNIT_CAT uses SFD, SFA, 2-4, 5+, ADU, and MH. The 2-4 category cannot be defensibly split into duplex versus 3-4-unit buildings from this source alone. Stage activity is counted only when the stage date is in the APR reporting year."
Solana Beach,2021,Completion,5+ unit building,0.0,reported,HCD APR Table A2,2021,2026-10-07,Jurisdiction,Housing units (count),"HCD UNIT_CAT uses SFD, SFA, 2-4, 5+, ADU, and MH. The 2-4 category cannot be defensibly split into duplex versus 3-4-unit buildings from this source alone. Stage activity is counted only when the stage date is in the APR reporting year."
Solana Beach,2021,Completion,Accessory dwelling unit,6.0,reported,HCD APR Table A2,2021,2026-10-07,Jurisdiction,Housing units (count),"HCD UNIT_CAT uses SFD, SFA, 2-4, 5+, ADU, and MH. The 2-4 category cannot be defensibly split into duplex versus 3-4-unit buildings from this source alone. Stage activity is counted only when the stage date is in the APR reporting year."
Solana Beach,2021,Completion,Mobile home / manufactured home,0.0,reported,HCD APR Table A2,2021,2026-10-07,Jurisdiction,Housing units (count),"HCD UNIT_CAT uses SFD, SFA, 2-4, 5+, ADU, and MH. The 2-4 category cannot be defensibly split into duplex versus 3-4-unit buildings from this source alone. Stage activity is counted only when the stage date is in the APR reporting year."
Solana Beach,2021,Completion,Other / source-reported,0.0,reported,HCD APR Table A2,2021,2026-10-07,Jurisdiction,Housing units (count),"HCD UNIT_CAT uses SFD, SFA, 2-4, 5+, ADU, and MH. The 2-4 category cannot be defensibly split into duplex versus 3-4-unit buildings from this source alone. Stage activity is counted only when the stage date is in the APR reporting year."
Solana Beach,2021,Completion,Single-family attached,0.0,reported,HCD APR Table A2,2021,2026-10-07,Jurisdiction,Housing units (count),"HCD UNIT_CAT uses SFD, SFA, 2-4, 5+, ADU, and MH. The 2-4 category cannot be defensibly split into duplex versus 3-4-unit buildings from this source alone. Stage activity is counted only when the stage date is in the APR reporting year."
Solana Beach,2021,Completion,Single-family detached,2.0,reported,HCD APR Table A2,2021,2026-10-07,Jurisdiction,Housing units (count),"HCD UNIT_CAT uses SFD, SFA, 2-4, 5+, ADU, and MH. The 2-4 category cannot be defensibly split into duplex versus 3-4-unit buildings from this source alone. Stage activity is counted only when the stage date is in the APR reporting year."
Solana Beach,2021,Completion,Unknown / not reported,0.0,reported,HCD APR Table A2,2021,2026-10-07,Jurisdiction,Housing units (count),"HCD UNIT_CAT uses SFD, SFA, 2-4, 5+, ADU, and MH. The 2-4 category cannot be defensibly split into duplex versus 3-4-unit buildings from this source alone. Stage activity is counted only when the stage date is in the APR reporting year."
Solana Beach,2022,Building Permit,2-4 unit building (combined),2.0,reported,HCD APR Table A2,2022,2026-10-07,Jurisdiction,Housing units (count),"HCD UNIT_CAT uses SFD, SFA, 2-4, 5+, ADU, and MH. The 2-4 category cannot be defensibly split into duplex versus 3-4-unit buildings from this source alone. Stage activity is counted only when the stage date is in the APR reporting year."
Solana Beach,2022,Building Permit,5+ unit building,0.0,reported,HCD APR Table A2,2022,2026-10-07,Jurisdiction,Housing units (count),"HCD UNIT_CAT uses SFD, SFA, 2-4, 5+, ADU, and MH. The 2-4 category cannot be defensibly split into duplex versus 3-4-unit buildings from this source alone. Stage activity is counted only when the stage date is in the APR reporting year."
Solana Beach,2022,Building Permit,Accessory dwelling unit,13.0,reported,HCD APR Table A2,2022,2026-10-07,Jurisdiction,Housing units (count),"HCD UNIT_CAT uses SFD, SFA, 2-4, 5+, ADU, and MH. The 2-4 category cannot be defensibly split into duplex versus 3-4-unit buildings from this source alone. Stage activity is counted only when the stage date is in the APR reporting year."
Solana Beach,2022,Building Permit,Mobile home / manufactured home,0.0,reported,HCD APR Table A2,2022,2026-10-07,Jurisdiction,Housing units (count),"HCD UNIT_CAT uses SFD, SFA, 2-4, 5+, ADU, and MH. The 2-4 category cannot be defensibly split into duplex versus 3-4-unit buildings from this source alone. Stage activity is counted only when the stage date is in the APR reporting year."
Solana Beach,2022,Building Permit,Other / source-reported,0.0,reported,HCD APR Table A2,2022,2026-10-07,Jurisdiction,Housing units (count),"HCD UNIT_CAT uses SFD, SFA, 2-4, 5+, ADU, and MH. The 2-4 category cannot be defensibly split into duplex versus 3-4-unit buildings from this source alone. Stage activity is counted only when the stage date is in the APR reporting year."
Solana Beach,2022,Building Permit,Single-family attached,0.0,reported,HCD APR Table A2,2022,2026-10-07,Jurisdiction,Housing units (count),"HCD UNIT_CAT uses SFD, SFA, 2-4, 5+, ADU, and MH. The 2-4 category cannot be defensibly split into duplex versus 3-4-unit buildings from this source alone. Stage activity is counted only when the stage date is in the APR reporting year."
Solana Beach,2022,Building Permit,Single-family detached,2.0,reported,HCD APR Table A2,2022,2026-10-07,Jurisdiction,Housing units (count),"HCD UNIT_CAT uses SFD, SFA, 2-4, 5+, ADU, and MH. The 2-4 category cannot be defensibly split into duplex versus 3-4-unit buildings from this source alone. Stage activity is counted only when the stage date is in the APR reporting year."
Solana Beach,2022,Building Permit,Unknown / not reported,0.0,reported,HCD APR Table A2,2022,2026-10-07,Jurisdiction,Housing units (count),"HCD UNIT_CAT uses SFD, SFA, 2-4, 5+, ADU, and MH. The 2-4 category cannot be defensibly split into duplex versus 3-4-unit buildings from this source alone. Stage activity is counted only when the stage date is in the APR reporting year."
Solana Beach,2022,Completion,2-4 unit building (combined),0.0,reported,HCD APR Table A2,2022,2026-10-07,Jurisdiction,Housing units (count),"HCD UNIT_CAT uses SFD, SFA, 2-4, 5+, ADU, and MH. The 2-4 category cannot be defensibly split into duplex versus 3-4-unit buildings from this source alone. Stage activity is counted only when the stage date is in the APR reporting year."
Solana Beach,2022,Completion,5+ unit building,0.0,reported,HCD APR Table A2,2022,2026-10-07,Jurisdiction,Housing units (count),"HCD UNIT_CAT uses SFD, SFA, 2-4, 5+, ADU, and MH. The 2-4 category cannot be defensibly split into duplex versus 3-4-unit buildings from this source alone. Stage activity is counted only when the stage date is in the APR reporting year."
Solana Beach,2022,Completion,Accessory dwelling unit,15.0,reported,HCD APR Table A2,2022,2026-10-07,Jurisdiction,Housing units (count),"HCD UNIT_CAT uses SFD, SFA, 2-4, 5+, ADU, and MH. The 2-4 category cannot be defensibly split into duplex versus 3-4-unit buildings from this source alone. Stage activity is counted only when the stage date is in the APR reporting year."
Solana Beach,2022,Completion,Mobile home / manufactured home,0.0,reported,HCD APR Table A2,2022,2026-10-07,Jurisdiction,Housing units (count),"HCD UNIT_CAT uses SFD, SFA, 2-4, 5+, ADU, and MH. The 2-4 category cannot be defensibly split into duplex versus 3-4-unit buildings from this source alone. Stage activity is counted only when the stage date is in the APR reporting year."
Solana Beach,2022,Completion,Other / source-reported,0.0,reported,HCD APR Table A2,2022,2026-10-07,Jurisdiction,Housing units (count),"HCD UNIT_CAT uses SFD, SFA, 2-4, 5+, ADU, and MH. The 2-4 category cannot be defensibly split into duplex versus 3-4-unit buildings from this source alone. Stage activity is counted only when the stage date is in the APR reporting year."
Solana Beach,2022,Completion,Single-family attached,0.0,reported,HCD APR Table A2,2022,2026-10-07,Jurisdiction,Housing units (count),"HCD UNIT_CAT uses SFD, SFA, 2-4, 5+, ADU, and MH. The 2-4 category cannot be defensibly split into duplex versus 3-4-unit buildings from this source alone. Stage activity is counted only when the stage date is in the APR reporting year."
Solana Beach,2022,Completion,Single-family detached,2.0,reported,HCD APR Table A2,2022,2026-10-07,Jurisdiction,Housing units (count),"HCD UNIT_CAT uses SFD, SFA, 2-4, 5+, ADU, and MH. The 2-4 category cannot be defensibly split into duplex versus 3-4-unit buildings from this source alone. Stage activity is counted only when the stage date is in the APR reporting year."
Solana Beach,2022,Completion,Unknown / not reported,0.0,reported,HCD APR Table A2,2022,2026-10-07,Jurisdiction,Housing units (count),"HCD UNIT_CAT uses SFD, SFA, 2-4, 5+, ADU, and MH. The 2-4 category cannot be defensibly split into duplex versus 3-4-unit buildings from this source alone. Stage activity is counted only when the stage date is in the APR reporting year."
Solana Beach,2023,Building Permit,2-4 unit building (combined),1.0,reported,HCD APR Table A2,2023,2026-10-07,Jurisdiction,Housing units (count),"HCD UNIT_CAT uses SFD, SFA, 2-4, 5+, ADU, and MH. The 2-4 category cannot be defensibly split into duplex versus 3-4-unit buildings from this source alone. Stage activity is counted only when the stage date is in the APR reporting year."
Solana Beach,2023,Building Permit,5+ unit building,0.0,reported,HCD APR Table A2,2023,2026-10-07,Jurisdiction,Housing units (count),"HCD UNIT_CAT uses SFD, SFA, 2-4, 5+, ADU, and MH. The 2-4 category cannot be defensibly split into duplex versus 3-4-unit buildings from this source alone. Stage activity is counted only when the stage date is in the APR reporting year."
Solana Beach,2023,Building Permit,Accessory dwelling unit,15.0,reported,HCD APR Table A2,2023,2026-10-07,Jurisdiction,Housing units (count),"HCD UNIT_CAT uses SFD, SFA, 2-4, 5+, ADU, and MH. The 2-4 category cannot be defensibly split into duplex versus 3-4-unit buildings from this source alone. Stage activity is counted only when the stage date is in the APR reporting year."
Solana Beach,2023,Building Permit,Mobile home / manufactured home,0.0,reported,HCD APR Table A2,2023,2026-10-07,Jurisdiction,Housing units (count),"HCD UNIT_CAT uses SFD, SFA, 2-4, 5+, ADU, and MH. The 2-4 category cannot be defensibly split into duplex versus 3-4-unit buildings from this source alone. Stage activity is counted only when the stage date is in the APR reporting year."
Solana Beach,2023,Building Permit,Other / source-reported,0.0,reported,HCD APR Table A2,2023,2026-10-07,Jurisdiction,Housing units (count),"HCD UNIT_CAT uses SFD, SFA, 2-4, 5+, ADU, and MH. The 2-4 category cannot be defensibly split into duplex versus 3-4-unit buildings from this source alone. Stage activity is counted only when the stage date is in the APR reporting year."
Solana Beach,2023,Building Permit,Single-family attached,0.0,reported,HCD APR Table A2,2023,2026-10-07,Jurisdiction,Housing units (count),"HCD UNIT_CAT uses SFD, SFA, 2-4, 5+, ADU, and MH. The 2-4 category cannot be defensibly split into duplex versus 3-4-unit buildings from this source alone. Stage activity is counted only when the stage date is in the APR reporting year."
Solana Beach,2023,Building Permit,Single-family detached,2.0,reported,HCD APR Table A2,2023,2026-10-07,Jurisdiction,Housing units (count),"HCD UNIT_CAT uses SFD, SFA, 2-4, 5+, ADU, and MH. The 2-4 category cannot be defensibly split into duplex versus 3-4-unit buildings from this source alone. Stage activity is counted only when the stage date is in the APR reporting year."
Solana Beach,2023,Building Permit,Unknown / not reported,0.0,reported,HCD APR Table A2,2023,2026-10-07,Jurisdiction,Housing units (count),"HCD UNIT_CAT uses SFD, SFA, 2-4, 5+, ADU, and MH. The 2-4 category cannot be defensibly split into duplex versus 3-4-unit buildings from this source alone. Stage activity is counted only when the stage date is in the APR reporting year."
Solana Beach,2023,Completion,2-4 unit building (combined),0.0,reported,HCD APR Table A2,2023,2026-10-07,Jurisdiction,Housing units (count),"HCD UNIT_CAT uses SFD, SFA, 2-4, 5+, ADU, and MH. The 2-4 category cannot be defensibly split into duplex versus 3-4-unit buildings from this source alone. Stage activity is counted only when the stage date is in the APR reporting year."
Solana Beach,2023,Completion,5+ unit building,25.0,reported,HCD APR Table A2,2023,2026-10-07,Jurisdiction,Housing units (count),"HCD UNIT_CAT uses SFD, SFA, 2-4, 5+, ADU, and MH. The 2-4 category cannot be defensibly split into duplex versus 3-4-unit buildings from this source alone. Stage activity is counted only when the stage date is in the APR reporting year."
Solana Beach,2023,Completion,Accessory dwelling unit,21.0,reported,HCD APR Table A2,2023,2026-10-07,Jurisdiction,Housing units (count),"HCD UNIT_CAT uses SFD, SFA, 2-4, 5+, ADU, and MH. The 2-4 category cannot be defensibly split into duplex versus 3-4-unit buildings from this source alone. Stage activity is counted only when the stage date is in the APR reporting year."
Solana Beach,2023,Completion,Mobile home / manufactured home,0.0,reported,HCD APR Table A2,2023,2026-10-07,Jurisdiction,Housing units (count),"HCD UNIT_CAT uses SFD, SFA, 2-4, 5+, ADU, and MH. The 2-4 category cannot be defensibly split into duplex versus 3-4-unit buildings from this source alone. Stage activity is counted only when the stage date is in the APR reporting year."
Solana Beach,2023,Completion,Other / source-reported,0.0,reported,HCD APR Table A2,2023,2026-10-07,Jurisdiction,Housing units (count),"HCD UNIT_CAT uses SFD, SFA, 2-4, 5+, ADU, and MH. The 2-4 category cannot be defensibly split into duplex versus 3-4-unit buildings from this source alone. Stage activity is counted only when the stage date is in the APR reporting year."
Solana Beach,2023,Completion,Single-family attached,0.0,reported,HCD APR Table A2,2023,2026-10-07,Jurisdiction,Housing units (count),"HCD UNIT_CAT uses SFD, SFA, 2-4, 5+, ADU, and MH. The 2-4 category cannot be defensibly split into duplex versus 3-4-unit buildings from this source alone. Stage activity is counted only when the stage date is in the APR reporting year."
Solana Beach,2023,Completion,Single-family detached,0.0,reported,HCD APR Table A2,2023,2026-10-07,Jurisdiction,Housing units (count),"HCD UNIT_CAT uses SFD, SFA, 2-4, 5+, ADU, and MH. The 2-4 category cannot be defensibly split into duplex versus 3-4-unit buildings from this source alone. Stage activity is counted only when the stage date is in the APR reporting year."
Solana Beach,2023,Completion,Unknown / not reported,0.0,reported,HCD APR Table A2,2023,2026-10-07,Jurisdiction,Housing units (count),"HCD UNIT_CAT uses SFD, SFA, 2-4, 5+, ADU, and MH. The 2-4 category cannot be defensibly split into duplex versus 3-4-unit buildings from this source alone. Stage activity is counted only when the stage date is in the APR reporting year."
Solana Beach,2024,Building Permit,2-4 unit building (combined),0.0,reported,HCD APR Table A2,2024,2026-10-07,Jurisdiction,Housing units (count),"HCD UNIT_CAT uses SFD, SFA, 2-4, 5+, ADU, and MH. The 2-4 category cannot be defensibly split into duplex versus 3-4-unit buildings from this source alone. Stage activity is counted only when the stage date is in the APR reporting year."
Solana Beach,2024,Building Permit,5+ unit building,62.0,reported,HCD APR Table A2,2024,2026-10-07,Jurisdiction,Housing units (count),"HCD UNIT_CAT uses SFD, SFA, 2-4, 5+, ADU, and MH. The 2-4 category cannot be defensibly split into duplex versus 3-4-unit buildings from this source alone. Stage activity is counted only when the stage date is in the APR reporting year."
Solana Beach,2024,Building Permit,Accessory dwelling unit,20.0,reported,HCD APR Table A2,2024,2026-10-07,Jurisdiction,Housing units (count),"HCD UNIT_CAT uses SFD, SFA, 2-4, 5+, ADU, and MH. The 2-4 category cannot be defensibly split into duplex versus 3-4-unit buildings from this source alone. Stage activity is counted only when the stage date is in the APR reporting year."
Solana Beach,2024,Building Permit,Mobile home / manufactured home,0.0,reported,HCD APR Table A2,2024,2026-10-07,Jurisdiction,Housing units (count),"HCD UNIT_CAT uses SFD, SFA, 2-4, 5+, ADU, and MH. The 2-4 category cannot be defensibly split into duplex versus 3-4-unit buildings from this source alone. Stage activity is counted only when the stage date is in the APR reporting year."
Solana Beach,2024,Building Permit,Other / source-reported,0.0,reported,HCD APR Table A2,2024,2026-10-07,Jurisdiction,Housing units (count),"HCD UNIT_CAT uses SFD, SFA, 2-4, 5+, ADU, and MH. The 2-4 category cannot be defensibly split into duplex versus 3-4-unit buildings from this source alone. Stage activity is counted only when the stage date is in the APR reporting year."
Solana Beach,2024,Building Permit,Single-family attached,0.0,reported,HCD APR Table A2,2024,2026-10-07,Jurisdiction,Housing units (count),"HCD UNIT_CAT uses SFD, SFA, 2-4, 5+, ADU, and MH. The 2-4 category cannot be defensibly split into duplex versus 3-4-unit buildings from this source alone. Stage activity is counted only when the stage date is in the APR reporting year."
Solana Beach,2024,Building Permit,Single-family detached,0.0,reported,HCD APR Table A2,2024,2026-10-07,Jurisdiction,Housing units (count),"HCD UNIT_CAT uses SFD, SFA, 2-4, 5+, ADU, and MH. The 2-4 category cannot be defensibly split into duplex versus 3-4-unit buildings from this source alone. Stage activity is counted only when the stage date is in the APR reporting year."
Solana Beach,2024,Building Permit,Unknown / not reported,0.0,reported,HCD APR Table A2,2024,2026-10-07,Jurisdiction,Housing units (count),"HCD UNIT_CAT uses SFD, SFA, 2-4, 5+, ADU, and MH. The 2-4 category cannot be defensibly split into duplex versus 3-4-unit buildings from this source alone. Stage activity is counted only when the stage date is in the APR reporting year."
Solana Beach,2024,Completion,2-4 unit building (combined),0.0,reported,HCD APR Table A2,2024,2026-10-07,Jurisdiction,Housing units (count),"HCD UNIT_CAT uses SFD, SFA, 2-4, 5+, ADU, and MH. The 2-4 category cannot be defensibly split into duplex versus 3-4-unit buildings from this source alone. Stage activity is counted only when the stage date is in the APR reporting year."
Solana Beach,2024,Completion,5+ unit building,0.0,reported,HCD APR Table A2,2024,2026-10-07,Jurisdiction,Housing units (count),"HCD UNIT_CAT uses SFD, SFA, 2-4, 5+, ADU, and MH. The 2-4 category cannot be defensibly split into duplex versus 3-4-unit buildings from this source alone. Stage activity is counted only when the stage date is in the APR reporting year."
Solana Beach,2024,Completion,Accessory dwelling unit,15.0,reported,HCD APR Table A2,2024,2026-10-07,Jurisdiction,Housing units (count),"HCD UNIT_CAT uses SFD, SFA, 2-4, 5+, ADU, and MH. The 2-4 category cannot be defensibly split into duplex versus 3-4-unit buildings from this source alone. Stage activity is counted only when the stage date is in the APR reporting year."
Solana Beach,2024,Completion,Mobile home / manufactured home,0.0,reported,HCD APR Table A2,2024,2026-10-07,Jurisdiction,Housing units (count),"HCD UNIT_CAT uses SFD, SFA, 2-4, 5+, ADU, and MH. The 2-4 category cannot be defensibly split into duplex versus 3-4-unit buildings from this source alone. Stage activity is counted only when the stage date is in the APR reporting year."
Solana Beach,2024,Completion,Other / source-reported,0.0,reported,HCD APR Table A2,2024,2026-10-07,Jurisdiction,Housing units (count),"HCD UNIT_CAT uses SFD, SFA, 2-4, 5+, ADU, and MH. The 2-4 category cannot be defensibly split into duplex versus 3-4-unit buildings from this source alone. Stage activity is counted only when the stage date is in the APR reporting year."
Solana Beach,2024,Completion,Single-family attached,0.0,reported,HCD APR Table A2,2024,2026-10-07,Jurisdiction,Housing units (count),"HCD UNIT_CAT uses SFD, SFA, 2-4, 5+, ADU, and MH. The 2-4 category cannot be defensibly split into duplex versus 3-4-unit buildings from this source alone. Stage activity is counted only when the stage date is in the APR reporting year."
Solana Beach,2024,Completion,Single-family detached,1.0,reported,HCD APR Table A2,2024,2026-10-07,Jurisdiction,Housing units (count),"HCD UNIT_CAT uses SFD, SFA, 2-4, 5+, ADU, and MH. The 2-4 category cannot be defensibly split into duplex versus 3-4-unit buildings from this source alone. Stage activity is counted only when the stage date is in the APR reporting year."
Solana Beach,2024,Completion,Unknown / not reported,0.0,reported,HCD APR Table A2,2024,2026-10-07,Jurisdiction,Housing units (count),"HCD UNIT_CAT uses SFD, SFA, 2-4, 5+, ADU, and MH. The 2-4 category cannot be defensibly split into duplex versus 3-4-unit buildings from this source alone. Stage activity is counted only when the stage date is in the APR reporting year."
Solana Beach,2025,Building Permit,2-4 unit building (combined),0.0,reported,HCD APR Table A2,2025,2026-10-07,Jurisdiction,Housing units (count),"HCD UNIT_CAT uses SFD, SFA, 2-4, 5+, ADU, and MH. The 2-4 category cannot be defensibly split into duplex versus 3-4-unit buildings from this source alone. Stage activity is counted only when the stage date is in the APR reporting year."
Solana Beach,2025,Building Permit,5+ unit building,0.0,reported,HCD APR Table A2,2025,2026-10-07,Jurisdiction,Housing units (count),"HCD UNIT_CAT uses SFD, SFA, 2-4, 5+, ADU, and MH. The 2-4 category cannot be defensibly split into duplex versus 3-4-unit buildings from this source alone. Stage activity is counted only when the stage date is in the APR reporting year."
Solana Beach,2025,Building Permit,Accessory dwelling unit,30.0,reported,HCD APR Table A2,2025,2026-10-07,Jurisdiction,Housing units (count),"HCD UNIT_CAT uses SFD, SFA, 2-4, 5+, ADU, and MH. The 2-4 category cannot be defensibly split into duplex versus 3-4-unit buildings from this source alone. Stage activity is counted only when the stage date is in the APR reporting year."
Solana Beach,2025,Building Permit,Mobile home / manufactured home,0.0,reported,HCD APR Table A2,2025,2026-10-07,Jurisdiction,Housing units (count),"HCD UNIT_CAT uses SFD, SFA, 2-4, 5+, ADU, and MH. The 2-4 category cannot be defensibly split into duplex versus 3-4-unit buildings from this source alone. Stage activity is counted only when the stage date is in the APR reporting year."
Solana Beach,2025,Building Permit,Other / source-reported,0.0,reported,HCD APR Table A2,2025,2026-10-07,Jurisdiction,Housing units (count),"HCD UNIT_CAT uses SFD, SFA, 2-4, 5+, ADU, and MH. The 2-4 category cannot be defensibly split into duplex versus 3-4-unit buildings from this source alone. Stage activity is counted only when the stage date is in the APR reporting year."
Solana Beach,2025,Building Permit,Single-family attached,0.0,reported,HCD APR Table A2,2025,2026-10-07,Jurisdiction,Housing units (count),"HCD UNIT_CAT uses SFD, SFA, 2-4, 5+, ADU, and MH. The 2-4 category cannot be defensibly split into duplex versus 3-4-unit buildings from this source alone. Stage activity is counted only when the stage date is in the APR reporting year."
Solana Beach,2025,Building Permit,Single-family detached,7.0,reported,HCD APR Table A2,2025,2026-10-07,Jurisdiction,Housing units (count),"HCD UNIT_CAT uses SFD, SFA, 2-4, 5+, ADU, and MH. The 2-4 category cannot be defensibly split into duplex versus 3-4-unit buildings from this source alone. Stage activity is counted only when the stage date is in the APR reporting year."
Solana Beach,2025,Building Permit,Unknown / not reported,0.0,reported,HCD APR Table A2,2025,2026-10-07,Jurisdiction,Housing units (count),"HCD UNIT_CAT uses SFD, SFA, 2-4, 5+, ADU, and MH. The 2-4 category cannot be defensibly split into duplex versus 3-4-unit buildings from this source alone. Stage activity is counted only when the stage date is in the APR reporting year."
Solana Beach,2025,Completion,2-4 unit building (combined),0.0,reported,HCD APR Table A2,2025,2026-10-07,Jurisdiction,Housing units (count),"HCD UNIT_CAT uses SFD, SFA, 2-4, 5+, ADU, and MH. The 2-4 category cannot be defensibly split into duplex versus 3-4-unit buildings from this source alone. Stage activity is counted only when the stage date is in the APR reporting year."
Solana Beach,2025,Completion,5+ unit building,0.0,reported,HCD APR Table A2,2025,2026-10-07,Jurisdiction,Housing units (count),"HCD UNIT_CAT uses SFD, SFA, 2-4, 5+, ADU, and MH. The 2-4 category cannot be defensibly split into duplex versus 3-4-unit buildings from this source alone. Stage activity is counted only when the stage date is in the APR reporting year."
Solana Beach,2025,Completion,Accessory dwelling unit,14.0,reported,HCD APR Table A2,2025,2026-10-07,Jurisdiction,Housing units (count),"HCD UNIT_CAT uses SFD, SFA, 2-4, 5+, ADU, and MH. The 2-4 category cannot be defensibly split into duplex versus 3-4-unit buildings from this source alone. Stage activity is counted only when the stage date is in the APR reporting year."
Solana Beach,2025,Completion,Mobile home / manufactured home,0.0,reported,HCD APR Table A2,2025,2026-10-07,Jurisdiction,Housing units (count),"HCD UNIT_CAT uses SFD, SFA, 2-4, 5+, ADU, and MH. The 2-4 category cannot be defensibly split into duplex versus 3-4-unit buildings from this source alone. Stage activity is counted only when the stage date is in the APR reporting year."
Solana Beach,2025,Completion,Other / source-reported,0.0,reported,HCD APR Table A2,2025,2026-10-07,Jurisdiction,Housing units (count),"HCD UNIT_CAT uses SFD, SFA, 2-4, 5+, ADU, and MH. The 2-4 category cannot be defensibly split into duplex versus 3-4-unit buildings from this source alone. Stage activity is counted only when the stage date is in the APR reporting year."
Solana Beach,2025,Completion,Single-family attached,0.0,reported,HCD APR Table A2,2025,2026-10-07,Jurisdiction,Housing units (count),"HCD UNIT_CAT uses SFD, SFA, 2-4, 5+, ADU, and MH. The 2-4 category cannot be defensibly split into duplex versus 3-4-unit buildings from this source alone. Stage activity is counted only when the stage date is in the APR reporting year."
Solana Beach,2025,Completion,Single-family detached,0.0,reported,HCD APR Table A2,2025,2026-10-07,Jurisdiction,Housing units (count),"HCD UNIT_CAT uses SFD, SFA, 2-4, 5+, ADU, and MH. The 2-4 category cannot be defensibly split into duplex versus 3-4-unit buildings from this source alone. Stage activity is counted only when the stage date is in the APR reporting year."
Solana Beach,2025,Completion,Unknown / not reported,0.0,reported,HCD APR Table A2,2025,2026-10-07,Jurisdiction,Housing units (count),"HCD UNIT_CAT uses SFD, SFA, 2-4, 5+, ADU, and MH. The 2-4 category cannot be defensibly split into duplex versus 3-4-unit buildings from this source alone. Stage activity is counted only when the stage date is in the APR reporting year."
Unincorporated San Diego County,2018,Building Permit,2-4 unit building (combined),0.0,reported,HCD APR Table A2,2018,2026-10-07,Jurisdiction,Housing units (count),"HCD UNIT_CAT uses SFD, SFA, 2-4, 5+, ADU, and MH. The 2-4 category cannot be defensibly split into duplex versus 3-4-unit buildings from this source alone. Stage activity is counted only when the stage date is in the APR reporting year."
Unincorporated San Diego County,2018,Building Permit,5+ unit building,62.0,reported,HCD APR Table A2,2018,2026-10-07,Jurisdiction,Housing units (count),"HCD UNIT_CAT uses SFD, SFA, 2-4, 5+, ADU, and MH. The 2-4 category cannot be defensibly split into duplex versus 3-4-unit buildings from this source alone. Stage activity is counted only when the stage date is in the APR reporting year."
Unincorporated San Diego County,2018,Building Permit,Accessory dwelling unit,79.0,reported,HCD APR Table A2,2018,2026-10-07,Jurisdiction,Housing units (count),"HCD UNIT_CAT uses SFD, SFA, 2-4, 5+, ADU, and MH. The 2-4 category cannot be defensibly split into duplex versus 3-4-unit buildings from this source alone. Stage activity is counted only when the stage date is in the APR reporting year."
Unincorporated San Diego County,2018,Building Permit,Mobile home / manufactured home,25.0,reported,HCD APR Table A2,2018,2026-10-07,Jurisdiction,Housing units (count),"HCD UNIT_CAT uses SFD, SFA, 2-4, 5+, ADU, and MH. The 2-4 category cannot be defensibly split into duplex versus 3-4-unit buildings from this source alone. Stage activity is counted only when the stage date is in the APR reporting year."
Unincorporated San Diego County,2018,Building Permit,Other / source-reported,0.0,reported,HCD APR Table A2,2018,2026-10-07,Jurisdiction,Housing units (count),"HCD UNIT_CAT uses SFD, SFA, 2-4, 5+, ADU, and MH. The 2-4 category cannot be defensibly split into duplex versus 3-4-unit buildings from this source alone. Stage activity is counted only when the stage date is in the APR reporting year."
Unincorporated San Diego County,2018,Building Permit,Single-family attached,0.0,reported,HCD APR Table A2,2018,2026-10-07,Jurisdiction,Housing units (count),"HCD UNIT_CAT uses SFD, SFA, 2-4, 5+, ADU, and MH. The 2-4 category cannot be defensibly split into duplex versus 3-4-unit buildings from this source alone. Stage activity is counted only when the stage date is in the APR reporting year."
Unincorporated San Diego County,2018,Building Permit,Single-family detached,562.0,reported,HCD APR Table A2,2018,2026-10-07,Jurisdiction,Housing units (count),"HCD UNIT_CAT uses SFD, SFA, 2-4, 5+, ADU, and MH. The 2-4 category cannot be defensibly split into duplex versus 3-4-unit buildings from this source alone. Stage activity is counted only when the stage date is in the APR reporting year."
Unincorporated San Diego County,2018,Building Permit,Unknown / not reported,0.0,reported,HCD APR Table A2,2018,2026-10-07,Jurisdiction,Housing units (count),"HCD UNIT_CAT uses SFD, SFA, 2-4, 5+, ADU, and MH. The 2-4 category cannot be defensibly split into duplex versus 3-4-unit buildings from this source alone. Stage activity is counted only when the stage date is in the APR reporting year."
Unincorporated San Diego County,2018,Completion,2-4 unit building (combined),0.0,reported,HCD APR Table A2,2018,2026-10-07,Jurisdiction,Housing units (count),"HCD UNIT_CAT uses SFD, SFA, 2-4, 5+, ADU, and MH. The 2-4 category cannot be defensibly split into duplex versus 3-4-unit buildings from this source alone. Stage activity is counted only when the stage date is in the APR reporting year."
Unincorporated San Diego County,2018,Completion,5+ unit building,0.0,reported,HCD APR Table A2,2018,2026-10-07,Jurisdiction,Housing units (count),"HCD UNIT_CAT uses SFD, SFA, 2-4, 5+, ADU, and MH. The 2-4 category cannot be defensibly split into duplex versus 3-4-unit buildings from this source alone. Stage activity is counted only when the stage date is in the APR reporting year."
Unincorporated San Diego County,2018,Completion,Accessory dwelling unit,31.0,reported,HCD APR Table A2,2018,2026-10-07,Jurisdiction,Housing units (count),"HCD UNIT_CAT uses SFD, SFA, 2-4, 5+, ADU, and MH. The 2-4 category cannot be defensibly split into duplex versus 3-4-unit buildings from this source alone. Stage activity is counted only when the stage date is in the APR reporting year."
Unincorporated San Diego County,2018,Completion,Mobile home / manufactured home,70.0,reported,HCD APR Table A2,2018,2026-10-07,Jurisdiction,Housing units (count),"HCD UNIT_CAT uses SFD, SFA, 2-4, 5+, ADU, and MH. The 2-4 category cannot be defensibly split into duplex versus 3-4-unit buildings from this source alone. Stage activity is counted only when the stage date is in the APR reporting year."
Unincorporated San Diego County,2018,Completion,Other / source-reported,0.0,reported,HCD APR Table A2,2018,2026-10-07,Jurisdiction,Housing units (count),"HCD UNIT_CAT uses SFD, SFA, 2-4, 5+, ADU, and MH. The 2-4 category cannot be defensibly split into duplex versus 3-4-unit buildings from this source alone. Stage activity is counted only when the stage date is in the APR reporting year."
Unincorporated San Diego County,2018,Completion,Single-family attached,0.0,reported,HCD APR Table A2,2018,2026-10-07,Jurisdiction,Housing units (count),"HCD UNIT_CAT uses SFD, SFA, 2-4, 5+, ADU, and MH. The 2-4 category cannot be defensibly split into duplex versus 3-4-unit buildings from this source alone. Stage activity is counted only when the stage date is in the APR reporting year."
Unincorporated San Diego County,2018,Completion,Single-family detached,317.0,reported,HCD APR Table A2,2018,2026-10-07,Jurisdiction,Housing units (count),"HCD UNIT_CAT uses SFD, SFA, 2-4, 5+, ADU, and MH. The 2-4 category cannot be defensibly split into duplex versus 3-4-unit buildings from this source alone. Stage activity is counted only when the stage date is in the APR reporting year."
Unincorporated San Diego County,2018,Completion,Unknown / not reported,0.0,reported,HCD APR Table A2,2018,2026-10-07,Jurisdiction,Housing units (count),"HCD UNIT_CAT uses SFD, SFA, 2-4, 5+, ADU, and MH. The 2-4 category cannot be defensibly split into duplex versus 3-4-unit buildings from this source alone. Stage activity is counted only when the stage date is in the APR reporting year."
Unincorporated San Diego County,2019,Building Permit,2-4 unit building (combined),0.0,reported,HCD APR Table A2,2019,2026-10-07,Jurisdiction,Housing units (count),"HCD UNIT_CAT uses SFD, SFA, 2-4, 5+, ADU, and MH. The 2-4 category cannot be defensibly split into duplex versus 3-4-unit buildings from this source alone. Stage activity is counted only when the stage date is in the APR reporting year."
Unincorporated San Diego County,2019,Building Permit,5+ unit building,48.0,reported,HCD APR Table A2,2019,2026-10-07,Jurisdiction,Housing units (count),"HCD UNIT_CAT uses SFD, SFA, 2-4, 5+, ADU, and MH. The 2-4 category cannot be defensibly split into duplex versus 3-4-unit buildings from this source alone. Stage activity is counted only when the stage date is in the APR reporting year."
Unincorporated San Diego County,2019,Building Permit,Accessory dwelling unit,137.0,reported,HCD APR Table A2,2019,2026-10-07,Jurisdiction,Housing units (count),"HCD UNIT_CAT uses SFD, SFA, 2-4, 5+, ADU, and MH. The 2-4 category cannot be defensibly split into duplex versus 3-4-unit buildings from this source alone. Stage activity is counted only when the stage date is in the APR reporting year."
Unincorporated San Diego County,2019,Building Permit,Mobile home / manufactured home,48.0,reported,HCD APR Table A2,2019,2026-10-07,Jurisdiction,Housing units (count),"HCD UNIT_CAT uses SFD, SFA, 2-4, 5+, ADU, and MH. The 2-4 category cannot be defensibly split into duplex versus 3-4-unit buildings from this source alone. Stage activity is counted only when the stage date is in the APR reporting year."
Unincorporated San Diego County,2019,Building Permit,Other / source-reported,0.0,reported,HCD APR Table A2,2019,2026-10-07,Jurisdiction,Housing units (count),"HCD UNIT_CAT uses SFD, SFA, 2-4, 5+, ADU, and MH. The 2-4 category cannot be defensibly split into duplex versus 3-4-unit buildings from this source alone. Stage activity is counted only when the stage date is in the APR reporting year."
Unincorporated San Diego County,2019,Building Permit,Single-family attached,0.0,reported,HCD APR Table A2,2019,2026-10-07,Jurisdiction,Housing units (count),"HCD UNIT_CAT uses SFD, SFA, 2-4, 5+, ADU, and MH. The 2-4 category cannot be defensibly split into duplex versus 3-4-unit buildings from this source alone. Stage activity is counted only when the stage date is in the APR reporting year."
Unincorporated San Diego County,2019,Building Permit,Single-family detached,629.0,reported,HCD APR Table A2,2019,2026-10-07,Jurisdiction,Housing units (count),"HCD UNIT_CAT uses SFD, SFA, 2-4, 5+, ADU, and MH. The 2-4 category cannot be defensibly split into duplex versus 3-4-unit buildings from this source alone. Stage activity is counted only when the stage date is in the APR reporting year."
Unincorporated San Diego County,2019,Building Permit,Unknown / not reported,0.0,reported,HCD APR Table A2,2019,2026-10-07,Jurisdiction,Housing units (count),"HCD UNIT_CAT uses SFD, SFA, 2-4, 5+, ADU, and MH. The 2-4 category cannot be defensibly split into duplex versus 3-4-unit buildings from this source alone. Stage activity is counted only when the stage date is in the APR reporting year."
Unincorporated San Diego County,2019,Completion,2-4 unit building (combined),0.0,reported,HCD APR Table A2,2019,2026-10-07,Jurisdiction,Housing units (count),"HCD UNIT_CAT uses SFD, SFA, 2-4, 5+, ADU, and MH. The 2-4 category cannot be defensibly split into duplex versus 3-4-unit buildings from this source alone. Stage activity is counted only when the stage date is in the APR reporting year."
Unincorporated San Diego County,2019,Completion,5+ unit building,0.0,reported,HCD APR Table A2,2019,2026-10-07,Jurisdiction,Housing units (count),"HCD UNIT_CAT uses SFD, SFA, 2-4, 5+, ADU, and MH. The 2-4 category cannot be defensibly split into duplex versus 3-4-unit buildings from this source alone. Stage activity is counted only when the stage date is in the APR reporting year."
Unincorporated San Diego County,2019,Completion,Accessory dwelling unit,0.0,reported,HCD APR Table A2,2019,2026-10-07,Jurisdiction,Housing units (count),"HCD UNIT_CAT uses SFD, SFA, 2-4, 5+, ADU, and MH. The 2-4 category cannot be defensibly split into duplex versus 3-4-unit buildings from this source alone. Stage activity is counted only when the stage date is in the APR reporting year."
Unincorporated San Diego County,2019,Completion,Mobile home / manufactured home,0.0,reported,HCD APR Table A2,2019,2026-10-07,Jurisdiction,Housing units (count),"HCD UNIT_CAT uses SFD, SFA, 2-4, 5+, ADU, and MH. The 2-4 category cannot be defensibly split into duplex versus 3-4-unit buildings from this source alone. Stage activity is counted only when the stage date is in the APR reporting year."
Unincorporated San Diego County,2019,Completion,Other / source-reported,0.0,reported,HCD APR Table A2,2019,2026-10-07,Jurisdiction,Housing units (count),"HCD UNIT_CAT uses SFD, SFA, 2-4, 5+, ADU, and MH. The 2-4 category cannot be defensibly split into duplex versus 3-4-unit buildings from this source alone. Stage activity is counted only when the stage date is in the APR reporting year."
Unincorporated San Diego County,2019,Completion,Single-family attached,0.0,reported,HCD APR Table A2,2019,2026-10-07,Jurisdiction,Housing units (count),"HCD UNIT_CAT uses SFD, SFA, 2-4, 5+, ADU, and MH. The 2-4 category cannot be defensibly split into duplex versus 3-4-unit buildings from this source alone. Stage activity is counted only when the stage date is in the APR reporting year."
Unincorporated San Diego County,2019,Completion,Single-family detached,0.0,reported,HCD APR Table A2,2019,2026-10-07,Jurisdiction,Housing units (count),"HCD UNIT_CAT uses SFD, SFA, 2-4, 5+, ADU, and MH. The 2-4 category cannot be defensibly split into duplex versus 3-4-unit buildings from this source alone. Stage activity is counted only when the stage date is in the APR reporting year."
Unincorporated San Diego County,2019,Completion,Unknown / not reported,0.0,reported,HCD APR Table A2,2019,2026-10-07,Jurisdiction,Housing units (count),"HCD UNIT_CAT uses SFD, SFA, 2-4, 5+, ADU, and MH. The 2-4 category cannot be defensibly split into duplex versus 3-4-unit buildings from this source alone. Stage activity is counted only when the stage date is in the APR reporting year."
Unincorporated San Diego County,2020,Building Permit,2-4 unit building (combined),8.0,reported,HCD APR Table A2,2020,2026-10-07,Jurisdiction,Housing units (count),"HCD UNIT_CAT uses SFD, SFA, 2-4, 5+, ADU, and MH. The 2-4 category cannot be defensibly split into duplex versus 3-4-unit buildings from this source alone. Stage activity is counted only when the stage date is in the APR reporting year."
Unincorporated San Diego County,2020,Building Permit,5+ unit building,0.0,reported,HCD APR Table A2,2020,2026-10-07,Jurisdiction,Housing units (count),"HCD UNIT_CAT uses SFD, SFA, 2-4, 5+, ADU, and MH. The 2-4 category cannot be defensibly split into duplex versus 3-4-unit buildings from this source alone. Stage activity is counted only when the stage date is in the APR reporting year."
Unincorporated San Diego County,2020,Building Permit,Accessory dwelling unit,142.0,reported,HCD APR Table A2,2020,2026-10-07,Jurisdiction,Housing units (count),"HCD UNIT_CAT uses SFD, SFA, 2-4, 5+, ADU, and MH. The 2-4 category cannot be defensibly split into duplex versus 3-4-unit buildings from this source alone. Stage activity is counted only when the stage date is in the APR reporting year."
Unincorporated San Diego County,2020,Building Permit,Mobile home / manufactured home,47.0,reported,HCD APR Table A2,2020,2026-10-07,Jurisdiction,Housing units (count),"HCD UNIT_CAT uses SFD, SFA, 2-4, 5+, ADU, and MH. The 2-4 category cannot be defensibly split into duplex versus 3-4-unit buildings from this source alone. Stage activity is counted only when the stage date is in the APR reporting year."
Unincorporated San Diego County,2020,Building Permit,Other / source-reported,0.0,reported,HCD APR Table A2,2020,2026-10-07,Jurisdiction,Housing units (count),"HCD UNIT_CAT uses SFD, SFA, 2-4, 5+, ADU, and MH. The 2-4 category cannot be defensibly split into duplex versus 3-4-unit buildings from this source alone. Stage activity is counted only when the stage date is in the APR reporting year."
Unincorporated San Diego County,2020,Building Permit,Single-family attached,0.0,reported,HCD APR Table A2,2020,2026-10-07,Jurisdiction,Housing units (count),"HCD UNIT_CAT uses SFD, SFA, 2-4, 5+, ADU, and MH. The 2-4 category cannot be defensibly split into duplex versus 3-4-unit buildings from this source alone. Stage activity is counted only when the stage date is in the APR reporting year."
Unincorporated San Diego County,2020,Building Permit,Single-family detached,426.0,reported,HCD APR Table A2,2020,2026-10-07,Jurisdiction,Housing units (count),"HCD UNIT_CAT uses SFD, SFA, 2-4, 5+, ADU, and MH. The 2-4 category cannot be defensibly split into duplex versus 3-4-unit buildings from this source alone. Stage activity is counted only when the stage date is in the APR reporting year."
Unincorporated San Diego County,2020,Building Permit,Unknown / not reported,0.0,reported,HCD APR Table A2,2020,2026-10-07,Jurisdiction,Housing units (count),"HCD UNIT_CAT uses SFD, SFA, 2-4, 5+, ADU, and MH. The 2-4 category cannot be defensibly split into duplex versus 3-4-unit buildings from this source alone. Stage activity is counted only when the stage date is in the APR reporting year."
Unincorporated San Diego County,2020,Completion,2-4 unit building (combined),0.0,reported,HCD APR Table A2,2020,2026-10-07,Jurisdiction,Housing units (count),"HCD UNIT_CAT uses SFD, SFA, 2-4, 5+, ADU, and MH. The 2-4 category cannot be defensibly split into duplex versus 3-4-unit buildings from this source alone. Stage activity is counted only when the stage date is in the APR reporting year."
Unincorporated San Diego County,2020,Completion,5+ unit building,0.0,reported,HCD APR Table A2,2020,2026-10-07,Jurisdiction,Housing units (count),"HCD UNIT_CAT uses SFD, SFA, 2-4, 5+, ADU, and MH. The 2-4 category cannot be defensibly split into duplex versus 3-4-unit buildings from this source alone. Stage activity is counted only when the stage date is in the APR reporting year."
Unincorporated San Diego County,2020,Completion,Accessory dwelling unit,0.0,reported,HCD APR Table A2,2020,2026-10-07,Jurisdiction,Housing units (count),"HCD UNIT_CAT uses SFD, SFA, 2-4, 5+, ADU, and MH. The 2-4 category cannot be defensibly split into duplex versus 3-4-unit buildings from this source alone. Stage activity is counted only when the stage date is in the APR reporting year."
Unincorporated San Diego County,2020,Completion,Mobile home / manufactured home,0.0,reported,HCD APR Table A2,2020,2026-10-07,Jurisdiction,Housing units (count),"HCD UNIT_CAT uses SFD, SFA, 2-4, 5+, ADU, and MH. The 2-4 category cannot be defensibly split into duplex versus 3-4-unit buildings from this source alone. Stage activity is counted only when the stage date is in the APR reporting year."
Unincorporated San Diego County,2020,Completion,Other / source-reported,0.0,reported,HCD APR Table A2,2020,2026-10-07,Jurisdiction,Housing units (count),"HCD UNIT_CAT uses SFD, SFA, 2-4, 5+, ADU, and MH. The 2-4 category cannot be defensibly split into duplex versus 3-4-unit buildings from this source alone. Stage activity is counted only when the stage date is in the APR reporting year."
Unincorporated San Diego County,2020,Completion,Single-family attached,0.0,reported,HCD APR Table A2,2020,2026-10-07,Jurisdiction,Housing units (count),"HCD UNIT_CAT uses SFD, SFA, 2-4, 5+, ADU, and MH. The 2-4 category cannot be defensibly split into duplex versus 3-4-unit buildings from this source alone. Stage activity is counted only when the stage date is in the APR reporting year."
Unincorporated San Diego County,2020,Completion,Single-family detached,0.0,reported,HCD APR Table A2,2020,2026-10-07,Jurisdiction,Housing units (count),"HCD UNIT_CAT uses SFD, SFA, 2-4, 5+, ADU, and MH. The 2-4 category cannot be defensibly split into duplex versus 3-4-unit buildings from this source alone. Stage activity is counted only when the stage date is in the APR reporting year."
Unincorporated San Diego County,2020,Completion,Unknown / not reported,0.0,reported,HCD APR Table A2,2020,2026-10-07,Jurisdiction,Housing units (count),"HCD UNIT_CAT uses SFD, SFA, 2-4, 5+, ADU, and MH. The 2-4 category cannot be defensibly split into duplex versus 3-4-unit buildings from this source alone. Stage activity is counted only when the stage date is in the APR reporting year."
Unincorporated San Diego County,2021,Building Permit,2-4 unit building (combined),8.0,reported,HCD APR Table A2,2021,2026-10-07,Jurisdiction,Housing units (count),"HCD UNIT_CAT uses SFD, SFA, 2-4, 5+, ADU, and MH. The 2-4 category cannot be defensibly split into duplex versus 3-4-unit buildings from this source alone. Stage activity is counted only when the stage date is in the APR reporting year."
Unincorporated San Diego County,2021,Building Permit,5+ unit building,39.0,reported,HCD APR Table A2,2021,2026-10-07,Jurisdiction,Housing units (count),"HCD UNIT_CAT uses SFD, SFA, 2-4, 5+, ADU, and MH. The 2-4 category cannot be defensibly split into duplex versus 3-4-unit buildings from this source alone. Stage activity is counted only when the stage date is in the APR reporting year."
Unincorporated San Diego County,2021,Building Permit,Accessory dwelling unit,299.0,reported,HCD APR Table A2,2021,2026-10-07,Jurisdiction,Housing units (count),"HCD UNIT_CAT uses SFD, SFA, 2-4, 5+, ADU, and MH. The 2-4 category cannot be defensibly split into duplex versus 3-4-unit buildings from this source alone. Stage activity is counted only when the stage date is in the APR reporting year."
Unincorporated San Diego County,2021,Building Permit,Mobile home / manufactured home,116.0,reported,HCD APR Table A2,2021,2026-10-07,Jurisdiction,Housing units (count),"HCD UNIT_CAT uses SFD, SFA, 2-4, 5+, ADU, and MH. The 2-4 category cannot be defensibly split into duplex versus 3-4-unit buildings from this source alone. Stage activity is counted only when the stage date is in the APR reporting year."
Unincorporated San Diego County,2021,Building Permit,Other / source-reported,0.0,reported,HCD APR Table A2,2021,2026-10-07,Jurisdiction,Housing units (count),"HCD UNIT_CAT uses SFD, SFA, 2-4, 5+, ADU, and MH. The 2-4 category cannot be defensibly split into duplex versus 3-4-unit buildings from this source alone. Stage activity is counted only when the stage date is in the APR reporting year."
Unincorporated San Diego County,2021,Building Permit,Single-family attached,90.0,reported,HCD APR Table A2,2021,2026-10-07,Jurisdiction,Housing units (count),"HCD UNIT_CAT uses SFD, SFA, 2-4, 5+, ADU, and MH. The 2-4 category cannot be defensibly split into duplex versus 3-4-unit buildings from this source alone. Stage activity is counted only when the stage date is in the APR reporting year."
Unincorporated San Diego County,2021,Building Permit,Single-family detached,873.0,reported,HCD APR Table A2,2021,2026-10-07,Jurisdiction,Housing units (count),"HCD UNIT_CAT uses SFD, SFA, 2-4, 5+, ADU, and MH. The 2-4 category cannot be defensibly split into duplex versus 3-4-unit buildings from this source alone. Stage activity is counted only when the stage date is in the APR reporting year."
Unincorporated San Diego County,2021,Building Permit,Unknown / not reported,0.0,reported,HCD APR Table A2,2021,2026-10-07,Jurisdiction,Housing units (count),"HCD UNIT_CAT uses SFD, SFA, 2-4, 5+, ADU, and MH. The 2-4 category cannot be defensibly split into duplex versus 3-4-unit buildings from this source alone. Stage activity is counted only when the stage date is in the APR reporting year."
Unincorporated San Diego County,2021,Completion,2-4 unit building (combined),10.0,reported,HCD APR Table A2,2021,2026-10-07,Jurisdiction,Housing units (count),"HCD UNIT_CAT uses SFD, SFA, 2-4, 5+, ADU, and MH. The 2-4 category cannot be defensibly split into duplex versus 3-4-unit buildings from this source alone. Stage activity is counted only when the stage date is in the APR reporting year."
Unincorporated San Diego County,2021,Completion,5+ unit building,62.0,reported,HCD APR Table A2,2021,2026-10-07,Jurisdiction,Housing units (count),"HCD UNIT_CAT uses SFD, SFA, 2-4, 5+, ADU, and MH. The 2-4 category cannot be defensibly split into duplex versus 3-4-unit buildings from this source alone. Stage activity is counted only when the stage date is in the APR reporting year."
Unincorporated San Diego County,2021,Completion,Accessory dwelling unit,169.0,reported,HCD APR Table A2,2021,2026-10-07,Jurisdiction,Housing units (count),"HCD UNIT_CAT uses SFD, SFA, 2-4, 5+, ADU, and MH. The 2-4 category cannot be defensibly split into duplex versus 3-4-unit buildings from this source alone. Stage activity is counted only when the stage date is in the APR reporting year."
Unincorporated San Diego County,2021,Completion,Mobile home / manufactured home,83.0,reported,HCD APR Table A2,2021,2026-10-07,Jurisdiction,Housing units (count),"HCD UNIT_CAT uses SFD, SFA, 2-4, 5+, ADU, and MH. The 2-4 category cannot be defensibly split into duplex versus 3-4-unit buildings from this source alone. Stage activity is counted only when the stage date is in the APR reporting year."
Unincorporated San Diego County,2021,Completion,Other / source-reported,0.0,reported,HCD APR Table A2,2021,2026-10-07,Jurisdiction,Housing units (count),"HCD UNIT_CAT uses SFD, SFA, 2-4, 5+, ADU, and MH. The 2-4 category cannot be defensibly split into duplex versus 3-4-unit buildings from this source alone. Stage activity is counted only when the stage date is in the APR reporting year."
Unincorporated San Diego County,2021,Completion,Single-family attached,0.0,reported,HCD APR Table A2,2021,2026-10-07,Jurisdiction,Housing units (count),"HCD UNIT_CAT uses SFD, SFA, 2-4, 5+, ADU, and MH. The 2-4 category cannot be defensibly split into duplex versus 3-4-unit buildings from this source alone. Stage activity is counted only when the stage date is in the APR reporting year."
Unincorporated San Diego County,2021,Completion,Single-family detached,737.0,reported,HCD APR Table A2,2021,2026-10-07,Jurisdiction,Housing units (count),"HCD UNIT_CAT uses SFD, SFA, 2-4, 5+, ADU, and MH. The 2-4 category cannot be defensibly split into duplex versus 3-4-unit buildings from this source alone. Stage activity is counted only when the stage date is in the APR reporting year."
Unincorporated San Diego County,2021,Completion,Unknown / not reported,0.0,reported,HCD APR Table A2,2021,2026-10-07,Jurisdiction,Housing units (count),"HCD UNIT_CAT uses SFD, SFA, 2-4, 5+, ADU, and MH. The 2-4 category cannot be defensibly split into duplex versus 3-4-unit buildings from this source alone. Stage activity is counted only when the stage date is in the APR reporting year."
Unincorporated San Diego County,2022,Building Permit,2-4 unit building (combined),140.0,reported,HCD APR Table A2,2022,2026-10-07,Jurisdiction,Housing units (count),"HCD UNIT_CAT uses SFD, SFA, 2-4, 5+, ADU, and MH. The 2-4 category cannot be defensibly split into duplex versus 3-4-unit buildings from this source alone. Stage activity is counted only when the stage date is in the APR reporting year."
Unincorporated San Diego County,2022,Building Permit,5+ unit building,189.0,reported,HCD APR Table A2,2022,2026-10-07,Jurisdiction,Housing units (count),"HCD UNIT_CAT uses SFD, SFA, 2-4, 5+, ADU, and MH. The 2-4 category cannot be defensibly split into duplex versus 3-4-unit buildings from this source alone. Stage activity is counted only when the stage date is in the APR reporting year."
Unincorporated San Diego County,2022,Building Permit,Accessory dwelling unit,338.0,reported,HCD APR Table A2,2022,2026-10-07,Jurisdiction,Housing units (count),"HCD UNIT_CAT uses SFD, SFA, 2-4, 5+, ADU, and MH. The 2-4 category cannot be defensibly split into duplex versus 3-4-unit buildings from this source alone. Stage activity is counted only when the stage date is in the APR reporting year."
Unincorporated San Diego County,2022,Building Permit,Mobile home / manufactured home,93.0,reported,HCD APR Table A2,2022,2026-10-07,Jurisdiction,Housing units (count),"HCD UNIT_CAT uses SFD, SFA, 2-4, 5+, ADU, and MH. The 2-4 category cannot be defensibly split into duplex versus 3-4-unit buildings from this source alone. Stage activity is counted only when the stage date is in the APR reporting year."
Unincorporated San Diego County,2022,Building Permit,Other / source-reported,0.0,reported,HCD APR Table A2,2022,2026-10-07,Jurisdiction,Housing units (count),"HCD UNIT_CAT uses SFD, SFA, 2-4, 5+, ADU, and MH. The 2-4 category cannot be defensibly split into duplex versus 3-4-unit buildings from this source alone. Stage activity is counted only when the stage date is in the APR reporting year."
Unincorporated San Diego County,2022,Building Permit,Single-family attached,1.0,reported,HCD APR Table A2,2022,2026-10-07,Jurisdiction,Housing units (count),"HCD UNIT_CAT uses SFD, SFA, 2-4, 5+, ADU, and MH. The 2-4 category cannot be defensibly split into duplex versus 3-4-unit buildings from this source alone. Stage activity is counted only when the stage date is in the APR reporting year."
Unincorporated San Diego County,2022,Building Permit,Single-family detached,750.0,reported,HCD APR Table A2,2022,2026-10-07,Jurisdiction,Housing units (count),"HCD UNIT_CAT uses SFD, SFA, 2-4, 5+, ADU, and MH. The 2-4 category cannot be defensibly split into duplex versus 3-4-unit buildings from this source alone. Stage activity is counted only when the stage date is in the APR reporting year."
Unincorporated San Diego County,2022,Building Permit,Unknown / not reported,0.0,reported,HCD APR Table A2,2022,2026-10-07,Jurisdiction,Housing units (count),"HCD UNIT_CAT uses SFD, SFA, 2-4, 5+, ADU, and MH. The 2-4 category cannot be defensibly split into duplex versus 3-4-unit buildings from this source alone. Stage activity is counted only when the stage date is in the APR reporting year."
Unincorporated San Diego County,2022,Completion,2-4 unit building (combined),56.0,reported,HCD APR Table A2,2022,2026-10-07,Jurisdiction,Housing units (count),"HCD UNIT_CAT uses SFD, SFA, 2-4, 5+, ADU, and MH. The 2-4 category cannot be defensibly split into duplex versus 3-4-unit buildings from this source alone. Stage activity is counted only when the stage date is in the APR reporting year."
Unincorporated San Diego County,2022,Completion,5+ unit building,84.0,reported,HCD APR Table A2,2022,2026-10-07,Jurisdiction,Housing units (count),"HCD UNIT_CAT uses SFD, SFA, 2-4, 5+, ADU, and MH. The 2-4 category cannot be defensibly split into duplex versus 3-4-unit buildings from this source alone. Stage activity is counted only when the stage date is in the APR reporting year."
Unincorporated San Diego County,2022,Completion,Accessory dwelling unit,231.0,reported,HCD APR Table A2,2022,2026-10-07,Jurisdiction,Housing units (count),"HCD UNIT_CAT uses SFD, SFA, 2-4, 5+, ADU, and MH. The 2-4 category cannot be defensibly split into duplex versus 3-4-unit buildings from this source alone. Stage activity is counted only when the stage date is in the APR reporting year."
Unincorporated San Diego County,2022,Completion,Mobile home / manufactured home,98.0,reported,HCD APR Table A2,2022,2026-10-07,Jurisdiction,Housing units (count),"HCD UNIT_CAT uses SFD, SFA, 2-4, 5+, ADU, and MH. The 2-4 category cannot be defensibly split into duplex versus 3-4-unit buildings from this source alone. Stage activity is counted only when the stage date is in the APR reporting year."
Unincorporated San Diego County,2022,Completion,Other / source-reported,0.0,reported,HCD APR Table A2,2022,2026-10-07,Jurisdiction,Housing units (count),"HCD UNIT_CAT uses SFD, SFA, 2-4, 5+, ADU, and MH. The 2-4 category cannot be defensibly split into duplex versus 3-4-unit buildings from this source alone. Stage activity is counted only when the stage date is in the APR reporting year."
Unincorporated San Diego County,2022,Completion,Single-family attached,0.0,reported,HCD APR Table A2,2022,2026-10-07,Jurisdiction,Housing units (count),"HCD UNIT_CAT uses SFD, SFA, 2-4, 5+, ADU, and MH. The 2-4 category cannot be defensibly split into duplex versus 3-4-unit buildings from this source alone. Stage activity is counted only when the stage date is in the APR reporting year."
Unincorporated San Diego County,2022,Completion,Single-family detached,818.0,reported,HCD APR Table A2,2022,2026-10-07,Jurisdiction,Housing units (count),"HCD UNIT_CAT uses SFD, SFA, 2-4, 5+, ADU, and MH. The 2-4 category cannot be defensibly split into duplex versus 3-4-unit buildings from this source alone. Stage activity is counted only when the stage date is in the APR reporting year."
Unincorporated San Diego County,2022,Completion,Unknown / not reported,0.0,reported,HCD APR Table A2,2022,2026-10-07,Jurisdiction,Housing units (count),"HCD UNIT_CAT uses SFD, SFA, 2-4, 5+, ADU, and MH. The 2-4 category cannot be defensibly split into duplex versus 3-4-unit buildings from this source alone. Stage activity is counted only when the stage date is in the APR reporting year."
Unincorporated San Diego County,2023,Building Permit,2-4 unit building (combined),28.0,reported,HCD APR Table A2,2023,2026-10-07,Jurisdiction,Housing units (count),"HCD UNIT_CAT uses SFD, SFA, 2-4, 5+, ADU, and MH. The 2-4 category cannot be defensibly split into duplex versus 3-4-unit buildings from this source alone. Stage activity is counted only when the stage date is in the APR reporting year."
Unincorporated San Diego County,2023,Building Permit,5+ unit building,188.0,reported,HCD APR Table A2,2023,2026-10-07,Jurisdiction,Housing units (count),"HCD UNIT_CAT uses SFD, SFA, 2-4, 5+, ADU, and MH. The 2-4 category cannot be defensibly split into duplex versus 3-4-unit buildings from this source alone. Stage activity is counted only when the stage date is in the APR reporting year."
Unincorporated San Diego County,2023,Building Permit,Accessory dwelling unit,426.0,reported,HCD APR Table A2,2023,2026-10-07,Jurisdiction,Housing units (count),"HCD UNIT_CAT uses SFD, SFA, 2-4, 5+, ADU, and MH. The 2-4 category cannot be defensibly split into duplex versus 3-4-unit buildings from this source alone. Stage activity is counted only when the stage date is in the APR reporting year."
Unincorporated San Diego County,2023,Building Permit,Mobile home / manufactured home,90.0,reported,HCD APR Table A2,2023,2026-10-07,Jurisdiction,Housing units (count),"HCD UNIT_CAT uses SFD, SFA, 2-4, 5+, ADU, and MH. The 2-4 category cannot be defensibly split into duplex versus 3-4-unit buildings from this source alone. Stage activity is counted only when the stage date is in the APR reporting year."
Unincorporated San Diego County,2023,Building Permit,Other / source-reported,0.0,reported,HCD APR Table A2,2023,2026-10-07,Jurisdiction,Housing units (count),"HCD UNIT_CAT uses SFD, SFA, 2-4, 5+, ADU, and MH. The 2-4 category cannot be defensibly split into duplex versus 3-4-unit buildings from this source alone. Stage activity is counted only when the stage date is in the APR reporting year."
Unincorporated San Diego County,2023,Building Permit,Single-family attached,48.0,reported,HCD APR Table A2,2023,2026-10-07,Jurisdiction,Housing units (count),"HCD UNIT_CAT uses SFD, SFA, 2-4, 5+, ADU, and MH. The 2-4 category cannot be defensibly split into duplex versus 3-4-unit buildings from this source alone. Stage activity is counted only when the stage date is in the APR reporting year."
Unincorporated San Diego County,2023,Building Permit,Single-family detached,440.0,reported,HCD APR Table A2,2023,2026-10-07,Jurisdiction,Housing units (count),"HCD UNIT_CAT uses SFD, SFA, 2-4, 5+, ADU, and MH. The 2-4 category cannot be defensibly split into duplex versus 3-4-unit buildings from this source alone. Stage activity is counted only when the stage date is in the APR reporting year."
Unincorporated San Diego County,2023,Building Permit,Unknown / not reported,0.0,reported,HCD APR Table A2,2023,2026-10-07,Jurisdiction,Housing units (count),"HCD UNIT_CAT uses SFD, SFA, 2-4, 5+, ADU, and MH. The 2-4 category cannot be defensibly split into duplex versus 3-4-unit buildings from this source alone. Stage activity is counted only when the stage date is in the APR reporting year."
Unincorporated San Diego County,2023,Completion,2-4 unit building (combined),28.0,reported,HCD APR Table A2,2023,2026-10-07,Jurisdiction,Housing units (count),"HCD UNIT_CAT uses SFD, SFA, 2-4, 5+, ADU, and MH. The 2-4 category cannot be defensibly split into duplex versus 3-4-unit buildings from this source alone. Stage activity is counted only when the stage date is in the APR reporting year."
Unincorporated San Diego County,2023,Completion,5+ unit building,266.0,reported,HCD APR Table A2,2023,2026-10-07,Jurisdiction,Housing units (count),"HCD UNIT_CAT uses SFD, SFA, 2-4, 5+, ADU, and MH. The 2-4 category cannot be defensibly split into duplex versus 3-4-unit buildings from this source alone. Stage activity is counted only when the stage date is in the APR reporting year."
Unincorporated San Diego County,2023,Completion,Accessory dwelling unit,323.0,reported,HCD APR Table A2,2023,2026-10-07,Jurisdiction,Housing units (count),"HCD UNIT_CAT uses SFD, SFA, 2-4, 5+, ADU, and MH. The 2-4 category cannot be defensibly split into duplex versus 3-4-unit buildings from this source alone. Stage activity is counted only when the stage date is in the APR reporting year."
Unincorporated San Diego County,2023,Completion,Mobile home / manufactured home,92.0,reported,HCD APR Table A2,2023,2026-10-07,Jurisdiction,Housing units (count),"HCD UNIT_CAT uses SFD, SFA, 2-4, 5+, ADU, and MH. The 2-4 category cannot be defensibly split into duplex versus 3-4-unit buildings from this source alone. Stage activity is counted only when the stage date is in the APR reporting year."
Unincorporated San Diego County,2023,Completion,Other / source-reported,0.0,reported,HCD APR Table A2,2023,2026-10-07,Jurisdiction,Housing units (count),"HCD UNIT_CAT uses SFD, SFA, 2-4, 5+, ADU, and MH. The 2-4 category cannot be defensibly split into duplex versus 3-4-unit buildings from this source alone. Stage activity is counted only when the stage date is in the APR reporting year."
Unincorporated San Diego County,2023,Completion,Single-family attached,0.0,reported,HCD APR Table A2,2023,2026-10-07,Jurisdiction,Housing units (count),"HCD UNIT_CAT uses SFD, SFA, 2-4, 5+, ADU, and MH. The 2-4 category cannot be defensibly split into duplex versus 3-4-unit buildings from this source alone. Stage activity is counted only when the stage date is in the APR reporting year."
Unincorporated San Diego County,2023,Completion,Single-family detached,551.0,reported,HCD APR Table A2,2023,2026-10-07,Jurisdiction,Housing units (count),"HCD UNIT_CAT uses SFD, SFA, 2-4, 5+, ADU, and MH. The 2-4 category cannot be defensibly split into duplex versus 3-4-unit buildings from this source alone. Stage activity is counted only when the stage date is in the APR reporting year."
Unincorporated San Diego County,2023,Completion,Unknown / not reported,0.0,reported,HCD APR Table A2,2023,2026-10-07,Jurisdiction,Housing units (count),"HCD UNIT_CAT uses SFD, SFA, 2-4, 5+, ADU, and MH. The 2-4 category cannot be defensibly split into duplex versus 3-4-unit buildings from this source alone. Stage activity is counted only when the stage date is in the APR reporting year."
Unincorporated San Diego County,2024,Building Permit,2-4 unit building (combined),0.0,reported,HCD APR Table A2,2024,2026-10-07,Jurisdiction,Housing units (count),"HCD UNIT_CAT uses SFD, SFA, 2-4, 5+, ADU, and MH. The 2-4 category cannot be defensibly split into duplex versus 3-4-unit buildings from this source alone. Stage activity is counted only when the stage date is in the APR reporting year."
Unincorporated San Diego County,2024,Building Permit,5+ unit building,174.0,reported,HCD APR Table A2,2024,2026-10-07,Jurisdiction,Housing units (count),"HCD UNIT_CAT uses SFD, SFA, 2-4, 5+, ADU, and MH. The 2-4 category cannot be defensibly split into duplex versus 3-4-unit buildings from this source alone. Stage activity is counted only when the stage date is in the APR reporting year."
Unincorporated San Diego County,2024,Building Permit,Accessory dwelling unit,489.0,reported,HCD APR Table A2,2024,2026-10-07,Jurisdiction,Housing units (count),"HCD UNIT_CAT uses SFD, SFA, 2-4, 5+, ADU, and MH. The 2-4 category cannot be defensibly split into duplex versus 3-4-unit buildings from this source alone. Stage activity is counted only when the stage date is in the APR reporting year."
Unincorporated San Diego County,2024,Building Permit,Mobile home / manufactured home,89.0,reported,HCD APR Table A2,2024,2026-10-07,Jurisdiction,Housing units (count),"HCD UNIT_CAT uses SFD, SFA, 2-4, 5+, ADU, and MH. The 2-4 category cannot be defensibly split into duplex versus 3-4-unit buildings from this source alone. Stage activity is counted only when the stage date is in the APR reporting year."
Unincorporated San Diego County,2024,Building Permit,Other / source-reported,0.0,reported,HCD APR Table A2,2024,2026-10-07,Jurisdiction,Housing units (count),"HCD UNIT_CAT uses SFD, SFA, 2-4, 5+, ADU, and MH. The 2-4 category cannot be defensibly split into duplex versus 3-4-unit buildings from this source alone. Stage activity is counted only when the stage date is in the APR reporting year."
Unincorporated San Diego County,2024,Building Permit,Single-family attached,0.0,reported,HCD APR Table A2,2024,2026-10-07,Jurisdiction,Housing units (count),"HCD UNIT_CAT uses SFD, SFA, 2-4, 5+, ADU, and MH. The 2-4 category cannot be defensibly split into duplex versus 3-4-unit buildings from this source alone. Stage activity is counted only when the stage date is in the APR reporting year."
Unincorporated San Diego County,2024,Building Permit,Single-family detached,336.0,reported,HCD APR Table A2,2024,2026-10-07,Jurisdiction,Housing units (count),"HCD UNIT_CAT uses SFD, SFA, 2-4, 5+, ADU, and MH. The 2-4 category cannot be defensibly split into duplex versus 3-4-unit buildings from this source alone. Stage activity is counted only when the stage date is in the APR reporting year."
Unincorporated San Diego County,2024,Building Permit,Unknown / not reported,0.0,reported,HCD APR Table A2,2024,2026-10-07,Jurisdiction,Housing units (count),"HCD UNIT_CAT uses SFD, SFA, 2-4, 5+, ADU, and MH. The 2-4 category cannot be defensibly split into duplex versus 3-4-unit buildings from this source alone. Stage activity is counted only when the stage date is in the APR reporting year."
Unincorporated San Diego County,2024,Completion,2-4 unit building (combined),4.0,reported,HCD APR Table A2,2024,2026-10-07,Jurisdiction,Housing units (count),"HCD UNIT_CAT uses SFD, SFA, 2-4, 5+, ADU, and MH. The 2-4 category cannot be defensibly split into duplex versus 3-4-unit buildings from this source alone. Stage activity is counted only when the stage date is in the APR reporting year."
Unincorporated San Diego County,2024,Completion,5+ unit building,21.0,reported,HCD APR Table A2,2024,2026-10-07,Jurisdiction,Housing units (count),"HCD UNIT_CAT uses SFD, SFA, 2-4, 5+, ADU, and MH. The 2-4 category cannot be defensibly split into duplex versus 3-4-unit buildings from this source alone. Stage activity is counted only when the stage date is in the APR reporting year."
Unincorporated San Diego County,2024,Completion,Accessory dwelling unit,369.0,reported,HCD APR Table A2,2024,2026-10-07,Jurisdiction,Housing units (count),"HCD UNIT_CAT uses SFD, SFA, 2-4, 5+, ADU, and MH. The 2-4 category cannot be defensibly split into duplex versus 3-4-unit buildings from this source alone. Stage activity is counted only when the stage date is in the APR reporting year."
Unincorporated San Diego County,2024,Completion,Mobile home / manufactured home,84.0,reported,HCD APR Table A2,2024,2026-10-07,Jurisdiction,Housing units (count),"HCD UNIT_CAT uses SFD, SFA, 2-4, 5+, ADU, and MH. The 2-4 category cannot be defensibly split into duplex versus 3-4-unit buildings from this source alone. Stage activity is counted only when the stage date is in the APR reporting year."
Unincorporated San Diego County,2024,Completion,Other / source-reported,0.0,reported,HCD APR Table A2,2024,2026-10-07,Jurisdiction,Housing units (count),"HCD UNIT_CAT uses SFD, SFA, 2-4, 5+, ADU, and MH. The 2-4 category cannot be defensibly split into duplex versus 3-4-unit buildings from this source alone. Stage activity is counted only when the stage date is in the APR reporting year."
Unincorporated San Diego County,2024,Completion,Single-family attached,144.0,reported,HCD APR Table A2,2024,2026-10-07,Jurisdiction,Housing units (count),"HCD UNIT_CAT uses SFD, SFA, 2-4, 5+, ADU, and MH. The 2-4 category cannot be defensibly split into duplex versus 3-4-unit buildings from this source alone. Stage activity is counted only when the stage date is in the APR reporting year."
Unincorporated San Diego County,2024,Completion,Single-family detached,332.0,reported,HCD APR Table A2,2024,2026-10-07,Jurisdiction,Housing units (count),"HCD UNIT_CAT uses SFD, SFA, 2-4, 5+, ADU, and MH. The 2-4 category cannot be defensibly split into duplex versus 3-4-unit buildings from this source alone. Stage activity is counted only when the stage date is in the APR reporting year."
Unincorporated San Diego County,2024,Completion,Unknown / not reported,0.0,reported,HCD APR Table A2,2024,2026-10-07,Jurisdiction,Housing units (count),"HCD UNIT_CAT uses SFD, SFA, 2-4, 5+, ADU, and MH. The 2-4 category cannot be defensibly split into duplex versus 3-4-unit buildings from this source alone. Stage activity is counted only when the stage date is in the APR reporting year."
Unincorporated San Diego County,2025,Building Permit,2-4 unit building (combined),0.0,reported,HCD APR Table A2,2025,2026-10-07,Jurisdiction,Housing units (count),"HCD UNIT_CAT uses SFD, SFA, 2-4, 5+, ADU, and MH. The 2-4 category cannot be defensibly split into duplex versus 3-4-unit buildings from this source alone. Stage activity is counted only when the stage date is in the APR reporting year."
Unincorporated San Diego County,2025,Building Permit,5+ unit building,65.0,reported,HCD APR Table A2,2025,2026-10-07,Jurisdiction,Housing units (count),"HCD UNIT_CAT uses SFD, SFA, 2-4, 5+, ADU, and MH. The 2-4 category cannot be defensibly split into duplex versus 3-4-unit buildings from this source alone. Stage activity is counted only when the stage date is in the APR reporting year."
Unincorporated San Diego County,2025,Building Permit,Accessory dwelling unit,403.0,reported,HCD APR Table A2,2025,2026-10-07,Jurisdiction,Housing units (count),"HCD UNIT_CAT uses SFD, SFA, 2-4, 5+, ADU, and MH. The 2-4 category cannot be defensibly split into duplex versus 3-4-unit buildings from this source alone. Stage activity is counted only when the stage date is in the APR reporting year."
Unincorporated San Diego County,2025,Building Permit,Mobile home / manufactured home,84.0,reported,HCD APR Table A2,2025,2026-10-07,Jurisdiction,Housing units (count),"HCD UNIT_CAT uses SFD, SFA, 2-4, 5+, ADU, and MH. The 2-4 category cannot be defensibly split into duplex versus 3-4-unit buildings from this source alone. Stage activity is counted only when the stage date is in the APR reporting year."
Unincorporated San Diego County,2025,Building Permit,Other / source-reported,0.0,reported,HCD APR Table A2,2025,2026-10-07,Jurisdiction,Housing units (count),"HCD UNIT_CAT uses SFD, SFA, 2-4, 5+, ADU, and MH. The 2-4 category cannot be defensibly split into duplex versus 3-4-unit buildings from this source alone. Stage activity is counted only when the stage date is in the APR reporting year."
Unincorporated San Diego County,2025,Building Permit,Single-family attached,4.0,reported,HCD APR Table A2,2025,2026-10-07,Jurisdiction,Housing units (count),"HCD UNIT_CAT uses SFD, SFA, 2-4, 5+, ADU, and MH. The 2-4 category cannot be defensibly split into duplex versus 3-4-unit buildings from this source alone. Stage activity is counted only when the stage date is in the APR reporting year."
Unincorporated San Diego County,2025,Building Permit,Single-family detached,376.0,reported,HCD APR Table A2,2025,2026-10-07,Jurisdiction,Housing units (count),"HCD UNIT_CAT uses SFD, SFA, 2-4, 5+, ADU, and MH. The 2-4 category cannot be defensibly split into duplex versus 3-4-unit buildings from this source alone. Stage activity is counted only when the stage date is in the APR reporting year."
Unincorporated San Diego County,2025,Building Permit,Unknown / not reported,0.0,reported,HCD APR Table A2,2025,2026-10-07,Jurisdiction,Housing units (count),"HCD UNIT_CAT uses SFD, SFA, 2-4, 5+, ADU, and MH. The 2-4 category cannot be defensibly split into duplex versus 3-4-unit buildings from this source alone. Stage activity is counted only when the stage date is in the APR reporting year."
Unincorporated San Diego County,2025,Completion,2-4 unit building (combined),8.0,reported,HCD APR Table A2,2025,2026-10-07,Jurisdiction,Housing units (count),"HCD UNIT_CAT uses SFD, SFA, 2-4, 5+, ADU, and MH. The 2-4 category cannot be defensibly split into duplex versus 3-4-unit buildings from this source alone. Stage activity is counted only when the stage date is in the APR reporting year."
Unincorporated San Diego County,2025,Completion,5+ unit building,102.0,reported,HCD APR Table A2,2025,2026-10-07,Jurisdiction,Housing units (count),"HCD UNIT_CAT uses SFD, SFA, 2-4, 5+, ADU, and MH. The 2-4 category cannot be defensibly split into duplex versus 3-4-unit buildings from this source alone. Stage activity is counted only when the stage date is in the APR reporting year."
Unincorporated San Diego County,2025,Completion,Accessory dwelling unit,407.0,reported,HCD APR Table A2,2025,2026-10-07,Jurisdiction,Housing units (count),"HCD UNIT_CAT uses SFD, SFA, 2-4, 5+, ADU, and MH. The 2-4 category cannot be defensibly split into duplex versus 3-4-unit buildings from this source alone. Stage activity is counted only when the stage date is in the APR reporting year."
Unincorporated San Diego County,2025,Completion,Mobile home / manufactured home,82.0,reported,HCD APR Table A2,2025,2026-10-07,Jurisdiction,Housing units (count),"HCD UNIT_CAT uses SFD, SFA, 2-4, 5+, ADU, and MH. The 2-4 category cannot be defensibly split into duplex versus 3-4-unit buildings from this source alone. Stage activity is counted only when the stage date is in the APR reporting year."
Unincorporated San Diego County,2025,Completion,Other / source-reported,0.0,reported,HCD APR Table A2,2025,2026-10-07,Jurisdiction,Housing units (count),"HCD UNIT_CAT uses SFD, SFA, 2-4, 5+, ADU, and MH. The 2-4 category cannot be defensibly split into duplex versus 3-4-unit buildings from this source alone. Stage activity is counted only when the stage date is in the APR reporting year."
Unincorporated San Diego County,2025,Completion,Single-family attached,10.0,reported,HCD APR Table A2,2025,2026-10-07,Jurisdiction,Housing units (count),"HCD UNIT_CAT uses SFD, SFA, 2-4, 5+, ADU, and MH. The 2-4 category cannot be defensibly split into duplex versus 3-4-unit buildings from this source alone. Stage activity is counted only when the stage date is in the APR reporting year."
Unincorporated San Diego County,2025,Completion,Single-family detached,334.0,reported,HCD APR Table A2,2025,2026-10-07,Jurisdiction,Housing units (count),"HCD UNIT_CAT uses SFD, SFA, 2-4, 5+, ADU, and MH. The 2-4 category cannot be defensibly split into duplex versus 3-4-unit buildings from this source alone. Stage activity is counted only when the stage date is in the APR reporting year."
Unincorporated San Diego County,2025,Completion,Unknown / not reported,0.0,reported,HCD APR Table A2,2025,2026-10-07,Jurisdiction,Housing units (count),"HCD UNIT_CAT uses SFD, SFA, 2-4, 5+, ADU, and MH. The 2-4 category cannot be defensibly split into duplex versus 3-4-unit buildings from this source alone. Stage activity is counted only when the stage date is in the APR reporting year."
Vista,2018,Building Permit,2-4 unit building (combined),0.0,reported,HCD APR Table A2,2018,2026-10-07,Jurisdiction,Housing units (count),"HCD UNIT_CAT uses SFD, SFA, 2-4, 5+, ADU, and MH. The 2-4 category cannot be defensibly split into duplex versus 3-4-unit buildings from this source alone. Stage activity is counted only when the stage date is in the APR reporting year."
Vista,2018,Building Permit,5+ unit building,305.0,reported,HCD APR Table A2,2018,2026-10-07,Jurisdiction,Housing units (count),"HCD UNIT_CAT uses SFD, SFA, 2-4, 5+, ADU, and MH. The 2-4 category cannot be defensibly split into duplex versus 3-4-unit buildings from this source alone. Stage activity is counted only when the stage date is in the APR reporting year."
Vista,2018,Building Permit,Accessory dwelling unit,0.0,reported,HCD APR Table A2,2018,2026-10-07,Jurisdiction,Housing units (count),"HCD UNIT_CAT uses SFD, SFA, 2-4, 5+, ADU, and MH. The 2-4 category cannot be defensibly split into duplex versus 3-4-unit buildings from this source alone. Stage activity is counted only when the stage date is in the APR reporting year."
Vista,2018,Building Permit,Mobile home / manufactured home,0.0,reported,HCD APR Table A2,2018,2026-10-07,Jurisdiction,Housing units (count),"HCD UNIT_CAT uses SFD, SFA, 2-4, 5+, ADU, and MH. The 2-4 category cannot be defensibly split into duplex versus 3-4-unit buildings from this source alone. Stage activity is counted only when the stage date is in the APR reporting year."
Vista,2018,Building Permit,Other / source-reported,0.0,reported,HCD APR Table A2,2018,2026-10-07,Jurisdiction,Housing units (count),"HCD UNIT_CAT uses SFD, SFA, 2-4, 5+, ADU, and MH. The 2-4 category cannot be defensibly split into duplex versus 3-4-unit buildings from this source alone. Stage activity is counted only when the stage date is in the APR reporting year."
Vista,2018,Building Permit,Single-family attached,151.0,reported,HCD APR Table A2,2018,2026-10-07,Jurisdiction,Housing units (count),"HCD UNIT_CAT uses SFD, SFA, 2-4, 5+, ADU, and MH. The 2-4 category cannot be defensibly split into duplex versus 3-4-unit buildings from this source alone. Stage activity is counted only when the stage date is in the APR reporting year."
Vista,2018,Building Permit,Single-family detached,19.0,reported,HCD APR Table A2,2018,2026-10-07,Jurisdiction,Housing units (count),"HCD UNIT_CAT uses SFD, SFA, 2-4, 5+, ADU, and MH. The 2-4 category cannot be defensibly split into duplex versus 3-4-unit buildings from this source alone. Stage activity is counted only when the stage date is in the APR reporting year."
Vista,2018,Building Permit,Unknown / not reported,0.0,reported,HCD APR Table A2,2018,2026-10-07,Jurisdiction,Housing units (count),"HCD UNIT_CAT uses SFD, SFA, 2-4, 5+, ADU, and MH. The 2-4 category cannot be defensibly split into duplex versus 3-4-unit buildings from this source alone. Stage activity is counted only when the stage date is in the APR reporting year."
Vista,2018,Completion,2-4 unit building (combined),0.0,reported,HCD APR Table A2,2018,2026-10-07,Jurisdiction,Housing units (count),"HCD UNIT_CAT uses SFD, SFA, 2-4, 5+, ADU, and MH. The 2-4 category cannot be defensibly split into duplex versus 3-4-unit buildings from this source alone. Stage activity is counted only when the stage date is in the APR reporting year."
Vista,2018,Completion,5+ unit building,0.0,reported,HCD APR Table A2,2018,2026-10-07,Jurisdiction,Housing units (count),"HCD UNIT_CAT uses SFD, SFA, 2-4, 5+, ADU, and MH. The 2-4 category cannot be defensibly split into duplex versus 3-4-unit buildings from this source alone. Stage activity is counted only when the stage date is in the APR reporting year."
Vista,2018,Completion,Accessory dwelling unit,0.0,reported,HCD APR Table A2,2018,2026-10-07,Jurisdiction,Housing units (count),"HCD UNIT_CAT uses SFD, SFA, 2-4, 5+, ADU, and MH. The 2-4 category cannot be defensibly split into duplex versus 3-4-unit buildings from this source alone. Stage activity is counted only when the stage date is in the APR reporting year."
Vista,2018,Completion,Mobile home / manufactured home,0.0,reported,HCD APR Table A2,2018,2026-10-07,Jurisdiction,Housing units (count),"HCD UNIT_CAT uses SFD, SFA, 2-4, 5+, ADU, and MH. The 2-4 category cannot be defensibly split into duplex versus 3-4-unit buildings from this source alone. Stage activity is counted only when the stage date is in the APR reporting year."
Vista,2018,Completion,Other / source-reported,0.0,reported,HCD APR Table A2,2018,2026-10-07,Jurisdiction,Housing units (count),"HCD UNIT_CAT uses SFD, SFA, 2-4, 5+, ADU, and MH. The 2-4 category cannot be defensibly split into duplex versus 3-4-unit buildings from this source alone. Stage activity is counted only when the stage date is in the APR reporting year."
Vista,2018,Completion,Single-family attached,4.0,reported,HCD APR Table A2,2018,2026-10-07,Jurisdiction,Housing units (count),"HCD UNIT_CAT uses SFD, SFA, 2-4, 5+, ADU, and MH. The 2-4 category cannot be defensibly split into duplex versus 3-4-unit buildings from this source alone. Stage activity is counted only when the stage date is in the APR reporting year."
Vista,2018,Completion,Single-family detached,11.0,reported,HCD APR Table A2,2018,2026-10-07,Jurisdiction,Housing units (count),"HCD UNIT_CAT uses SFD, SFA, 2-4, 5+, ADU, and MH. The 2-4 category cannot be defensibly split into duplex versus 3-4-unit buildings from this source alone. Stage activity is counted only when the stage date is in the APR reporting year."
Vista,2018,Completion,Unknown / not reported,0.0,reported,HCD APR Table A2,2018,2026-10-07,Jurisdiction,Housing units (count),"HCD UNIT_CAT uses SFD, SFA, 2-4, 5+, ADU, and MH. The 2-4 category cannot be defensibly split into duplex versus 3-4-unit buildings from this source alone. Stage activity is counted only when the stage date is in the APR reporting year."
Vista,2019,Building Permit,2-4 unit building (combined),0.0,reported,HCD APR Table A2,2019,2026-10-07,Jurisdiction,Housing units (count),"HCD UNIT_CAT uses SFD, SFA, 2-4, 5+, ADU, and MH. The 2-4 category cannot be defensibly split into duplex versus 3-4-unit buildings from this source alone. Stage activity is counted only when the stage date is in the APR reporting year."
Vista,2019,Building Permit,5+ unit building,309.0,reported,HCD APR Table A2,2019,2026-10-07,Jurisdiction,Housing units (count),"HCD UNIT_CAT uses SFD, SFA, 2-4, 5+, ADU, and MH. The 2-4 category cannot be defensibly split into duplex versus 3-4-unit buildings from this source alone. Stage activity is counted only when the stage date is in the APR reporting year."
Vista,2019,Building Permit,Accessory dwelling unit,2.0,reported,HCD APR Table A2,2019,2026-10-07,Jurisdiction,Housing units (count),"HCD UNIT_CAT uses SFD, SFA, 2-4, 5+, ADU, and MH. The 2-4 category cannot be defensibly split into duplex versus 3-4-unit buildings from this source alone. Stage activity is counted only when the stage date is in the APR reporting year."
Vista,2019,Building Permit,Mobile home / manufactured home,0.0,reported,HCD APR Table A2,2019,2026-10-07,Jurisdiction,Housing units (count),"HCD UNIT_CAT uses SFD, SFA, 2-4, 5+, ADU, and MH. The 2-4 category cannot be defensibly split into duplex versus 3-4-unit buildings from this source alone. Stage activity is counted only when the stage date is in the APR reporting year."
Vista,2019,Building Permit,Other / source-reported,0.0,reported,HCD APR Table A2,2019,2026-10-07,Jurisdiction,Housing units (count),"HCD UNIT_CAT uses SFD, SFA, 2-4, 5+, ADU, and MH. The 2-4 category cannot be defensibly split into duplex versus 3-4-unit buildings from this source alone. Stage activity is counted only when the stage date is in the APR reporting year."
Vista,2019,Building Permit,Single-family attached,78.0,reported,HCD APR Table A2,2019,2026-10-07,Jurisdiction,Housing units (count),"HCD UNIT_CAT uses SFD, SFA, 2-4, 5+, ADU, and MH. The 2-4 category cannot be defensibly split into duplex versus 3-4-unit buildings from this source alone. Stage activity is counted only when the stage date is in the APR reporting year."
Vista,2019,Building Permit,Single-family detached,9.0,reported,HCD APR Table A2,2019,2026-10-07,Jurisdiction,Housing units (count),"HCD UNIT_CAT uses SFD, SFA, 2-4, 5+, ADU, and MH. The 2-4 category cannot be defensibly split into duplex versus 3-4-unit buildings from this source alone. Stage activity is counted only when the stage date is in the APR reporting year."
Vista,2019,Building Permit,Unknown / not reported,0.0,reported,HCD APR Table A2,2019,2026-10-07,Jurisdiction,Housing units (count),"HCD UNIT_CAT uses SFD, SFA, 2-4, 5+, ADU, and MH. The 2-4 category cannot be defensibly split into duplex versus 3-4-unit buildings from this source alone. Stage activity is counted only when the stage date is in the APR reporting year."
Vista,2019,Completion,2-4 unit building (combined),0.0,reported,HCD APR Table A2,2019,2026-10-07,Jurisdiction,Housing units (count),"HCD UNIT_CAT uses SFD, SFA, 2-4, 5+, ADU, and MH. The 2-4 category cannot be defensibly split into duplex versus 3-4-unit buildings from this source alone. Stage activity is counted only when the stage date is in the APR reporting year."
Vista,2019,Completion,5+ unit building,129.0,reported,HCD APR Table A2,2019,2026-10-07,Jurisdiction,Housing units (count),"HCD UNIT_CAT uses SFD, SFA, 2-4, 5+, ADU, and MH. The 2-4 category cannot be defensibly split into duplex versus 3-4-unit buildings from this source alone. Stage activity is counted only when the stage date is in the APR reporting year."
Vista,2019,Completion,Accessory dwelling unit,4.0,reported,HCD APR Table A2,2019,2026-10-07,Jurisdiction,Housing units (count),"HCD UNIT_CAT uses SFD, SFA, 2-4, 5+, ADU, and MH. The 2-4 category cannot be defensibly split into duplex versus 3-4-unit buildings from this source alone. Stage activity is counted only when the stage date is in the APR reporting year."
Vista,2019,Completion,Mobile home / manufactured home,0.0,reported,HCD APR Table A2,2019,2026-10-07,Jurisdiction,Housing units (count),"HCD UNIT_CAT uses SFD, SFA, 2-4, 5+, ADU, and MH. The 2-4 category cannot be defensibly split into duplex versus 3-4-unit buildings from this source alone. Stage activity is counted only when the stage date is in the APR reporting year."
Vista,2019,Completion,Other / source-reported,0.0,reported,HCD APR Table A2,2019,2026-10-07,Jurisdiction,Housing units (count),"HCD UNIT_CAT uses SFD, SFA, 2-4, 5+, ADU, and MH. The 2-4 category cannot be defensibly split into duplex versus 3-4-unit buildings from this source alone. Stage activity is counted only when the stage date is in the APR reporting year."
Vista,2019,Completion,Single-family attached,117.0,reported,HCD APR Table A2,2019,2026-10-07,Jurisdiction,Housing units (count),"HCD UNIT_CAT uses SFD, SFA, 2-4, 5+, ADU, and MH. The 2-4 category cannot be defensibly split into duplex versus 3-4-unit buildings from this source alone. Stage activity is counted only when the stage date is in the APR reporting year."
Vista,2019,Completion,Single-family detached,42.0,reported,HCD APR Table A2,2019,2026-10-07,Jurisdiction,Housing units (count),"HCD UNIT_CAT uses SFD, SFA, 2-4, 5+, ADU, and MH. The 2-4 category cannot be defensibly split into duplex versus 3-4-unit buildings from this source alone. Stage activity is counted only when the stage date is in the APR reporting year."
Vista,2019,Completion,Unknown / not reported,0.0,reported,HCD APR Table A2,2019,2026-10-07,Jurisdiction,Housing units (count),"HCD UNIT_CAT uses SFD, SFA, 2-4, 5+, ADU, and MH. The 2-4 category cannot be defensibly split into duplex versus 3-4-unit buildings from this source alone. Stage activity is counted only when the stage date is in the APR reporting year."
Vista,2020,Building Permit,2-4 unit building (combined),4.0,reported,HCD APR Table A2,2020,2026-10-07,Jurisdiction,Housing units (count),"HCD UNIT_CAT uses SFD, SFA, 2-4, 5+, ADU, and MH. The 2-4 category cannot be defensibly split into duplex versus 3-4-unit buildings from this source alone. Stage activity is counted only when the stage date is in the APR reporting year."
Vista,2020,Building Permit,5+ unit building,236.0,reported,HCD APR Table A2,2020,2026-10-07,Jurisdiction,Housing units (count),"HCD UNIT_CAT uses SFD, SFA, 2-4, 5+, ADU, and MH. The 2-4 category cannot be defensibly split into duplex versus 3-4-unit buildings from this source alone. Stage activity is counted only when the stage date is in the APR reporting year."
Vista,2020,Building Permit,Accessory dwelling unit,51.0,reported,HCD APR Table A2,2020,2026-10-07,Jurisdiction,Housing units (count),"HCD UNIT_CAT uses SFD, SFA, 2-4, 5+, ADU, and MH. The 2-4 category cannot be defensibly split into duplex versus 3-4-unit buildings from this source alone. Stage activity is counted only when the stage date is in the APR reporting year."
Vista,2020,Building Permit,Mobile home / manufactured home,3.0,reported,HCD APR Table A2,2020,2026-10-07,Jurisdiction,Housing units (count),"HCD UNIT_CAT uses SFD, SFA, 2-4, 5+, ADU, and MH. The 2-4 category cannot be defensibly split into duplex versus 3-4-unit buildings from this source alone. Stage activity is counted only when the stage date is in the APR reporting year."
Vista,2020,Building Permit,Other / source-reported,0.0,reported,HCD APR Table A2,2020,2026-10-07,Jurisdiction,Housing units (count),"HCD UNIT_CAT uses SFD, SFA, 2-4, 5+, ADU, and MH. The 2-4 category cannot be defensibly split into duplex versus 3-4-unit buildings from this source alone. Stage activity is counted only when the stage date is in the APR reporting year."
Vista,2020,Building Permit,Single-family attached,124.0,reported,HCD APR Table A2,2020,2026-10-07,Jurisdiction,Housing units (count),"HCD UNIT_CAT uses SFD, SFA, 2-4, 5+, ADU, and MH. The 2-4 category cannot be defensibly split into duplex versus 3-4-unit buildings from this source alone. Stage activity is counted only when the stage date is in the APR reporting year."
Vista,2020,Building Permit,Single-family detached,100.0,reported,HCD APR Table A2,2020,2026-10-07,Jurisdiction,Housing units (count),"HCD UNIT_CAT uses SFD, SFA, 2-4, 5+, ADU, and MH. The 2-4 category cannot be defensibly split into duplex versus 3-4-unit buildings from this source alone. Stage activity is counted only when the stage date is in the APR reporting year."
Vista,2020,Building Permit,Unknown / not reported,0.0,reported,HCD APR Table A2,2020,2026-10-07,Jurisdiction,Housing units (count),"HCD UNIT_CAT uses SFD, SFA, 2-4, 5+, ADU, and MH. The 2-4 category cannot be defensibly split into duplex versus 3-4-unit buildings from this source alone. Stage activity is counted only when the stage date is in the APR reporting year."
Vista,2020,Completion,2-4 unit building (combined),0.0,reported,HCD APR Table A2,2020,2026-10-07,Jurisdiction,Housing units (count),"HCD UNIT_CAT uses SFD, SFA, 2-4, 5+, ADU, and MH. The 2-4 category cannot be defensibly split into duplex versus 3-4-unit buildings from this source alone. Stage activity is counted only when the stage date is in the APR reporting year."
Vista,2020,Completion,5+ unit building,260.0,reported,HCD APR Table A2,2020,2026-10-07,Jurisdiction,Housing units (count),"HCD UNIT_CAT uses SFD, SFA, 2-4, 5+, ADU, and MH. The 2-4 category cannot be defensibly split into duplex versus 3-4-unit buildings from this source alone. Stage activity is counted only when the stage date is in the APR reporting year."
Vista,2020,Completion,Accessory dwelling unit,25.0,reported,HCD APR Table A2,2020,2026-10-07,Jurisdiction,Housing units (count),"HCD UNIT_CAT uses SFD, SFA, 2-4, 5+, ADU, and MH. The 2-4 category cannot be defensibly split into duplex versus 3-4-unit buildings from this source alone. Stage activity is counted only when the stage date is in the APR reporting year."
Vista,2020,Completion,Mobile home / manufactured home,4.0,reported,HCD APR Table A2,2020,2026-10-07,Jurisdiction,Housing units (count),"HCD UNIT_CAT uses SFD, SFA, 2-4, 5+, ADU, and MH. The 2-4 category cannot be defensibly split into duplex versus 3-4-unit buildings from this source alone. Stage activity is counted only when the stage date is in the APR reporting year."
Vista,2020,Completion,Other / source-reported,0.0,reported,HCD APR Table A2,2020,2026-10-07,Jurisdiction,Housing units (count),"HCD UNIT_CAT uses SFD, SFA, 2-4, 5+, ADU, and MH. The 2-4 category cannot be defensibly split into duplex versus 3-4-unit buildings from this source alone. Stage activity is counted only when the stage date is in the APR reporting year."
Vista,2020,Completion,Single-family attached,105.0,reported,HCD APR Table A2,2020,2026-10-07,Jurisdiction,Housing units (count),"HCD UNIT_CAT uses SFD, SFA, 2-4, 5+, ADU, and MH. The 2-4 category cannot be defensibly split into duplex versus 3-4-unit buildings from this source alone. Stage activity is counted only when the stage date is in the APR reporting year."
Vista,2020,Completion,Single-family detached,83.0,reported,HCD APR Table A2,2020,2026-10-07,Jurisdiction,Housing units (count),"HCD UNIT_CAT uses SFD, SFA, 2-4, 5+, ADU, and MH. The 2-4 category cannot be defensibly split into duplex versus 3-4-unit buildings from this source alone. Stage activity is counted only when the stage date is in the APR reporting year."
Vista,2020,Completion,Unknown / not reported,0.0,reported,HCD APR Table A2,2020,2026-10-07,Jurisdiction,Housing units (count),"HCD UNIT_CAT uses SFD, SFA, 2-4, 5+, ADU, and MH. The 2-4 category cannot be defensibly split into duplex versus 3-4-unit buildings from this source alone. Stage activity is counted only when the stage date is in the APR reporting year."
Vista,2021,Building Permit,2-4 unit building (combined),0.0,reported,HCD APR Table A2,2021,2026-10-07,Jurisdiction,Housing units (count),"HCD UNIT_CAT uses SFD, SFA, 2-4, 5+, ADU, and MH. The 2-4 category cannot be defensibly split into duplex versus 3-4-unit buildings from this source alone. Stage activity is counted only when the stage date is in the APR reporting year."
Vista,2021,Building Permit,5+ unit building,0.0,reported,HCD APR Table A2,2021,2026-10-07,Jurisdiction,Housing units (count),"HCD UNIT_CAT uses SFD, SFA, 2-4, 5+, ADU, and MH. The 2-4 category cannot be defensibly split into duplex versus 3-4-unit buildings from this source alone. Stage activity is counted only when the stage date is in the APR reporting year."
Vista,2021,Building Permit,Accessory dwelling unit,60.0,reported,HCD APR Table A2,2021,2026-10-07,Jurisdiction,Housing units (count),"HCD UNIT_CAT uses SFD, SFA, 2-4, 5+, ADU, and MH. The 2-4 category cannot be defensibly split into duplex versus 3-4-unit buildings from this source alone. Stage activity is counted only when the stage date is in the APR reporting year."
Vista,2021,Building Permit,Mobile home / manufactured home,0.0,reported,HCD APR Table A2,2021,2026-10-07,Jurisdiction,Housing units (count),"HCD UNIT_CAT uses SFD, SFA, 2-4, 5+, ADU, and MH. The 2-4 category cannot be defensibly split into duplex versus 3-4-unit buildings from this source alone. Stage activity is counted only when the stage date is in the APR reporting year."
Vista,2021,Building Permit,Other / source-reported,0.0,reported,HCD APR Table A2,2021,2026-10-07,Jurisdiction,Housing units (count),"HCD UNIT_CAT uses SFD, SFA, 2-4, 5+, ADU, and MH. The 2-4 category cannot be defensibly split into duplex versus 3-4-unit buildings from this source alone. Stage activity is counted only when the stage date is in the APR reporting year."
Vista,2021,Building Permit,Single-family attached,15.0,reported,HCD APR Table A2,2021,2026-10-07,Jurisdiction,Housing units (count),"HCD UNIT_CAT uses SFD, SFA, 2-4, 5+, ADU, and MH. The 2-4 category cannot be defensibly split into duplex versus 3-4-unit buildings from this source alone. Stage activity is counted only when the stage date is in the APR reporting year."
Vista,2021,Building Permit,Single-family detached,16.0,reported,HCD APR Table A2,2021,2026-10-07,Jurisdiction,Housing units (count),"HCD UNIT_CAT uses SFD, SFA, 2-4, 5+, ADU, and MH. The 2-4 category cannot be defensibly split into duplex versus 3-4-unit buildings from this source alone. Stage activity is counted only when the stage date is in the APR reporting year."
Vista,2021,Building Permit,Unknown / not reported,0.0,reported,HCD APR Table A2,2021,2026-10-07,Jurisdiction,Housing units (count),"HCD UNIT_CAT uses SFD, SFA, 2-4, 5+, ADU, and MH. The 2-4 category cannot be defensibly split into duplex versus 3-4-unit buildings from this source alone. Stage activity is counted only when the stage date is in the APR reporting year."
Vista,2021,Completion,2-4 unit building (combined),4.0,reported,HCD APR Table A2,2021,2026-10-07,Jurisdiction,Housing units (count),"HCD UNIT_CAT uses SFD, SFA, 2-4, 5+, ADU, and MH. The 2-4 category cannot be defensibly split into duplex versus 3-4-unit buildings from this source alone. Stage activity is counted only when the stage date is in the APR reporting year."
Vista,2021,Completion,5+ unit building,343.0,reported,HCD APR Table A2,2021,2026-10-07,Jurisdiction,Housing units (count),"HCD UNIT_CAT uses SFD, SFA, 2-4, 5+, ADU, and MH. The 2-4 category cannot be defensibly split into duplex versus 3-4-unit buildings from this source alone. Stage activity is counted only when the stage date is in the APR reporting year."
Vista,2021,Completion,Accessory dwelling unit,31.0,reported,HCD APR Table A2,2021,2026-10-07,Jurisdiction,Housing units (count),"HCD UNIT_CAT uses SFD, SFA, 2-4, 5+, ADU, and MH. The 2-4 category cannot be defensibly split into duplex versus 3-4-unit buildings from this source alone. Stage activity is counted only when the stage date is in the APR reporting year."
Vista,2021,Completion,Mobile home / manufactured home,1.0,reported,HCD APR Table A2,2021,2026-10-07,Jurisdiction,Housing units (count),"HCD UNIT_CAT uses SFD, SFA, 2-4, 5+, ADU, and MH. The 2-4 category cannot be defensibly split into duplex versus 3-4-unit buildings from this source alone. Stage activity is counted only when the stage date is in the APR reporting year."
Vista,2021,Completion,Other / source-reported,0.0,reported,HCD APR Table A2,2021,2026-10-07,Jurisdiction,Housing units (count),"HCD UNIT_CAT uses SFD, SFA, 2-4, 5+, ADU, and MH. The 2-4 category cannot be defensibly split into duplex versus 3-4-unit buildings from this source alone. Stage activity is counted only when the stage date is in the APR reporting year."
Vista,2021,Completion,Single-family attached,95.0,reported,HCD APR Table A2,2021,2026-10-07,Jurisdiction,Housing units (count),"HCD UNIT_CAT uses SFD, SFA, 2-4, 5+, ADU, and MH. The 2-4 category cannot be defensibly split into duplex versus 3-4-unit buildings from this source alone. Stage activity is counted only when the stage date is in the APR reporting year."
Vista,2021,Completion,Single-family detached,68.0,reported,HCD APR Table A2,2021,2026-10-07,Jurisdiction,Housing units (count),"HCD UNIT_CAT uses SFD, SFA, 2-4, 5+, ADU, and MH. The 2-4 category cannot be defensibly split into duplex versus 3-4-unit buildings from this source alone. Stage activity is counted only when the stage date is in the APR reporting year."
Vista,2021,Completion,Unknown / not reported,0.0,reported,HCD APR Table A2,2021,2026-10-07,Jurisdiction,Housing units (count),"HCD UNIT_CAT uses SFD, SFA, 2-4, 5+, ADU, and MH. The 2-4 category cannot be defensibly split into duplex versus 3-4-unit buildings from this source alone. Stage activity is counted only when the stage date is in the APR reporting year."
Vista,2022,Building Permit,2-4 unit building (combined),12.0,reported,HCD APR Table A2,2022,2026-10-07,Jurisdiction,Housing units (count),"HCD UNIT_CAT uses SFD, SFA, 2-4, 5+, ADU, and MH. The 2-4 category cannot be defensibly split into duplex versus 3-4-unit buildings from this source alone. Stage activity is counted only when the stage date is in the APR reporting year."
Vista,2022,Building Permit,5+ unit building,70.0,reported,HCD APR Table A2,2022,2026-10-07,Jurisdiction,Housing units (count),"HCD UNIT_CAT uses SFD, SFA, 2-4, 5+, ADU, and MH. The 2-4 category cannot be defensibly split into duplex versus 3-4-unit buildings from this source alone. Stage activity is counted only when the stage date is in the APR reporting year."
Vista,2022,Building Permit,Accessory dwelling unit,79.0,reported,HCD APR Table A2,2022,2026-10-07,Jurisdiction,Housing units (count),"HCD UNIT_CAT uses SFD, SFA, 2-4, 5+, ADU, and MH. The 2-4 category cannot be defensibly split into duplex versus 3-4-unit buildings from this source alone. Stage activity is counted only when the stage date is in the APR reporting year."
Vista,2022,Building Permit,Mobile home / manufactured home,0.0,reported,HCD APR Table A2,2022,2026-10-07,Jurisdiction,Housing units (count),"HCD UNIT_CAT uses SFD, SFA, 2-4, 5+, ADU, and MH. The 2-4 category cannot be defensibly split into duplex versus 3-4-unit buildings from this source alone. Stage activity is counted only when the stage date is in the APR reporting year."
Vista,2022,Building Permit,Other / source-reported,0.0,reported,HCD APR Table A2,2022,2026-10-07,Jurisdiction,Housing units (count),"HCD UNIT_CAT uses SFD, SFA, 2-4, 5+, ADU, and MH. The 2-4 category cannot be defensibly split into duplex versus 3-4-unit buildings from this source alone. Stage activity is counted only when the stage date is in the APR reporting year."
Vista,2022,Building Permit,Single-family attached,0.0,reported,HCD APR Table A2,2022,2026-10-07,Jurisdiction,Housing units (count),"HCD UNIT_CAT uses SFD, SFA, 2-4, 5+, ADU, and MH. The 2-4 category cannot be defensibly split into duplex versus 3-4-unit buildings from this source alone. Stage activity is counted only when the stage date is in the APR reporting year."
Vista,2022,Building Permit,Single-family detached,8.0,reported,HCD APR Table A2,2022,2026-10-07,Jurisdiction,Housing units (count),"HCD UNIT_CAT uses SFD, SFA, 2-4, 5+, ADU, and MH. The 2-4 category cannot be defensibly split into duplex versus 3-4-unit buildings from this source alone. Stage activity is counted only when the stage date is in the APR reporting year."
Vista,2022,Building Permit,Unknown / not reported,0.0,reported,HCD APR Table A2,2022,2026-10-07,Jurisdiction,Housing units (count),"HCD UNIT_CAT uses SFD, SFA, 2-4, 5+, ADU, and MH. The 2-4 category cannot be defensibly split into duplex versus 3-4-unit buildings from this source alone. Stage activity is counted only when the stage date is in the APR reporting year."
Vista,2022,Completion,2-4 unit building (combined),0.0,reported,HCD APR Table A2,2022,2026-10-07,Jurisdiction,Housing units (count),"HCD UNIT_CAT uses SFD, SFA, 2-4, 5+, ADU, and MH. The 2-4 category cannot be defensibly split into duplex versus 3-4-unit buildings from this source alone. Stage activity is counted only when the stage date is in the APR reporting year."
Vista,2022,Completion,5+ unit building,175.0,reported,HCD APR Table A2,2022,2026-10-07,Jurisdiction,Housing units (count),"HCD UNIT_CAT uses SFD, SFA, 2-4, 5+, ADU, and MH. The 2-4 category cannot be defensibly split into duplex versus 3-4-unit buildings from this source alone. Stage activity is counted only when the stage date is in the APR reporting year."
Vista,2022,Completion,Accessory dwelling unit,52.0,reported,HCD APR Table A2,2022,2026-10-07,Jurisdiction,Housing units (count),"HCD UNIT_CAT uses SFD, SFA, 2-4, 5+, ADU, and MH. The 2-4 category cannot be defensibly split into duplex versus 3-4-unit buildings from this source alone. Stage activity is counted only when the stage date is in the APR reporting year."
Vista,2022,Completion,Mobile home / manufactured home,2.0,reported,HCD APR Table A2,2022,2026-10-07,Jurisdiction,Housing units (count),"HCD UNIT_CAT uses SFD, SFA, 2-4, 5+, ADU, and MH. The 2-4 category cannot be defensibly split into duplex versus 3-4-unit buildings from this source alone. Stage activity is counted only when the stage date is in the APR reporting year."
Vista,2022,Completion,Other / source-reported,0.0,reported,HCD APR Table A2,2022,2026-10-07,Jurisdiction,Housing units (count),"HCD UNIT_CAT uses SFD, SFA, 2-4, 5+, ADU, and MH. The 2-4 category cannot be defensibly split into duplex versus 3-4-unit buildings from this source alone. Stage activity is counted only when the stage date is in the APR reporting year."
Vista,2022,Completion,Single-family attached,1.0,reported,HCD APR Table A2,2022,2026-10-07,Jurisdiction,Housing units (count),"HCD UNIT_CAT uses SFD, SFA, 2-4, 5+, ADU, and MH. The 2-4 category cannot be defensibly split into duplex versus 3-4-unit buildings from this source alone. Stage activity is counted only when the stage date is in the APR reporting year."
Vista,2022,Completion,Single-family detached,7.0,reported,HCD APR Table A2,2022,2026-10-07,Jurisdiction,Housing units (count),"HCD UNIT_CAT uses SFD, SFA, 2-4, 5+, ADU, and MH. The 2-4 category cannot be defensibly split into duplex versus 3-4-unit buildings from this source alone. Stage activity is counted only when the stage date is in the APR reporting year."
Vista,2022,Completion,Unknown / not reported,0.0,reported,HCD APR Table A2,2022,2026-10-07,Jurisdiction,Housing units (count),"HCD UNIT_CAT uses SFD, SFA, 2-4, 5+, ADU, and MH. The 2-4 category cannot be defensibly split into duplex versus 3-4-unit buildings from this source alone. Stage activity is counted only when the stage date is in the APR reporting year."
Vista,2023,Building Permit,2-4 unit building (combined),11.0,reported,HCD APR Table A2,2023,2026-10-07,Jurisdiction,Housing units (count),"HCD UNIT_CAT uses SFD, SFA, 2-4, 5+, ADU, and MH. The 2-4 category cannot be defensibly split into duplex versus 3-4-unit buildings from this source alone. Stage activity is counted only when the stage date is in the APR reporting year."
Vista,2023,Building Permit,5+ unit building,94.0,reported,HCD APR Table A2,2023,2026-10-07,Jurisdiction,Housing units (count),"HCD UNIT_CAT uses SFD, SFA, 2-4, 5+, ADU, and MH. The 2-4 category cannot be defensibly split into duplex versus 3-4-unit buildings from this source alone. Stage activity is counted only when the stage date is in the APR reporting year."
Vista,2023,Building Permit,Accessory dwelling unit,103.0,reported,HCD APR Table A2,2023,2026-10-07,Jurisdiction,Housing units (count),"HCD UNIT_CAT uses SFD, SFA, 2-4, 5+, ADU, and MH. The 2-4 category cannot be defensibly split into duplex versus 3-4-unit buildings from this source alone. Stage activity is counted only when the stage date is in the APR reporting year."
Vista,2023,Building Permit,Mobile home / manufactured home,0.0,reported,HCD APR Table A2,2023,2026-10-07,Jurisdiction,Housing units (count),"HCD UNIT_CAT uses SFD, SFA, 2-4, 5+, ADU, and MH. The 2-4 category cannot be defensibly split into duplex versus 3-4-unit buildings from this source alone. Stage activity is counted only when the stage date is in the APR reporting year."
Vista,2023,Building Permit,Other / source-reported,0.0,reported,HCD APR Table A2,2023,2026-10-07,Jurisdiction,Housing units (count),"HCD UNIT_CAT uses SFD, SFA, 2-4, 5+, ADU, and MH. The 2-4 category cannot be defensibly split into duplex versus 3-4-unit buildings from this source alone. Stage activity is counted only when the stage date is in the APR reporting year."
Vista,2023,Building Permit,Single-family attached,0.0,reported,HCD APR Table A2,2023,2026-10-07,Jurisdiction,Housing units (count),"HCD UNIT_CAT uses SFD, SFA, 2-4, 5+, ADU, and MH. The 2-4 category cannot be defensibly split into duplex versus 3-4-unit buildings from this source alone. Stage activity is counted only when the stage date is in the APR reporting year."
Vista,2023,Building Permit,Single-family detached,31.0,reported,HCD APR Table A2,2023,2026-10-07,Jurisdiction,Housing units (count),"HCD UNIT_CAT uses SFD, SFA, 2-4, 5+, ADU, and MH. The 2-4 category cannot be defensibly split into duplex versus 3-4-unit buildings from this source alone. Stage activity is counted only when the stage date is in the APR reporting year."
Vista,2023,Building Permit,Unknown / not reported,0.0,reported,HCD APR Table A2,2023,2026-10-07,Jurisdiction,Housing units (count),"HCD UNIT_CAT uses SFD, SFA, 2-4, 5+, ADU, and MH. The 2-4 category cannot be defensibly split into duplex versus 3-4-unit buildings from this source alone. Stage activity is counted only when the stage date is in the APR reporting year."
Vista,2023,Completion,2-4 unit building (combined),8.0,reported,HCD APR Table A2,2023,2026-10-07,Jurisdiction,Housing units (count),"HCD UNIT_CAT uses SFD, SFA, 2-4, 5+, ADU, and MH. The 2-4 category cannot be defensibly split into duplex versus 3-4-unit buildings from this source alone. Stage activity is counted only when the stage date is in the APR reporting year."
Vista,2023,Completion,5+ unit building,11.0,reported,HCD APR Table A2,2023,2026-10-07,Jurisdiction,Housing units (count),"HCD UNIT_CAT uses SFD, SFA, 2-4, 5+, ADU, and MH. The 2-4 category cannot be defensibly split into duplex versus 3-4-unit buildings from this source alone. Stage activity is counted only when the stage date is in the APR reporting year."
Vista,2023,Completion,Accessory dwelling unit,41.0,reported,HCD APR Table A2,2023,2026-10-07,Jurisdiction,Housing units (count),"HCD UNIT_CAT uses SFD, SFA, 2-4, 5+, ADU, and MH. The 2-4 category cannot be defensibly split into duplex versus 3-4-unit buildings from this source alone. Stage activity is counted only when the stage date is in the APR reporting year."
Vista,2023,Completion,Mobile home / manufactured home,0.0,reported,HCD APR Table A2,2023,2026-10-07,Jurisdiction,Housing units (count),"HCD UNIT_CAT uses SFD, SFA, 2-4, 5+, ADU, and MH. The 2-4 category cannot be defensibly split into duplex versus 3-4-unit buildings from this source alone. Stage activity is counted only when the stage date is in the APR reporting year."
Vista,2023,Completion,Other / source-reported,0.0,reported,HCD APR Table A2,2023,2026-10-07,Jurisdiction,Housing units (count),"HCD UNIT_CAT uses SFD, SFA, 2-4, 5+, ADU, and MH. The 2-4 category cannot be defensibly split into duplex versus 3-4-unit buildings from this source alone. Stage activity is counted only when the stage date is in the APR reporting year."
Vista,2023,Completion,Single-family attached,0.0,reported,HCD APR Table A2,2023,2026-10-07,Jurisdiction,Housing units (count),"HCD UNIT_CAT uses SFD, SFA, 2-4, 5+, ADU, and MH. The 2-4 category cannot be defensibly split into duplex versus 3-4-unit buildings from this source alone. Stage activity is counted only when the stage date is in the APR reporting year."
Vista,2023,Completion,Single-family detached,7.0,reported,HCD APR Table A2,2023,2026-10-07,Jurisdiction,Housing units (count),"HCD UNIT_CAT uses SFD, SFA, 2-4, 5+, ADU, and MH. The 2-4 category cannot be defensibly split into duplex versus 3-4-unit buildings from this source alone. Stage activity is counted only when the stage date is in the APR reporting year."
Vista,2023,Completion,Unknown / not reported,0.0,reported,HCD APR Table A2,2023,2026-10-07,Jurisdiction,Housing units (count),"HCD UNIT_CAT uses SFD, SFA, 2-4, 5+, ADU, and MH. The 2-4 category cannot be defensibly split into duplex versus 3-4-unit buildings from this source alone. Stage activity is counted only when the stage date is in the APR reporting year."
Vista,2024,Building Permit,2-4 unit building (combined),12.0,reported,HCD APR Table A2,2024,2026-10-07,Jurisdiction,Housing units (count),"HCD UNIT_CAT uses SFD, SFA, 2-4, 5+, ADU, and MH. The 2-4 category cannot be defensibly split into duplex versus 3-4-unit buildings from this source alone. Stage activity is counted only when the stage date is in the APR reporting year."
Vista,2024,Building Permit,5+ unit building,27.0,reported,HCD APR Table A2,2024,2026-10-07,Jurisdiction,Housing units (count),"HCD UNIT_CAT uses SFD, SFA, 2-4, 5+, ADU, and MH. The 2-4 category cannot be defensibly split into duplex versus 3-4-unit buildings from this source alone. Stage activity is counted only when the stage date is in the APR reporting year."
Vista,2024,Building Permit,Accessory dwelling unit,131.0,reported,HCD APR Table A2,2024,2026-10-07,Jurisdiction,Housing units (count),"HCD UNIT_CAT uses SFD, SFA, 2-4, 5+, ADU, and MH. The 2-4 category cannot be defensibly split into duplex versus 3-4-unit buildings from this source alone. Stage activity is counted only when the stage date is in the APR reporting year."
Vista,2024,Building Permit,Mobile home / manufactured home,0.0,reported,HCD APR Table A2,2024,2026-10-07,Jurisdiction,Housing units (count),"HCD UNIT_CAT uses SFD, SFA, 2-4, 5+, ADU, and MH. The 2-4 category cannot be defensibly split into duplex versus 3-4-unit buildings from this source alone. Stage activity is counted only when the stage date is in the APR reporting year."
Vista,2024,Building Permit,Other / source-reported,0.0,reported,HCD APR Table A2,2024,2026-10-07,Jurisdiction,Housing units (count),"HCD UNIT_CAT uses SFD, SFA, 2-4, 5+, ADU, and MH. The 2-4 category cannot be defensibly split into duplex versus 3-4-unit buildings from this source alone. Stage activity is counted only when the stage date is in the APR reporting year."
Vista,2024,Building Permit,Single-family attached,1.0,reported,HCD APR Table A2,2024,2026-10-07,Jurisdiction,Housing units (count),"HCD UNIT_CAT uses SFD, SFA, 2-4, 5+, ADU, and MH. The 2-4 category cannot be defensibly split into duplex versus 3-4-unit buildings from this source alone. Stage activity is counted only when the stage date is in the APR reporting year."
Vista,2024,Building Permit,Single-family detached,47.0,reported,HCD APR Table A2,2024,2026-10-07,Jurisdiction,Housing units (count),"HCD UNIT_CAT uses SFD, SFA, 2-4, 5+, ADU, and MH. The 2-4 category cannot be defensibly split into duplex versus 3-4-unit buildings from this source alone. Stage activity is counted only when the stage date is in the APR reporting year."
Vista,2024,Building Permit,Unknown / not reported,0.0,reported,HCD APR Table A2,2024,2026-10-07,Jurisdiction,Housing units (count),"HCD UNIT_CAT uses SFD, SFA, 2-4, 5+, ADU, and MH. The 2-4 category cannot be defensibly split into duplex versus 3-4-unit buildings from this source alone. Stage activity is counted only when the stage date is in the APR reporting year."
Vista,2024,Completion,2-4 unit building (combined),12.0,reported,HCD APR Table A2,2024,2026-10-07,Jurisdiction,Housing units (count),"HCD UNIT_CAT uses SFD, SFA, 2-4, 5+, ADU, and MH. The 2-4 category cannot be defensibly split into duplex versus 3-4-unit buildings from this source alone. Stage activity is counted only when the stage date is in the APR reporting year."
Vista,2024,Completion,5+ unit building,103.0,reported,HCD APR Table A2,2024,2026-10-07,Jurisdiction,Housing units (count),"HCD UNIT_CAT uses SFD, SFA, 2-4, 5+, ADU, and MH. The 2-4 category cannot be defensibly split into duplex versus 3-4-unit buildings from this source alone. Stage activity is counted only when the stage date is in the APR reporting year."
Vista,2024,Completion,Accessory dwelling unit,61.0,reported,HCD APR Table A2,2024,2026-10-07,Jurisdiction,Housing units (count),"HCD UNIT_CAT uses SFD, SFA, 2-4, 5+, ADU, and MH. The 2-4 category cannot be defensibly split into duplex versus 3-4-unit buildings from this source alone. Stage activity is counted only when the stage date is in the APR reporting year."
Vista,2024,Completion,Mobile home / manufactured home,0.0,reported,HCD APR Table A2,2024,2026-10-07,Jurisdiction,Housing units (count),"HCD UNIT_CAT uses SFD, SFA, 2-4, 5+, ADU, and MH. The 2-4 category cannot be defensibly split into duplex versus 3-4-unit buildings from this source alone. Stage activity is counted only when the stage date is in the APR reporting year."
Vista,2024,Completion,Other / source-reported,0.0,reported,HCD APR Table A2,2024,2026-10-07,Jurisdiction,Housing units (count),"HCD UNIT_CAT uses SFD, SFA, 2-4, 5+, ADU, and MH. The 2-4 category cannot be defensibly split into duplex versus 3-4-unit buildings from this source alone. Stage activity is counted only when the stage date is in the APR reporting year."
Vista,2024,Completion,Single-family attached,0.0,reported,HCD APR Table A2,2024,2026-10-07,Jurisdiction,Housing units (count),"HCD UNIT_CAT uses SFD, SFA, 2-4, 5+, ADU, and MH. The 2-4 category cannot be defensibly split into duplex versus 3-4-unit buildings from this source alone. Stage activity is counted only when the stage date is in the APR reporting year."
Vista,2024,Completion,Single-family detached,45.0,reported,HCD APR Table A2,2024,2026-10-07,Jurisdiction,Housing units (count),"HCD UNIT_CAT uses SFD, SFA, 2-4, 5+, ADU, and MH. The 2-4 category cannot be defensibly split into duplex versus 3-4-unit buildings from this source alone. Stage activity is counted only when the stage date is in the APR reporting year."
Vista,2024,Completion,Unknown / not reported,0.0,reported,HCD APR Table A2,2024,2026-10-07,Jurisdiction,Housing units (count),"HCD UNIT_CAT uses SFD, SFA, 2-4, 5+, ADU, and MH. The 2-4 category cannot be defensibly split into duplex versus 3-4-unit buildings from this source alone. Stage activity is counted only when the stage date is in the APR reporting year."
Vista,2025,Building Permit,2-4 unit building (combined),12.0,reported,HCD APR Table A2,2025,2026-10-07,Jurisdiction,Housing units (count),"HCD UNIT_CAT uses SFD, SFA, 2-4, 5+, ADU, and MH. The 2-4 category cannot be defensibly split into duplex versus 3-4-unit buildings from this source alone. Stage activity is counted only when the stage date is in the APR reporting year."
Vista,2025,Building Permit,5+ unit building,36.0,reported,HCD APR Table A2,2025,2026-10-07,Jurisdiction,Housing units (count),"HCD UNIT_CAT uses SFD, SFA, 2-4, 5+, ADU, and MH. The 2-4 category cannot be defensibly split into duplex versus 3-4-unit buildings from this source alone. Stage activity is counted only when the stage date is in the APR reporting year."
Vista,2025,Building Permit,Accessory dwelling unit,100.0,reported,HCD APR Table A2,2025,2026-10-07,Jurisdiction,Housing units (count),"HCD UNIT_CAT uses SFD, SFA, 2-4, 5+, ADU, and MH. The 2-4 category cannot be defensibly split into duplex versus 3-4-unit buildings from this source alone. Stage activity is counted only when the stage date is in the APR reporting year."
Vista,2025,Building Permit,Mobile home / manufactured home,0.0,reported,HCD APR Table A2,2025,2026-10-07,Jurisdiction,Housing units (count),"HCD UNIT_CAT uses SFD, SFA, 2-4, 5+, ADU, and MH. The 2-4 category cannot be defensibly split into duplex versus 3-4-unit buildings from this source alone. Stage activity is counted only when the stage date is in the APR reporting year."
Vista,2025,Building Permit,Other / source-reported,0.0,reported,HCD APR Table A2,2025,2026-10-07,Jurisdiction,Housing units (count),"HCD UNIT_CAT uses SFD, SFA, 2-4, 5+, ADU, and MH. The 2-4 category cannot be defensibly split into duplex versus 3-4-unit buildings from this source alone. Stage activity is counted only when the stage date is in the APR reporting year."
Vista,2025,Building Permit,Single-family attached,4.0,reported,HCD APR Table A2,2025,2026-10-07,Jurisdiction,Housing units (count),"HCD UNIT_CAT uses SFD, SFA, 2-4, 5+, ADU, and MH. The 2-4 category cannot be defensibly split into duplex versus 3-4-unit buildings from this source alone. Stage activity is counted only when the stage date is in the APR reporting year."
Vista,2025,Building Permit,Single-family detached,37.0,reported,HCD APR Table A2,2025,2026-10-07,Jurisdiction,Housing units (count),"HCD UNIT_CAT uses SFD, SFA, 2-4, 5+, ADU, and MH. The 2-4 category cannot be defensibly split into duplex versus 3-4-unit buildings from this source alone. Stage activity is counted only when the stage date is in the APR reporting year."
Vista,2025,Building Permit,Unknown / not reported,0.0,reported,HCD APR Table A2,2025,2026-10-07,Jurisdiction,Housing units (count),"HCD UNIT_CAT uses SFD, SFA, 2-4, 5+, ADU, and MH. The 2-4 category cannot be defensibly split into duplex versus 3-4-unit buildings from this source alone. Stage activity is counted only when the stage date is in the APR reporting year."
Vista,2025,Completion,2-4 unit building (combined),4.0,reported,HCD APR Table A2,2025,2026-10-07,Jurisdiction,Housing units (count),"HCD UNIT_CAT uses SFD, SFA, 2-4, 5+, ADU, and MH. The 2-4 category cannot be defensibly split into duplex versus 3-4-unit buildings from this source alone. Stage activity is counted only when the stage date is in the APR reporting year."
Vista,2025,Completion,5+ unit building,77.0,reported,HCD APR Table A2,2025,2026-10-07,Jurisdiction,Housing units (count),"HCD UNIT_CAT uses SFD, SFA, 2-4, 5+, ADU, and MH. The 2-4 category cannot be defensibly split into duplex versus 3-4-unit buildings from this source alone. Stage activity is counted only when the stage date is in the APR reporting year."
Vista,2025,Completion,Accessory dwelling unit,100.0,reported,HCD APR Table A2,2025,2026-10-07,Jurisdiction,Housing units (count),"HCD UNIT_CAT uses SFD, SFA, 2-4, 5+, ADU, and MH. The 2-4 category cannot be defensibly split into duplex versus 3-4-unit buildings from this source alone. Stage activity is counted only when the stage date is in the APR reporting year."
Vista,2025,Completion,Mobile home / manufactured home,0.0,reported,HCD APR Table A2,2025,2026-10-07,Jurisdiction,Housing units (count),"HCD UNIT_CAT uses SFD, SFA, 2-4, 5+, ADU, and MH. The 2-4 category cannot be defensibly split into duplex versus 3-4-unit buildings from this source alone. Stage activity is counted only when the stage date is in the APR reporting year."
Vista,2025,Completion,Other / source-reported,0.0,reported,HCD APR Table A2,2025,2026-10-07,Jurisdiction,Housing units (count),"HCD UNIT_CAT uses SFD, SFA, 2-4, 5+, ADU, and MH. The 2-4 category cannot be defensibly split into duplex versus 3-4-unit buildings from this source alone. Stage activity is counted only when the stage date is in the APR reporting year."
Vista,2025,Completion,Single-family attached,0.0,reported,HCD APR Table A2,2025,2026-10-07,Jurisdiction,Housing units (count),"HCD UNIT_CAT uses SFD, SFA, 2-4, 5+, ADU, and MH. The 2-4 category cannot be defensibly split into duplex versus 3-4-unit buildings from this source alone. Stage activity is counted only when the stage date is in the APR reporting year."
Vista,2025,Completion,Single-family detached,23.0,reported,HCD APR Table A2,2025,2026-10-07,Jurisdiction,Housing units (count),"HCD UNIT_CAT uses SFD, SFA, 2-4, 5+, ADU, and MH. The 2-4 category cannot be defensibly split into duplex versus 3-4-unit buildings from this source alone. Stage activity is counted only when the stage date is in the APR reporting year."
Vista,2025,Completion,Unknown / not reported,0.0,reported,HCD APR Table A2,2025,2026-10-07,Jurisdiction,Housing units (count),"HCD UNIT_CAT uses SFD, SFA, 2-4, 5+, ADU, and MH. The 2-4 category cannot be defensibly split into duplex versus 3-4-unit buildings from this source alone. Stage activity is counted only when the stage date is in the APR reporting year."
